id,activity,application,application_id,attachments,author.accent_color,author.avatar,author.avatar_decoration_data,author.banner,author.banner_color,author.clan,author.collectibles,author.discriminator,author.display_name_styles,author.flags,author.global_name,author.id,author.primary_guild,author.public_flags,author.username,call,channel_id,components,content,date,edited_timestamp,embeds,flags,interaction,mention_channels,mention_everyone,mentions,mentions.0.accent_color,mentions.0.avatar,mentions.0.avatar_decoration_data,mentions.0.banner,mentions.0.banner_color,mentions.0.clan,mentions.0.collectibles,mentions.0.discriminator,mentions.0.display_name_styles,mentions.0.flags,mentions.0.global_name,mentions.0.id,mentions.0.primary_guild,mentions.0.public_flags,mentions.0.username,mentions.1.accent_color,mentions.1.avatar,mentions.1.avatar_decoration_data,mentions.1.banner,mentions.1.banner_color,mentions.1.clan,mentions.1.collectibles,mentions.1.discriminator,mentions.1.display_name_styles,mentions.1.flags,mentions.1.global_name,mentions.1.id,mentions.1.primary_guild,mentions.1.public_flags,mentions.1.username,mentions.2.accent_color,mentions.2.avatar,mentions.2.avatar_decoration_data,mentions.2.banner,mentions.2.banner_color,mentions.2.clan,mentions.2.collectibles,mentions.2.discriminator,mentions.2.display_name_styles,mentions.2.flags,mentions.2.global_name,mentions.2.id,mentions.2.primary_guild,mentions.2.public_flags,mentions.2.username,mentions.3.accent_color,mentions.3.avatar,mentions.3.avatar_decoration_data,mentions.3.banner,mentions.3.banner_color,mentions.3.clan,mentions.3.collectibles,mentions.3.discriminator,mentions.3.display_name_styles,mentions.3.flags,mentions.3.global_name,mentions.3.id,mentions.3.primary_guild,mentions.3.public_flags,mentions.3.username,mentions.4.accent_color,mentions.4.avatar,mentions.4.avatar_decoration_data,mentions.4.banner,mentions.4.banner_color,mentions.4.clan,mentions.4.collectibles,mentions.4.discriminator,mentions.4.display_name_styles,mentions.4.flags,mentions.4.global_name,mentions.4.id,mentions.4.primary_guild,mentions.4.public_flags,mentions.4.username,message_reference,message_reference.channel_id,message_reference.guild_id,message_reference.message_id,message_reference.type,nonce,pinned,position,reactions,reactions.0.burst_colors,reactions.0.burst_count,reactions.0.burst_me,reactions.0.count,reactions.0.count_details.burst,reactions.0.count_details.normal,reactions.0.emoji.id,reactions.0.emoji.name,reactions.0.me,reactions.0.me_burst,referenced_message,resolved,role_subscription_data,sticker_items,stickers,thread,thread.bitrate,thread.flags,thread.guild_id,thread.id,thread.last_message_id,thread.member_count,thread.member_ids_preview.0,thread.member_ids_preview.1,thread.message_count,thread.name,thread.owner_id,thread.parent_id,thread.rate_limit_per_user,thread.rtc_region,thread.thread_metadata.archive_timestamp,thread.thread_metadata.archived,thread.thread_metadata.auto_archive_duration,thread.thread_metadata.create_timestamp,thread.thread_metadata.locked,thread.total_message_sent,thread.type,thread.user_limit,timestamp,tts,type,userName,webhook_id
1081478345415462963,,,,,,e7b2142c8e29f794f4d81eb360d57221,,,,,,0,,0,Streameast Bartender,263577791105073152,,0,dannydelito.,,1081350924431270070,,Justin and I outside,2023-03-04T07:28:50.443Z,,,0,,,false,,,,,,,,,,,,,,,,,,,,,,,,,,,,,,,,,,,,,,,,,,,,,,,,,,,,,,,,,,,,,,,,,,,,,,,,,,,,,,,,,,,false,33,,,,,,,,,,,,,,,,,,,,,,,,,,,,,,,,,,,,,,,,2023-03-04T07:28:50.443000+00:00,false,0,dannydelito.,
1081478322510376971,,,,,,e7b2142c8e29f794f4d81eb360d57221,,,,,,0,,0,Streameast Bartender,263577791105073152,,0,dannydelito.,,1081350924431270070,,Wya,2023-03-04T07:28:44.982Z,,,0,,,false,,,,,,,,,,,,,,,,,,,,,,,,,,,,,,,,,,,,,,,,,,,,,,,,,,,,,,,,,,,,,,,,,,,,,,,,,,,,,,,,,,,false,32,,,,,,,,,,,,,,,,,,,,,,,,,,,,,,,,,,,,,,,,2023-03-04T07:28:44.982000+00:00,false,0,dannydelito.,
1081436188545650788,,,,,,42595d65ea5f89086c8b516f56203bbf,,,,,,0,,0,Justin,189534213391908865,,0,skiup,,1081350924431270070,,it’s packed in here,2023-03-04T04:41:19.462Z,,,0,,,false,,,,,,,,,,,,,,,,,,,,,,,,,,,,,,,,,,,,,,,,,,,,,,,,,,,,,,,,,,,,,,,,,,,,,,,,,,,,,,,,,,,false,31,,,,,,,,,,,,,,,,,,,,,,,,,,,,,,,,,,,,,,,,2023-03-04T04:41:19.462000+00:00,false,0,skiup,
1081436062804623411,,,,,,28912437e0390d34d050af4b1a730171,,,,,,0,,0,Virmel,208425244128444418,,0,virmel,,1081350924431270070,,i was just trying to park as close to taku as possible,2023-03-04T04:40:49.483Z,,,0,,,false,,,,,,,,,,,,,,,,,,,,,,,,,,,,,,,,,,,,,,,,,,,,,,,,,,,,,,,,,,,,,,,,,,,,,,,,,,,,,,,,,,,false,30,,,,,,,,,,,,,,,,,,,,,,,,,,,,,,,,,,,,,,,,2023-03-04T04:40:49.483000+00:00,false,0,virmel,
1081436016017166336,,,,,,28912437e0390d34d050af4b1a730171,,,,,,0,,0,Virmel,208425244128444418,,0,virmel,,1081350924431270070,,i guess that’s not _that_ bad,2023-03-04T04:40:38.328Z,,,0,,,false,,,,,,,,,,,,,,,,,,,,,,,,,,,,,,,,,,,,,,,,,,,,,,,,,,,,,,,,,,,,,,,,,,,,,,,,,,,,,,,,,,,false,29,,,,,,,,,,,,,,,,,,,,,,,,,,,,,,,,,,,,,,,,2023-03-04T04:40:38.328000+00:00,false,0,virmel,
1081435942553915453,,,,,,28912437e0390d34d050af4b1a730171,,,,,,0,,0,Virmel,208425244128444418,,0,virmel,,1081350924431270070,,parked sorta near whole foods,2023-03-04T04:40:20.813Z,,,0,,,false,,,,,,,,,,,,,,,,,,,,,,,,,,,,,,,,,,,,,,,,,,,,,,,,,,,,,,,,,,,,,,,,,,,,,,,,,,,,,,,,,,,false,28,,,,,,,,,,,,,,,,,,,,,,,,,,,,,,,,,,,,,,,,2023-03-04T04:40:20.813000+00:00,false,0,virmel,
1081435890959781929,,,,,,28912437e0390d34d050af4b1a730171,,,,,,0,,0,Virmel,208425244128444418,,0,virmel,,1081350924431270070,,none i could find in cap hill,2023-03-04T04:40:08.512Z,,,0,,,false,,,,,,,,,,,,,,,,,,,,,,,,,,,,,,,,,,,,,,,,,,,,,,,,,,,,,,,,,,,,,,,,,,,,,,,,,,,,,,,,,,,false,27,,,,,,,,,,,,,,,,,,,,,,,,,,,,,,,,,,,,,,,,2023-03-04T04:40:08.512000+00:00,false,0,virmel,
1081434992300793896,,,,,,42595d65ea5f89086c8b516f56203bbf,,,,,,0,,0,Justin,189534213391908865,,0,skiup,,1081350924431270070,,how bad,2023-03-04T04:36:34.255Z,,,0,,,false,,,,,,,,,,,,,,,,,,,,,,,,,,,,,,,,,,,,,,,,,,,,,,,,,,,,,,,,,,,,,,,,,,,,,,,,,,,,,,,,,,,false,26,,,,,,,,,,,,,,,,,,,,,,,,,,,,,,,,,,,,,,,,2023-03-04T04:36:34.255000+00:00,false,0,skiup,
1081434546786013254,,,,,,28912437e0390d34d050af4b1a730171,,,,,,0,,0,Virmel,208425244128444418,,0,virmel,,1081350924431270070,,omfg this is bad,2023-03-04T04:34:48.036Z,,,0,,,false,,,,,,,,,,,,,,,,,,,,,,,,,,,,,,,,,,,,,,,,,,,,,,,,,,,,,,,,,,,,,,,,,,,,,,,,,,,,,,,,,,,false,25,,,,,,,,,,,,,,,,,,,,,,,,,,,,,,,,,,,,,,,,2023-03-04T04:34:48.036000+00:00,false,0,virmel,
1081426146962440273,,,,,,2f6ca3c05030fc9aab3c3d5ba3ef8d3a,,,,,,0,,0,Jerred,160509172704739328,,0,sjerred,,1081350924431270070,,💀,2023-03-04T04:01:25.362Z,,,0,,,false,,,,,,,,,,,,,,,,,,,,,,,,,,,,,,,,,,,,,,,,,,,,,,,,,,,,,,,,,,,,,,,,,,,,,,,,,,,,,,,,,,,false,24,,,,,,,,,,,,,,,,,,,,,,,,,,,,,,,,,,,,,,,,2023-03-04T04:01:25.362000+00:00,false,0,sjerred,
1081426129195380926,,,,,,2f6ca3c05030fc9aab3c3d5ba3ef8d3a,,,,,,0,,0,Jerred,160509172704739328,,0,sjerred,,1081350924431270070,,i hate cap hill,2023-03-04T04:01:21.126Z,,,0,,,false,,,,,,,,,,,,,,,,,,,,,,,,,,,,,,,,,,,,,,,,,,,,,,,,,,,,,,,,,,,,,,,,,,,,,,,,,,,,,,,,,,,false,23,,,,,,,,,,,,,,,,,,,,,,,,,,,,,,,,,,,,,,,,2023-03-04T04:01:21.126000+00:00,false,0,sjerred,
1081426117589737552,,,,,,2f6ca3c05030fc9aab3c3d5ba3ef8d3a,,,,,,0,,0,Jerred,160509172704739328,,0,sjerred,,1081350924431270070,,omg,2023-03-04T04:01:18.359Z,,,0,,,false,,,,,,,,,,,,,,,,,,,,,,,,,,,,,,,,,,,,,,,,,,,,,,,,,,,,,,,,,,,,,,,,,,,,,,,,,,,,,,,,,,,false,22,,,,,,,,,,,,,,,,,,,,,,,,,,,,,,,,,,,,,,,,2023-03-04T04:01:18.359000+00:00,false,0,sjerred,
1081425744833548370,,,,,,28912437e0390d34d050af4b1a730171,,,,,,0,,0,Virmel,208425244128444418,,0,virmel,,1081350924431270070,,leaving my place rn,2023-03-04T03:59:49.487Z,,,0,,,false,,,,,,,,,,,,,,,,,,,,,,,,,,,,,,,,,,,,,,,,,,,,,,,,,,,,,,,,,,,,,,,,,,,,,,,,,,,,,,,,,,,false,21,,,,,,,,,,,,,,,,,,,,,,,,,,,,,,,,,,,,,,,,2023-03-04T03:59:49.487000+00:00,false,0,virmel,
1081425690542493716,,,,,,28912437e0390d34d050af4b1a730171,,,,,,0,,0,Virmel,208425244128444418,,0,virmel,,1081350924431270070,,cap hill,2023-03-04T03:59:36.543Z,,,0,,,false,,,,,,,,,,,,,,,,,,,,,,,,,,,,,,,,,,,,,,,,,,,,,,,,,,,,,,,,,,,,,,,,,,,,,,,,,,,,,,,,,,,false,20,,,,,,,,,,,,,,,,,,,,,,,,,,,,,,,,,,,,,,,,2023-03-04T03:59:36.543000+00:00,false,0,virmel,
1081425683030491156,,,,,,28912437e0390d34d050af4b1a730171,,,,,,0,,0,Virmel,208425244128444418,,0,virmel,,1081350924431270070,,Taku,2023-03-04T03:59:34.752Z,,,0,,,false,,,,,,,,,,,,,,,,,,,,,,,,,,,,,,,,,,,,,,,,,,,,,,,,,,,,,,,,,,,,,,,,,,,,,,,,,,,,,,,,,,,false,19,,,,,,,,,,,,,,,,,,,,,,,,,,,,,,,,,,,,,,,,2023-03-04T03:59:34.752000+00:00,false,0,virmel,
1081425624125673534,,,,,,28912437e0390d34d050af4b1a730171,,,,,,0,,0,Virmel,208425244128444418,,0,virmel,,1081350924431270070,,what,2023-03-04T03:59:20.708Z,,,0,,,false,,,,,,,,,,,,,,,,,,,,,,,,,,,,,,,,,,,,,,,,,,,,,,,,,,,,,,,,,,,,,,,,,,,,,,,,,,,,,,,,,,,false,18,,,,,,,,,,,,,,,,,,,,,,,,,,,,,,,,,,,,,,,,2023-03-04T03:59:20.708000+00:00,false,0,virmel,
1081425375214719037,,,,,,2f6ca3c05030fc9aab3c3d5ba3ef8d3a,,,,,,0,,0,Jerred,160509172704739328,,0,sjerred,,1081350924431270070,,where are we going?,2023-03-04T03:58:21.363Z,,,0,,,false,,,,,,,,,,,,,,,,,,,,,,,,,,,,,,,,,,,,,,,,,,,,,,,,,,,,,,,,,,,,,,,,,,,,,,,,,,,,,,,,,,,false,17,,,,,,,,,,,,,,,,,,,,,,,,,,,,,,,,,,,,,,,,2023-03-04T03:58:21.363000+00:00,false,0,sjerred,
1081372258431422474,,,,,,28912437e0390d34d050af4b1a730171,,,,,,0,,0,Virmel,208425244128444418,,0,virmel,,1081350924431270070,,ill try not to do the thing where i say 8:30 then be there at like 9,2023-03-04T00:27:17.335Z,,,0,,,false,,,,,,,,,,,,,,,,,,,,,,,,,,,,,,,,,,,,,,,,,,,,,,,,,,,,,,,,,,,,,,,,,,,,,,,,,,,,,,,,,,,false,16,,,,,,,,,,,,,,,,,,,,,,,,,,,,,,,,,,,,,,,,2023-03-04T00:27:17.335000+00:00,false,0,virmel,
1081372224528851004,,,,,,42595d65ea5f89086c8b516f56203bbf,,,,,,0,,0,Justin,189534213391908865,,0,skiup,,1081350924431270070,,Taku at 8:30 sounds good,2023-03-04T00:27:09.252Z,,,0,,,false,,,,,,,,,,,,,,,,,,,,,,,,,,,,,,,,,,,,,,,,,,,,,,,,,,,,,,,,,,,,,,,,,,,,,,,,,,,,,,,,,,,false,15,,,,,,,,,,,,,,,,,,,,,,,,,,,,,,,,,,,,,,,,2023-03-04T00:27:09.252000+00:00,false,0,skiup,
1081372153359908924,,,,,,28912437e0390d34d050af4b1a730171,,,,,,0,,0,Virmel,208425244128444418,,0,virmel,,1081350924431270070,,ok ill be there at 8:30,2023-03-04T00:26:52.284Z,,,0,,,false,,,,,,,,,,,,,,,,,,,,,,,,,,,,,,,,,,,,,,,,,,,,,,,,,,,,,,,,,,,,,,,,,,,,,,,,,,,,,,,,,,,false,14,,,,,,,,,,,,,,,,,,,,,,,,,,,,,,,,,,,,,,,,2023-03-04T00:26:52.284000+00:00,false,0,virmel,
1081372095608541214,,,,,,28912437e0390d34d050af4b1a730171,,,,,,0,,0,Virmel,208425244128444418,,0,virmel,,1081350924431270070,,I wish,2023-03-04T00:26:38.515Z,,,0,,,false,,,2f6ca3c05030fc9aab3c3d5ba3ef8d3a,,,,,,0,,0,Jerred,160509172704739328,,0,sjerred,,,,,,,,,,,,,,,,,,,,,,,,,,,,,,,,,,,,,,,,,,,,,,,,,,,,,,,,,,,,,,1081350924431270070,208425771172102144,1081368915634036776,0,,false,13,,,,,,,,,,,,,,,,,,,,,,,,,,,,,,,,,,,,,,,,2023-03-04T00:26:38.515000+00:00,false,19,virmel,
1081369103220101190,,,,,,42595d65ea5f89086c8b516f56203bbf,,,,,,0,,0,Justin,189534213391908865,,0,skiup,,1081350924431270070,,<:monkaS:692560819862634567>,2023-03-04T00:14:45.074Z,,,0,,,false,,,2f6ca3c05030fc9aab3c3d5ba3ef8d3a,,,,,,0,,0,Jerred,160509172704739328,,0,sjerred,,,,,,,,,,,,,,,,,,,,,,,,,,,,,,,,,,,,,,,,,,,,,,,,,,,,,,,,,,,,,,1081350924431270070,208425771172102144,1081368915634036776,0,,false,12,,,,,,,,,,,,,,,,,,,,,,,,,,,,,,,,,,,,,,,,2023-03-04T00:14:45.074000+00:00,false,19,skiup,
1081369046882197605,,,,,,2f6ca3c05030fc9aab3c3d5ba3ef8d3a,,,,,,0,,0,Jerred,160509172704739328,,0,sjerred,,1081350924431270070,,I like 8:30. gotta rest after fighting with gcc all day,2023-03-04T00:14:31.642Z,,,0,,,false,,,,,,,,,,,,,,,,,,,,,,,,,,,,,,,,,,,,,,,,,,,,,,,,,,,,,,,,,,,,,,,,,,,,,,,,,,,,,,,,,,,false,11,,,,,,,,,,,,,,,,,,,,,,,,,,,,,,,,,,,,,,,,2023-03-04T00:14:31.642000+00:00,false,0,sjerred,
1081364252327170119,,,,,,e7b2142c8e29f794f4d81eb360d57221,,,,,,0,,0,Streameast Bartender,263577791105073152,,0,dannydelito.,,1081350924431270070,,❤️,2023-03-03T23:55:28.531Z,,,0,,,false,,,,,,,,,,,,,,,,,,,,,,,,,,,,,,,,,,,,,,,,,,,,,,,,,,,,,,,,,,,,,,,,,,,,,,,,,,,,,,,,,,,false,9,,,,,,,,,,,,,,,,,,,,,,,,,,,,,,,,,,,,,,,,2023-03-03T23:55:28.531000+00:00,false,0,dannydelito.,
1081356230838206576,,,,,,28912437e0390d34d050af4b1a730171,,,,,,0,,0,Virmel,208425244128444418,,0,virmel,,1081350924431270070,,lol oop,2023-03-03T23:23:36.059Z,,,0,,,false,,,,,,,,,,,,,,,,,,,,,,,,,,,,,,,,,,,,,,,,,,,,,,,,,,,,,,,,,,,,,,,,,,,,,,,,,,,,,,,,,,,false,7,,,,,,,,,,,,,,,,,,,,,,,,,,,,,,,,,,,,,,,,2023-03-03T23:23:36.059000+00:00,false,0,virmel,
1081356226740375593,,,,,,28912437e0390d34d050af4b1a730171,,,,,,0,,0,Virmel,208425244128444418,,0,virmel,,1081350924431270070,,oh shit i didnt see Lisa's msg,2023-03-03T23:23:35.082Z,,,0,,,false,,,,,,,,,,,,,,,,,,,,,,,,,,,,,,,,,,,,,,,,,,,,,,,,,,,,,,,,,,,,,,,,,,,,,,,,,,,,,,,,,,,false,6,,,,,,,,,,,,,,,,,,,,,,,,,,,,,,,,,,,,,,,,2023-03-03T23:23:35.082000+00:00,false,0,virmel,
1081353554683506709,,,,,,d970d6b2608498a58d5138a98a247e19,,,,,,0,,0,DaVinci Resolve Addict,208404668026454016,,0,snipzar,,1081350924431270070,,I can grab u <@263577791105073152>,2023-03-03T23:12:58.014Z,,,0,,,false,,,e7b2142c8e29f794f4d81eb360d57221,,,,,,0,,0,Streameast Bartender,263577791105073152,,0,dannydelito.,,,,,,,,,,,,,,,,,,,,,,,,,,,,,,,,,,,,,,,,,,,,,,,,,,,,,,,,,,,,,,,,,,,false,5,,,,,,,,,,,,,,,,,,,,,,,,,,,,,,,,,,,,,,,,2023-03-03T23:12:58.014000+00:00,false,0,snipzar,
1081353499884925135,,,,,,d970d6b2608498a58d5138a98a247e19,,,,,,0,,0,DaVinci Resolve Addict,208404668026454016,,0,snipzar,,1081350924431270070,,Lisa won't make it,2023-03-03T23:12:44.949Z,,,0,,,false,,,,,,,,,,,,,,,,,,,,,,,,,,,,,,,,,,,,,,,,,,,,,,,,,,,,,,,,,,,,,,,,,,,,,,,,,,,,,,,,,,,false,4,,,,,,,,,,,,,,,,,,,,,,,,,,,,,,,,,,,,,,,,2023-03-03T23:12:44.949000+00:00,false,0,snipzar,
1081353450320838686,,,,,,d970d6b2608498a58d5138a98a247e19,,,,,,0,,0,DaVinci Resolve Addict,208404668026454016,,0,snipzar,,1081350924431270070,,830 would be perfect for me,2023-03-03T23:12:33.132Z,,,0,,,false,,,,,,,,,,,,,,,,,,,,,,,,,,,,,,,,,,,,,,,,,,,,,,,,,,,,,,,,,,,,,,,,,,,,,,,,,,,,,,,,,,,false,3,,,0,false,1,0,1,,👍,true,false,,,,,,,,,,,,,,,,,,,,,,,,,,,,,2023-03-03T23:12:33.132000+00:00,false,0,snipzar,
1081351100860477540,,,,,,28912437e0390d34d050af4b1a730171,,,,,,0,,0,Virmel,208425244128444418,,0,virmel,,1081350924431270070,,What time do y'all wanna eat dinner? (Taku),2023-03-03T23:03:12.977Z,,,0,,,false,,,,,,,,,,,,,,,,,,,,,,,,,,,,,,,,,,,,,,,,,,,,,,,,,,,,,,,,,,,,,,,,,,,,,,,,,,,,,,,,,,,false,2,,,,,,,,,,,,,,,,,,,,,,,,,,,,,,,,,,,,,,,,2023-03-03T23:03:12.977000+00:00,false,0,virmel,
1081350988742525049,,,,,,28912437e0390d34d050af4b1a730171,,,,,,0,,0,Virmel,208425244128444418,,0,virmel,,1081350924431270070,,Mention anybody else who is interested in joining (do not mention local glitter boy),2023-03-03T23:02:46.246Z,,,0,,,false,,,,,,,,,,,,,,,,,,,,,,,,,,,,,,,,,,,,,,,,,,,,,,,,,,,,,,,,,,,,,,,,,,,,,,,,,,,,,,,,,,,false,1,,,,,,,,,,,,,,,,,,,,,,,,,,,,,,,,,,,,,,,,2023-03-03T23:02:46.246000+00:00,false,0,virmel,
1081350931448352779,,,,,,28912437e0390d34d050af4b1a730171,,,,,,0,,0,Virmel,208425244128444418,,0,virmel,,1081350924431270070,,"Let's talk here about logistics for this evening.

<@189534213391908865> <@263577791105073152> <@160509172704739328> <@138906561895464960> <@208404668026454016>",2023-03-03T23:02:32.586Z,,,0,,,false,,,bb395c4e94e69555bb42e5e58f0ec4cf,,,,,,0,,64,lisalisa,138906561895464960,,64,auchie,,2f6ca3c05030fc9aab3c3d5ba3ef8d3a,,,,,,0,,0,Jerred,160509172704739328,,0,sjerred,,e7b2142c8e29f794f4d81eb360d57221,,,,,,0,,0,Streameast Bartender,263577791105073152,,0,dannydelito.,,42595d65ea5f89086c8b516f56203bbf,,,,,,0,,0,Justin,189534213391908865,,0,skiup,,d970d6b2608498a58d5138a98a247e19,,,,,,0,,0,DaVinci Resolve Addict,208404668026454016,,0,snipzar,,,,,,,false,,,,,,,,,,,,,,,,,,,,,,,,,,,,,,,,,,,,,,,,,2023-03-03T23:02:32.586000+00:00,false,0,virmel,
1081350924431270070,,,,,,28912437e0390d34d050af4b1a730171,,,,,,0,,0,Virmel,208425244128444418,,0,virmel,,208425771172102144,,3/3 Friday Night out,2023-03-03T23:02:30.913Z,,,32,,,false,,,,,,,,,,,,,,,,,,,,,,,,,,,,,,,,,,,,,,,,,,,,,,,,,,,,,,,,,,,,,,,,,,,,,,,,,,,,,,1081350924431270070,208425771172102144,,0,,false,,,,,,,,,,,,,,,,,,,64000,0,208425771172102144,1081350924431270070,1081478345415462963,2,189534213391908865,263577791105073152,33,3/3 Friday Night out,208425244128444418,208425771172102144,0,,2024-02-26T04:54:57.555000+00:00,true,1440,2023-03-03T23:02:30.913000+00:00,false,34,11,0,2023-03-03T23:02:30.913000+00:00,false,18,virmel,