id,activity,application,application_id,attachments,author.accent_color,author.avatar,author.avatar_decoration_data,author.avatar_decoration_data.asset,author.avatar_decoration_data.expires_at,author.avatar_decoration_data.sku_id,author.banner,author.banner_color,author.clan,author.clan.badge,author.clan.identity_enabled,author.clan.identity_guild_id,author.clan.tag,author.collectibles,author.discriminator,author.display_name_styles,author.flags,author.global_name,author.id,author.primary_guild,author.primary_guild.badge,author.primary_guild.identity_enabled,author.primary_guild.identity_guild_id,author.primary_guild.tag,author.public_flags,author.username,call,channel_id,components,content,date,edited_timestamp,embeds,flags,interaction,mention_channels,mention_everyone,mentions,mentions.0.accent_color,mentions.0.avatar,mentions.0.avatar_decoration_data,mentions.0.banner,mentions.0.banner_color,mentions.0.clan,mentions.0.collectibles,mentions.0.discriminator,mentions.0.display_name_styles,mentions.0.flags,mentions.0.global_name,mentions.0.id,mentions.0.primary_guild,mentions.0.public_flags,mentions.0.username,message_reference,message_reference.channel_id,message_reference.guild_id,message_reference.type,nonce,pinned,position,reactions,referenced_message,resolved,role_subscription_data,sticker_items,stickers,thread,thread.bitrate,thread.flags,thread.guild_id,thread.id,thread.last_message_id,thread.member_count,thread.member_ids_preview.0,thread.member_ids_preview.1,thread.message_count,thread.name,thread.owner_id,thread.parent_id,thread.rate_limit_per_user,thread.rtc_region,thread.thread_metadata.archive_timestamp,thread.thread_metadata.archived,thread.thread_metadata.auto_archive_duration,thread.thread_metadata.create_timestamp,thread.thread_metadata.locked,thread.total_message_sent,thread.type,thread.user_limit,timestamp,tts,type,userName,webhook_id
1230304027057590322,,,,,,4332e1b0406caf9c2131c873dfcb53a5,,a_89cd445201a0c6c64d46876503d0e90e,1777013999,1226939756617793606,,,,,,,,,0,,0,irfan,410595870380392458,,,,,,0,wishingenie,,1230291664778821753,,Not exactly on the beach though,2024-04-17T23:48:57.994Z,,,0,,,false,,,,,,,,,,,,,,,,,,,,,,false,5,,,,,,,,,,,,,,,,,,,,,,,,,,,,,,2024-04-17T23:48:57.994000+00:00,false,0,wishingenie,
1230303992421027951,,,,,,4332e1b0406caf9c2131c873dfcb53a5,,a_89cd445201a0c6c64d46876503d0e90e,1777013999,1226939756617793606,,,,,,,,,0,,0,irfan,410595870380392458,,,,,,0,wishingenie,,1230291664778821753,,Coulon has some sand volley ball courts,2024-04-17T23:48:49.736Z,,,0,,,false,,,,,,,,,,,,,,,,,,,,,,false,4,,,,,,,,,,,,,,,,,,,,,,,,,,,,,,2024-04-17T23:48:49.736000+00:00,false,0,wishingenie,
1230301492016058449,,,,,,438f329cf77c137086671b969a39d2b1,,,,,,,,,,491296025953173514,,,0,,0,yuzka,528096854831792159,,,,491296025953173514,,0,yuzka,,1230291664778821753,,My coworker told me he used to play at Green lake,2024-04-17T23:38:53.593Z,,,0,,,false,,,,,,,,,,,,,,,,,,,,,,false,3,,,,,,,,,,,,,,,,,,,,,,,,,,,,,,2024-04-17T23:38:53.593000+00:00,false,0,yuzka,
1230296352613994626,,,,,,fd5d7882c963b825e1400c338781c32c,,a_8552f9857793aed0cf816f370e2df3be,,1232071712695386162,,,,,,,,,0,,0,NekoRyan,200067001035653131,,,,,,0,nekoryan,,1230291664778821753,,<@933500930194808892>,2024-04-17T23:18:28.264Z,,,0,,,false,,,b57b06ecf53e5e0437be9db927d7cc34,,,,,,0,,0,,933500930194808892,,0,ella_morton,,,,,,false,2,,,,,,,,,,,,,,,,,,,,,,,,,,,,,,2024-04-17T23:18:28.264000+00:00,false,0,nekoryan,
1230294503353487392,,,,,,4332e1b0406caf9c2131c873dfcb53a5,,a_89cd445201a0c6c64d46876503d0e90e,1777013999,1226939756617793606,,,,,,,,,0,,0,irfan,410595870380392458,,,,,,0,wishingenie,,1230291664778821753,,Yeah like we have good beaches here,2024-04-17T23:11:07.366Z,,,0,,,false,,,,,,,,,,,,,,,,,,,,,,false,1,,,,,,,,,,,,,,,,,,,,,,,,,,,,,,2024-04-17T23:11:07.366000+00:00,false,0,wishingenie,
1230291667282694174,,,,,,8770eb821819855269d55dc90cde4a5b,,,,,,,,,,,,,0,,0,Bussley,175488352949108736,,,,,,0,bussley,,1230291664778821753,,"It is getting warm, it would be cool to have a beach day and do some beach volley ball",2024-04-17T22:59:51.194Z,,,0,,,false,,,,,,,,,,,,,,,,,,,,,,false,,,,,,,,,,,,,,,,,,,,,,,,,,,,,,,2024-04-17T22:59:51.194000+00:00,false,0,bussley,
1230291664778821753,,,,,,8770eb821819855269d55dc90cde4a5b,,,,,,,,,,,,,0,,0,Bussley,175488352949108736,,,,,,0,bussley,,208425771172102144,,Beach Volleyball,2024-04-17T22:59:50.597Z,,,32,,,false,,,,,,,,,,,,,,,,,,1230291664778821753,208425771172102144,0,,false,,,,,,,,,64000,0,208425771172102144,1230291664778821753,1230304027057590322,2,933500930194808892,200067001035653131,6,Beach Volleyball,175488352949108736,208425771172102144,0,,2024-05-17T23:51:56.993000+00:00,true,10080,2024-04-17T22:59:50.597000+00:00,false,6,11,0,2024-04-17T22:59:50.597000+00:00,false,18,bussley,