id,activity,application,application_id,attachments,author.accent_color,author.avatar,author.avatar_decoration_data,author.avatar_decoration_data.asset,author.avatar_decoration_data.expires_at,author.avatar_decoration_data.sku_id,author.banner,author.banner_color,author.clan,author.clan.badge,author.clan.identity_enabled,author.clan.identity_guild_id,author.clan.tag,author.collectibles,author.collectibles.nameplate.asset,author.collectibles.nameplate.label,author.collectibles.nameplate.palette,author.collectibles.nameplate.sku_id,author.discriminator,author.display_name_styles,author.display_name_styles.colors.0,author.display_name_styles.colors.1,author.display_name_styles.effect_id,author.display_name_styles.font_id,author.flags,author.global_name,author.id,author.primary_guild,author.primary_guild.badge,author.primary_guild.identity_enabled,author.primary_guild.identity_guild_id,author.primary_guild.tag,author.public_flags,author.username,call,channel_id,components,content,date,edited_timestamp,embeds,embeds.0.description,embeds.0.provider.name,embeds.0.thumbnail.content_type,embeds.0.thumbnail.flags,embeds.0.thumbnail.height,embeds.0.thumbnail.proxy_url,embeds.0.thumbnail.url,embeds.0.thumbnail.width,embeds.0.title,embeds.0.type,embeds.0.url,flags,interaction,mention_channels,mention_everyone,mentions,mentions.0.accent_color,mentions.0.avatar,mentions.0.avatar_decoration_data,mentions.0.banner,mentions.0.banner_color,mentions.0.clan,mentions.0.collectibles,mentions.0.discriminator,mentions.0.display_name_styles,mentions.0.flags,mentions.0.global_name,mentions.0.id,mentions.0.primary_guild,mentions.0.public_flags,mentions.0.username,message_reference,message_reference.channel_id,message_reference.guild_id,message_reference.message_id,message_reference.type,nonce,pinned,position,reactions,reactions.0.burst_colors,reactions.0.burst_count,reactions.0.burst_me,reactions.0.count,reactions.0.count_details.burst,reactions.0.count_details.normal,reactions.0.emoji.id,reactions.0.emoji.name,reactions.0.me,reactions.0.me_burst,referenced_message,referenced_message.attachments,referenced_message.author.accent_color,referenced_message.author.avatar,referenced_message.author.avatar_decoration_data,referenced_message.author.banner,referenced_message.author.banner_color,referenced_message.author.clan,referenced_message.author.collectibles,referenced_message.author.discriminator,referenced_message.author.display_name_styles,referenced_message.author.flags,referenced_message.author.global_name,referenced_message.author.id,referenced_message.author.primary_guild,referenced_message.author.public_flags,referenced_message.author.username,referenced_message.channel_id,referenced_message.components,referenced_message.content,referenced_message.edited_timestamp,referenced_message.embeds,referenced_message.flags,referenced_message.id,referenced_message.mention_everyone,referenced_message.mention_roles,referenced_message.mentions,referenced_message.pinned,referenced_message.position,referenced_message.timestamp,referenced_message.tts,referenced_message.type,resolved,role_subscription_data,sticker_items,stickers,thread,thread.bitrate,thread.flags,thread.guild_id,thread.id,thread.last_message_id,thread.member_count,thread.member_ids_preview.0,thread.member_ids_preview.1,thread.member_ids_preview.2,thread.member_ids_preview.3,thread.member_ids_preview.4,thread.message_count,thread.name,thread.owner_id,thread.parent_id,thread.rate_limit_per_user,thread.rtc_region,thread.thread_metadata.archive_timestamp,thread.thread_metadata.archived,thread.thread_metadata.auto_archive_duration,thread.thread_metadata.create_timestamp,thread.thread_metadata.locked,thread.total_message_sent,thread.type,thread.user_limit,timestamp,tts,type,userName,webhook_id
1076389718863917106,,,,,,42595d65ea5f89086c8b516f56203bbf,,,,,,,,,,,,,,,,,0,,,,,,0,Justin,189534213391908865,,,,,,0,skiup,,1075675294360408095,,"nothing’s really happening, they’re just working on a puzzle",2023-02-18T06:28:27.331Z,,,,,,,,,,,,,,0,,,false,,,,,,,,,,,,,,,,,,,,,,,false,94,,,,,,,,,,,,,,,,,,,,,,,,,,,,,,,,,,,,,,,,,,,,,,,,,,,,,,,,,,,,,,,,,,,,,,,,,,2023-02-18T06:28:27.331000+00:00,false,0,skiup,
1076389526043365447,,,,,,42595d65ea5f89086c8b516f56203bbf,,,,,,,,,,,,,,,,,0,,,,,,0,Justin,189534213391908865,,,,,,0,skiup,,1075675294360408095,,https://maps.app.goo.gl/HRgFqjg5w9ssnZof6?g_st=ic,2023-02-18T06:27:41.359Z,,,Building,"345 N 137th St · 345 N 137th St, Seattle, WA 98133",,0,256,https://images-ext-1.discordapp.net/external/MLdn1w-Whw8CLPXLLWUNOK2EHNEhmpbSjbnbfp1oSvc/%3Fcb_client%3Dmaps_sv.tactile%26output%3Dthumbnail%26thumb%3D2%26panoid%3Dz03hcSpkLGt5sqL4iG4WHw%26w%3D256%26h%3D256%26yaw%3D179%26pitch%3D0%26thumbfov%3D75%26ll%3D47.728703%2C-122.353503/https/geo0.ggpht.com/cbk,"https://geo0.ggpht.com/cbk?cb_client=maps_sv.tactile&output=thumbnail&thumb=2&panoid=z03hcSpkLGt5sqL4iG4WHw&w=256&h=256&yaw=179&pitch=0&thumbfov=75&ll=47.728703,-122.353503",256,"345 N 137th St · 345 N 137th St, Seattle, WA 98133",link,https://maps.app.goo.gl/HRgFqjg5w9ssnZof6?g_st=ic,0,,,false,,,,,,,,,,,,,,,,,,,,,,,false,93,,,,,,,,,,,,,,,,,,,,,,,,,,,,,,,,,,,,,,,,,,,,,,,,,,,,,,,,,,,,,,,,,,,,,,,,,,2023-02-18T06:27:41.359000+00:00,false,0,skiup,
1076388981308141638,,,,,,07082f9e78129ee2d6b60049dcb9d5cf,,,,,,,,,,,,,,,,,0,,,,,,0,HiTek-Tech,1028440914869375017,,,,,,0,hitektech,,1075675294360408095,,drop the addy,2023-02-18T06:25:31.484Z,,,,,,,,,,,,,,0,,,false,,,,,,,,,,,,,,,,,,,,,,,false,92,,,,,,,,,,,,,,,,,,,,,,,,,,,,,,,,,,,,,,,,,,,,,,,,,,,,,,,,,,,,,,,,,,,,,,,,,,2023-02-18T06:25:31.484000+00:00,false,0,hitektech,
1076388956553355405,,,,,,07082f9e78129ee2d6b60049dcb9d5cf,,,,,,,,,,,,,,,,,0,,,,,,0,HiTek-Tech,1028440914869375017,,,,,,0,hitektech,,1075675294360408095,,possibly,2023-02-18T06:25:25.582Z,,,,,,,,,,,,,,0,,,false,,,,,,,,,,,,,,,,,,,,,,,false,91,,,,,,,,,,,,,,,,,,,,,,,,,,,,,,,,,,,,,,,,,,,,,,,,,,,,,,,,,,,,,,,,,,,,,,,,,,2023-02-18T06:25:25.582000+00:00,false,0,hitektech,
1076388510526881822,,,,,,42595d65ea5f89086c8b516f56203bbf,,,,,,,,,,,,,,,,,0,,,,,,0,Justin,189534213391908865,,,,,,0,skiup,,1075675294360408095,,yall coming?,2023-02-18T06:23:39.241Z,,,,,,,,,,,,,,0,,,false,,,,,,,,,,,,,,,,,,,,,,,false,90,,,,,,,,,,,,,,,,,,,,,,,,,,,,,,,,,,,,,,,,,,,,,,,,,,,,,,,,,,,,,,,,,,,,,,,,,,2023-02-18T06:23:39.241000+00:00,false,0,skiup,
1076388120796352572,,,,,,42595d65ea5f89086c8b516f56203bbf,,,,,,,,,,,,,,,,,0,,,,,,0,Justin,189534213391908865,,,,,,0,skiup,,1075675294360408095,,yes,2023-02-18T06:22:06.322Z,,,,,,,,,,,,,,0,,,false,,,,,,,,,,,,,,,,,,,,,,,false,89,,,,,,,,,,,,,,,,,,,,,,,,,,,,,,,,,,,,,,,,,,,,,,,,,,,,,,,,,,,,,,,,,,,,,,,,,,2023-02-18T06:22:06.322000+00:00,false,0,skiup,
1076387678062395523,,,,,,07082f9e78129ee2d6b60049dcb9d5cf,,,,,,,,,,,,,,,,,0,,,,,,0,HiTek-Tech,1028440914869375017,,,,,,0,hitektech,,1075675294360408095,,^,2023-02-18T06:20:20.766Z,,,,,,,,,,,,,,0,,,false,,,,,,,,,,,,,,,,,,,,,,,false,88,,,,,,,,,,,,,,,,,,,,,,,,,,,,,,,,,,,,,,,,,,,,,,,,,,,,,,,,,,,,,,,,,,,,,,,,,,2023-02-18T06:20:20.766000+00:00,false,0,hitektech,
1076385227766767616,,,,,,c52e4bdd2e7a2b96437062c91810043d,,a_cb8bbe431a4c3b88c11096ff8b46907a,,1365410896029159607,,,,79dae93b4acc456cc8aaf6ed2accc540,true,1368972275608453170,OVRW,,nameplates/nameplates/cat_beans/,COLLECTIBLES_NAMEPLATES_CAT_BEANS_A11Y,violet,1349849614143979540,0,,5113856,12165795,2,11,0,Windcatcher,331238905619677185,,79dae93b4acc456cc8aaf6ed2accc540,true,1368972275608453170,OVRW,0,windcatcher,,1075675294360408095,,<@160509172704739328> you guys still there?,2023-02-18T06:10:36.570Z,,,,,,,,,,,,,,0,,,false,,,2f6ca3c05030fc9aab3c3d5ba3ef8d3a,,,,,,0,,0,Jerred,160509172704739328,,0,sjerred,,,,,,,false,87,,,,,,,,,,,,,,,,,,,,,,,,,,,,,,,,,,,,,,,,,,,,,,,,,,,,,,,,,,,,,,,,,,,,,,,,,,2023-02-18T06:10:36.570000+00:00,false,0,windcatcher,
1076328682559385640,,,,,,8770eb821819855269d55dc90cde4a5b,,,,,,,,,,,,,,,,,0,,,,,,0,Bussley,175488352949108736,,,,,,0,bussley,,1075675294360408095,,But the grill keeps you warm,2023-02-18T02:25:55.142Z,,,,,,,,,,,,,,0,,,false,,,,,,,,,,,,,,,,,,,,,,,false,86,,,,,,,,,,,,,,,,,,,,,,,,,,,,,,,,,,,,,,,,,,,,,,,,,,,,,,,,,,,,,,,,,,,,,,,,,,2023-02-18T02:25:55.142000+00:00,false,0,bussley,
1076327741420486656,,,,,,e7b2142c8e29f794f4d81eb360d57221,,,,,,,,,,,,,,,,,0,,,,,,0,Streameast Bartender,263577791105073152,,,,,,0,dannydelito.,,1075675294360408095,,I'd take the thigh or drum sticks if you want good taco meat,2023-02-18T02:22:10.757Z,,,,,,,,,,,,,,0,,,false,,,,,,,,,,,,,,,,,,,,,,,false,85,,,,,,,,,,,,,,,,,,,,,,,,,,,,,,,,,,,,,,,,,,,,,,,,,,,,,,,,,,,,,,,,,,,,,,,,,,2023-02-18T02:22:10.757000+00:00,false,0,dannydelito.,
1076327626299408405,,,,,,e7b2142c8e29f794f4d81eb360d57221,,,,,,,,,,,,,,,,,0,,,,,,0,Streameast Bartender,263577791105073152,,,,,,0,dannydelito.,,1075675294360408095,,The grill is outside and I'm cold so you gotta do the grilling my friend.,2023-02-18T02:21:43.310Z,,,,,,,,,,,,,,0,,,false,,,,,,,,,,,,,,,,,,,,,,,false,84,,,,,,,,,,,,,,,,,,,,,,,,,,,,,,,,,,,,,,,,,,,,,,,,,,,,,,,,,,,,,,,,,,,,,,,,,,2023-02-18T02:21:43.310000+00:00,false,0,dannydelito.,
1076327621706649731,,,,,,438f329cf77c137086671b969a39d2b1,,,,,,,,,,491296025953173514,,,,,,,0,,,,,,0,yuzka,528096854831792159,,,,491296025953173514,,0,yuzka,,1075675294360408095,,Sick,2023-02-18T02:21:42.215Z,,,,,,,,,,,,,,0,,,false,,,,,,,,,,,,,,,,,,,,,,,false,83,,,,,,,,,,,,,,,,,,,,,,,,,,,,,,,,,,,,,,,,,,,,,,,,,,,,,,,,,,,,,,,,,,,,,,,,,,2023-02-18T02:21:42.215000+00:00,false,0,yuzka,
1076327540794343474,,,,,,e7b2142c8e29f794f4d81eb360d57221,,,,,,,,,,,,,,,,,0,,,,,,0,Streameast Bartender,263577791105073152,,,,,,0,dannydelito.,,1075675294360408095,,Hirza. You're the only one that can't eat the pork and I brought chicken.,2023-02-18T02:21:22.924Z,,,,,,,,,,,,,,0,,,false,,,,,,,,,,,,,,,,,,,,,,,false,82,,,,,,,,,,,,,,,,,,,,,,,,,,,,,,,,,,,,,,,,,,,,,,,,,,,,,,,,,,,,,,,,,,,,,,,,,,2023-02-18T02:21:22.924000+00:00,false,0,dannydelito.,
1076327407637758022,,,,,,438f329cf77c137086671b969a39d2b1,,,,,,,,,,491296025953173514,,,,,,,0,,,,,,0,yuzka,528096854831792159,,,,491296025953173514,,0,yuzka,,1075675294360408095,,"On our way, picking up non alcoholic drinks and joints first",2023-02-18T02:20:51.177Z,,,,,,,,,,,,,,0,,,false,,,,,,,,,,,,,,,,,,,,,,,false,81,,,,,,,,,,,,,,,,,,,,,,,,,,,,,,,,,,,,,,,,,,,,,,,,,,,,,,,,,,,,,,,,,,,,,,,,,,2023-02-18T02:20:51.177000+00:00,false,0,yuzka,
1076320326046191717,,,,,,438f329cf77c137086671b969a39d2b1,,,,,,,,,,491296025953173514,,,,,,,0,,,,,,0,yuzka,528096854831792159,,,,491296025953173514,,0,yuzka,,1075675294360408095,,<@160509172704739328> you got Madden???,2023-02-18T01:52:42.794Z,,,,,,,,,,,,,,0,,,false,,,2f6ca3c05030fc9aab3c3d5ba3ef8d3a,,,,,,0,,0,Jerred,160509172704739328,,0,sjerred,,,,,,,false,80,,,0,false,2,0,2,,🤡,false,false,,,,,,,,,,,,,,,,,,,,,,,,,,,,,,,,,,,,,,,,,,,,,,,,,,,,,,,,,,,,,,,2023-02-18T01:52:42.794000+00:00,false,0,yuzka,
1076317931467714671,,,,,,42595d65ea5f89086c8b516f56203bbf,,,,,,,,,,,,,,,,,0,,,,,,0,Justin,189534213391908865,,,,,,0,skiup,,1075675294360408095,,as in 1,2023-02-18T01:43:11.882Z,,,,,,,,,,,,,,0,,,false,,,,,,,,,,,,,,,,,,,,,,,false,79,,,,,,,,,,,,,,,,,,,,,,,,,,,,,,,,,,,,,,,,,,,,,,,,,,,,,,,,,,,,,,,,,,,,,,,,,,2023-02-18T01:43:11.882000+00:00,false,0,skiup,
1076317884462149693,,,,,,42595d65ea5f89086c8b516f56203bbf,,,,,,,,,,,,,,,,,0,,,,,,0,Justin,189534213391908865,,,,,,0,skiup,,1075675294360408095,,i got a joint,2023-02-18T01:43:00.675Z,,,,,,,,,,,,,,0,,,false,,,,,,,,,,,,,,,,,,,,,,,false,78,,,,,,,,,,,,,,,,,,,,,,,,,,,,,,,,,,,,,,,,,,,,,,,,,,,,,,,,,,,,,,,,,,,,,,,,,,2023-02-18T01:43:00.675000+00:00,false,0,skiup,
1076316891024470026,,,,,,8770eb821819855269d55dc90cde4a5b,,,,,,,,,,,,,,,,,0,,,,,,0,Bussley,175488352949108736,,,,,,0,bussley,,1075675294360408095,,Joints for dinner?,2023-02-18T01:39:03.821Z,,,,,,,,,,,,,,0,,,false,,,,,,,,,,,,,,,,,,,,,,,false,77,,,,,,,,,,,,,,,,,,,,,,,,,,,,,,,,,,,,,,,,,,,,,,,,,,,,,,,,,,,,,,,,,,,,,,,,,,2023-02-18T01:39:03.821000+00:00,false,0,bussley,
1076316568574775337,,,,,,438f329cf77c137086671b969a39d2b1,,,,,,,,,,491296025953173514,,,,,,,0,,,,,,0,yuzka,528096854831792159,,,,491296025953173514,,0,yuzka,,1075675294360408095,,Are you there already??,2023-02-18T01:37:46.943Z,,,,,,,,,,,,,,0,,,false,,,,,,,,,,,,,,,,,,,,,,,false,76,,,,,,,,,,,,,,,,,,,,,,,,,,,,,,,,,,,,,,,,,,,,,,,,,,,,,,,,,,,,,,,,,,,,,,,,,,2023-02-18T01:37:46.943000+00:00,false,0,yuzka,
1076315977928675389,,,,,,e7b2142c8e29f794f4d81eb360d57221,,,,,,,,,,,,,,,,,0,,,,,,0,Streameast Bartender,263577791105073152,,,,,,0,dannydelito.,,1075675294360408095,,I don't think it's safe to leave the oven on here.,2023-02-18T01:35:26.122Z,,,,,,,,,,,,,,0,,,false,,,,,,,,,,,,,,,,,,,,,,,false,75,,,,,,,,,,,,,,,,,,,,,,,,,,,,,,,,,,,,,,,,,,,,,,,,,,,,,,,,,,,,,,,,,,,,,,,,,,2023-02-18T01:35:26.122000+00:00,false,0,dannydelito.,
1076315936174391376,,,,,,e7b2142c8e29f794f4d81eb360d57221,,,,,,,,,,,,,,,,,0,,,,,,0,Streameast Bartender,263577791105073152,,,,,,0,dannydelito.,,1075675294360408095,,Can someone pick up joints? I'll Venmo you,2023-02-18T01:35:16.167Z,,,,,,,,,,,,,,0,,,false,,,,,,,,,,,,,,,,,,,,,,,false,74,,,,,,,,,,,,,,,,,,,,,,,,,,,,,,,,,,,,,,,,,,,,,,,,,,,,,,,,,,,,,,,,,,,,,,,,,,2023-02-18T01:35:16.167000+00:00,false,0,dannydelito.,
1076285564652892250,,,,,,438f329cf77c137086671b969a39d2b1,,,,,,,,,,491296025953173514,,,,,,,0,,,,,,0,yuzka,528096854831792159,,,,491296025953173514,,0,yuzka,,1075675294360408095,,Oooof,2023-02-17T23:34:35.032Z,,,,,,,,,,,,,,0,,,false,,,,,,,,,,,,,,,,,,,,,,,false,73,,,,,,,,,,,,,,,,,,,,,,,,,,,,,,,,,,,,,,,,,,,,,,,,,,,,,,,,,,,,,,,,,,,,,,,,,,2023-02-17T23:34:35.032000+00:00,false,0,yuzka,
1076284857921052792,,,,,,28912437e0390d34d050af4b1a730171,,,,,,,,,,,,,,,,,0,,,,,,0,Virmel,208425244128444418,,,,,,0,virmel,,1075675294360408095,,the link i was in broke XD,2023-02-17T23:31:46.534Z,,,,,,,,,,,,,,0,,,false,,,,,,,,,,,,,,,,,,,,,,,false,72,,,,,,,,,,,,,,,,,,,,,,,,,,,,,,,,,,,,,,,,,,,,,,,,,,,,,,,,,,,,,,,,,,,,,,,,,,2023-02-17T23:31:46.534000+00:00,false,0,virmel,
1076274801263526009,,,,,,2f6ca3c05030fc9aab3c3d5ba3ef8d3a,,,,,,,,,,,,,,,,,0,,,,,,0,Jerred,160509172704739328,,,,,,0,sjerred,,1075675294360408095,,Danny & Virmel are here early,2023-02-17T22:51:48.840Z,2023-02-17T22:51:53.289000+00:00,,,,,,,,,,,,,0,,,false,,,,,,,,,,,,,,,,,,,,,,,false,71,,,,,,,,,,,,,,,,,,,,,,,,,,,,,,,,,,,,,,,,,,,,,,,,,,,,,,,,,,,,,,,,,,,,,,,,,,2023-02-17T22:51:48.840000+00:00,false,0,sjerred,
1076274781579649106,,,,,,2f6ca3c05030fc9aab3c3d5ba3ef8d3a,,,,,,,,,,,,,,,,,0,,,,,,0,Jerred,160509172704739328,,,,,,0,sjerred,,1075675294360408095,,ya my place @ 7,2023-02-17T22:51:44.147Z,,,,,,,,,,,,,,0,,,false,,,,,,,,,,,,,,,,,,,,,,,false,70,,,,,,,,,,,,,,,,,,,,,,,,,,,,,,,,,,,,,,,,,,,,,,,,,,,,,,,,,,,,,,,,,,,,,,,,,,2023-02-17T22:51:44.147000+00:00,false,0,sjerred,
1076272986589511842,,,,,,28912437e0390d34d050af4b1a730171,,,,,,,,,,,,,,,,,0,,,,,,0,Virmel,208425244128444418,,,,,,0,virmel,,1075675294360408095,,and prepping for tomorrow,2023-02-17T22:44:36.188Z,,,,,,,,,,,,,,0,,,false,,,,,,,,,,,,,,,,,,,,,,,false,69,,,,,,,,,,,,,,,,,,,,,,,,,,,,,,,,,,,,,,,,,,,,,,,,,,,,,,,,,,,,,,,,,,,,,,,,,,2023-02-17T22:44:36.188000+00:00,false,0,virmel,
1076268889543032842,,,,,,8770eb821819855269d55dc90cde4a5b,,,,,,,,,,,,,,,,,0,,,,,,0,Bussley,175488352949108736,,,,,,0,bussley,,1075675294360408095,,"Hope you have a nice dinner, I am watching the new antman",2023-02-17T22:28:19.376Z,,,,,,,,,,,,,,0,,,false,,,,,,,,,,,,,,,,,,,,,,,false,68,,,,,,,,,,,,,,,,,,,,,,,,,,,,,,,,,,,,,,,,,,,,,,,,,,,,,,,,,,,,,,,,,,,,,,,,,,2023-02-17T22:28:19.376000+00:00,false,0,bussley,
1076198998345523280,,,,,,438f329cf77c137086671b969a39d2b1,,,,,,,,,,491296025953173514,,,,,,,0,,,,,,0,yuzka,528096854831792159,,,,491296025953173514,,0,yuzka,,1075675294360408095,,Ok,2023-02-17T17:50:36.016Z,,,,,,,,,,,,,,0,,,false,,,,,,,,,,,,,,,,,,,,,,,false,67,,,,,,,,,,,,,,,,,,,,,,,,,,,,,,,,,,,,,,,,,,,,,,,,,,,,,,,,,,,,,,,,,,,,,,,,,,2023-02-17T17:50:36.016000+00:00,false,0,yuzka,
1076198984818901072,,,,,,28912437e0390d34d050af4b1a730171,,,,,,,,,,,,,,,,,0,,,,,,0,Virmel,208425244128444418,,,,,,0,virmel,,1075675294360408095,,7,2023-02-17T17:50:32.791Z,,,,,,,,,,,,,,0,,,false,,,,,,,,,,,,,,,,,,,,,,,false,66,,,,,,,,,,,,,,,,,,,,,,,,,,,,,,,,,,,,,,,,,,,,,,,,,,,,,,,,,,,,,,,,,,,,,,,,,,2023-02-17T17:50:32.791000+00:00,false,0,virmel,
1076198934189441065,,,,,,438f329cf77c137086671b969a39d2b1,,,,,,,,,,491296025953173514,,,,,,,0,,,,,,0,yuzka,528096854831792159,,,,491296025953173514,,0,yuzka,,1075675294360408095,,What time is this?,2023-02-17T17:50:20.720Z,,,,,,,,,,,,,,0,,,false,,,,,,,,,,,,,,,,,,,,,,,false,65,,,,,,,,,,,,,,,,,,,,,,,,,,,,,,,,,,,,,,,,,,,,,,,,,,,,,,,,,,,,,,,,,,,,,,,,,,2023-02-17T17:50:20.720000+00:00,false,0,yuzka,
1076197207717445672,,,,,,28912437e0390d34d050af4b1a730171,,,,,,,,,,,,,,,,,0,,,,,,0,Virmel,208425244128444418,,,,,,0,virmel,,1075675294360408095,,oh cafe,2023-02-17T17:43:29.097Z,,,,,,,,,,,,,,0,,,false,,,,,,,,,,,,,,,,,,,,,,,false,64,,,,,,,,,,,,,,,,,,,,,,,,,,,,,,,,,,,,,,,,,,,,,,,,,,,,,,,,,,,,,,,,,,,,,,,,,,2023-02-17T17:43:29.097000+00:00,false,0,virmel,
1076197094479630356,,,,,,28912437e0390d34d050af4b1a730171,,,,,,,,,,,,,,,,,0,,,,,,0,Virmel,208425244128444418,,,,,,0,virmel,,1075675294360408095,,what,2023-02-17T17:43:02.099Z,,,,,,,,,,,,,,0,,,false,,,,,,,,,,,,,,,,,,,,,,,false,63,,,,,,,,,,,,,,,,,,,,,,,,,,,,,,,,,,,,,,,,,,,,,,,,,,,,,,,,,,,,,,,,,,,,,,,,,,2023-02-17T17:43:02.099000+00:00,false,0,virmel,
1076196521625792584,,,,,,438f329cf77c137086671b969a39d2b1,,,,,,,,,,491296025953173514,,,,,,,0,,,,,,0,yuzka,528096854831792159,,,,491296025953173514,,0,yuzka,,1075675294360408095,,Surely today I'll finally be able to buy Bongos,2023-02-17T17:40:45.520Z,,,,,,,,,,,,,,0,,,false,,,,,,,,,,,,,,,,,,,,,,,false,62,,,,,,,,,,,,,,,,,,,,,,,,,,,,,,,,,,,,,,,,,,,,,,,,,,,,,,,,,,,,,,,,,,,,,,,,,,2023-02-17T17:40:45.520000+00:00,false,0,yuzka,
1076014420918018081,,,,,,28912437e0390d34d050af4b1a730171,,,,,,,,,,,,,,,,,0,,,,,,0,Virmel,208425244128444418,,,,,,0,virmel,,1075675294360408095,,8,2023-02-17T05:37:09.328Z,,,,,,,,,,,,,,0,,,false,,,,,,,,,,,,,,,,,,,,,,,false,61,,,0,false,1,0,1,,👍,true,false,,,,,,,,,,,,,,,,,,,,,,,,,,,,,,,,,,,,,,,,,,,,,,,,,,,,,,,,,,,,,,,2023-02-17T05:37:09.328000+00:00,false,0,virmel,
1076014415066972161,,,,,,2f6ca3c05030fc9aab3c3d5ba3ef8d3a,,,,,,,,,,,,,,,,,0,,,,,,0,Jerred,160509172704739328,,,,,,0,sjerred,,1075675294360408095,,sweet,2023-02-17T05:37:07.933Z,2023-02-17T05:37:10.005000+00:00,,,,,,,,,,,,,0,,,false,,,,,,,,,,,,,,,,,,,,,,,false,60,,,,,,,,,,,,,,,,,,,,,,,,,,,,,,,,,,,,,,,,,,,,,,,,,,,,,,,,,,,,,,,,,,,,,,,,,,2023-02-17T05:37:07.933000+00:00,false,0,sjerred,
1076014395349532752,,,,,,28912437e0390d34d050af4b1a730171,,,,,,,,,,,,,,,,,0,,,,,,0,Virmel,208425244128444418,,,,,,0,virmel,,1075675294360408095,,and I think that's it,2023-02-17T05:37:03.232Z,,,,,,,,,,,,,,0,,,false,,,,,,,,,,,,,,,,,,,,,,,false,59,,,,,,,,,,,,,,,,,,,,,,,,,,,,,,,,,,,,,,,,,,,,,,,,,,,,,,,,,,,,,,,,,,,,,,,,,,2023-02-17T05:37:03.232000+00:00,false,0,virmel,
1076014356250243123,,,,,,28912437e0390d34d050af4b1a730171,,,,,,,,,,,,,,,,,0,,,,,,0,Virmel,208425244128444418,,,,,,0,virmel,,1075675294360408095,,Kevin,2023-02-17T05:36:53.910Z,,,,,,,,,,,,,,0,,,false,,,,,,,,,,,,,,,,,,,,,,,false,58,,,,,,,,,,,,,,,,,,,,,,,,,,,,,,,,,,,,,,,,,,,,,,,,,,,,,,,,,,,,,,,,,,,,,,,,,,2023-02-17T05:36:53.910000+00:00,false,0,virmel,
1076014289162338364,,,,,,28912437e0390d34d050af4b1a730171,,,,,,,,,,,,,,,,,0,,,,,,0,Virmel,208425244128444418,,,,,,0,virmel,,1075675294360408095,,"virmel, jerred, danny, joel, olivia, hirza, justin",2023-02-17T05:36:37.915Z,,,,,,,,,,,,,,0,,,false,,,,,,,,,,,,,,,,,,,,,,,false,57,,,,,,,,,,,,,,,,,,,,,,,,,,,,,,,,,,,,,,,,,,,,,,,,,,,,,,,,,,,,,,,,,,,,,,,,,,2023-02-17T05:36:37.915000+00:00,false,0,virmel,
1076014221856354416,,,,,,2f6ca3c05030fc9aab3c3d5ba3ef8d3a,,,,,,,,,,,,,,,,,0,,,,,,0,Jerred,160509172704739328,,,,,,0,sjerred,,1075675294360408095,,can we get a headcount,2023-02-17T05:36:21.868Z,,,,,,,,,,,,,,0,,,false,,,,,,,,,,,,,,,,,,,,,,,false,56,,,,,,,,,,,,,,,,,,,,,,,,,,,,,,,,,,,,,,,,,,,,,,,,,,,,,,,,,,,,,,,,,,,,,,,,,,2023-02-17T05:36:21.868000+00:00,false,0,sjerred,
1076014175609962506,,,,,,28912437e0390d34d050af4b1a730171,,,,,,,,,,,,,,,,,0,,,,,,0,Virmel,208425244128444418,,,,,,0,virmel,,1075675294360408095,,ok,2023-02-17T05:36:10.842Z,,,,,,,,,,,,,,0,,,false,,,,,,,,,,,,,,,,,,,,,,,false,55,,,,,,,,,,,,,,,,,,,,,,,,,,,,,,,,,,,,,,,,,,,,,,,,,,,,,,,,,,,,,,,,,,,,,,,,,,2023-02-17T05:36:10.842000+00:00,false,0,virmel,
1076014150322495528,,,,,,2f6ca3c05030fc9aab3c3d5ba3ef8d3a,,,,,,,,,,,,,,,,,0,,,,,,0,Jerred,160509172704739328,,,,,,0,sjerred,,1075675294360408095,,i think danny and I can pick everything up and just split up the cost on venmo?,2023-02-17T05:36:04.813Z,,,,,,,,,,,,,,0,,,false,,,,,,,,,,,,,,,,,,,,,,,false,54,,,,,,,,,,,,,,,,,,,,,,,,,,,,,,,,,,,,,,,,,,,,,,,,,,,,,,,,,,,,,,,,,,,,,,,,,,2023-02-17T05:36:04.813000+00:00,false,0,sjerred,
1076014064242790460,,,,,,28912437e0390d34d050af4b1a730171,,,,,,,,,,,,,,,,,0,,,,,,0,Virmel,208425244128444418,,,,,,0,virmel,,1075675294360408095,,just lemme know what to get from the store and ill get it,2023-02-17T05:35:44.290Z,,,,,,,,,,,,,,0,,,false,,,,,,,,,,,,,,,,,,,,,,,false,53,,,,,,,,,,,,,,,,,,,,,,,,,,,,,,,,,,,,,,,,,,,,,,,,,,,,,,,,,,,,,,,,,,,,,,,,,,2023-02-17T05:35:44.290000+00:00,false,0,virmel,
1076013940309499944,,,,,,28912437e0390d34d050af4b1a730171,,,,,,,,,,,,,,,,,0,,,,,,0,Virmel,208425244128444418,,,,,,0,virmel,,1075675294360408095,,sounds good,2023-02-17T05:35:14.742Z,,,,,,,,,,,,,,0,,,false,,,,,,,,,,,,,,,,,,,,,,,false,52,,,,,,,,,,,,,,,,,,,,,,,,,,,,,,,,,,,,,,,,,,,,,,,,,,,,,,,,,,,,,,,,,,,,,,,,,,2023-02-17T05:35:14.742000+00:00,false,0,virmel,
1076013689003577415,,,,,,2f6ca3c05030fc9aab3c3d5ba3ef8d3a,,,,,,,,,,,,,,,,,0,,,,,,0,Jerred,160509172704739328,,,,,,0,sjerred,,1075675294360408095,,"ill make beef and shrimp, danny can do chicken",2023-02-17T05:34:14.826Z,,,,,,,,,,,,,,0,,,false,,,,,,,,,,,,,,,,,,,,,,,false,51,,,,,,,,,,,,,,,,,,,,,,,,,,,,,,,,,,,,,,,,,,,,,,,,,,,,,,,,,,,,,,,,,,,,,,,,,,2023-02-17T05:34:14.826000+00:00,false,0,sjerred,
1076013655189110795,,,,,,2f6ca3c05030fc9aab3c3d5ba3ef8d3a,,,,,,,,,,,,,,,,,0,,,,,,0,Jerred,160509172704739328,,,,,,0,sjerred,,1075675294360408095,,let's do tacos. they're easy and I think everyone will find something they like,2023-02-17T05:34:06.764Z,,,,,,,,,,,,,,0,,,false,,,,,,,,,,,,,,,,,,,,,,,false,50,,,,,,,,,,,,,,,,,,,,,,,,,,,,,,,,,,,,,,,,,,,,,,,,,,,,,,,,,,,,,,,,,,,,,,,,,,2023-02-17T05:34:06.764000+00:00,false,0,sjerred,
1076012925011120148,,,,,,e7b2142c8e29f794f4d81eb360d57221,,,,,,,,,,,,,,,,,0,,,,,,0,Streameast Bartender,263577791105073152,,,,,,0,dannydelito.,,1075675294360408095,,I'm gonna marinate chicken for grilling tacos.,2023-02-17T05:31:12.676Z,,,,,,,,,,,,,,0,,,false,,,,,,,,,,,,,,,,,,,,,,,false,49,,,,,,,,,,,,,,,,,,,,,,,,,,,,,,,,,,,,,,,,,,,,,,,,,,,,,,,,,,,,,,,,,,,,,,,,,,2023-02-17T05:31:12.676000+00:00,false,0,dannydelito.,
1076009895733776464,,,,,,28912437e0390d34d050af4b1a730171,,,,,,,,,,,,,,,,,0,,,,,,0,Virmel,208425244128444418,,,,,,0,virmel,,1075675294360408095,,<@160509172704739328> guess you're choosing what we're gonna have!,2023-02-17T05:19:10.440Z,,,,,,,,,,,,,,0,,,false,,,2f6ca3c05030fc9aab3c3d5ba3ef8d3a,,,,,,0,,0,Jerred,160509172704739328,,0,sjerred,,,,,,,false,48,,,,,,,,,,,,,,,,,,,,,,,,,,,,,,,,,,,,,,,,,,,,,,,,,,,,,,,,,,,,,,,,,,,,,,,,,,2023-02-17T05:19:10.440000+00:00,false,0,virmel,
1076007869142536222,,,,,,e7b2142c8e29f794f4d81eb360d57221,,,,,,,,,,,,,,,,,0,,,,,,0,Streameast Bartender,263577791105073152,,,,,,0,dannydelito.,,1075675294360408095,,If you don't use them and can freeze them I'll them off your hands. Lol,2023-02-17T05:11:07.263Z,,,,,,,,,,,,,,0,,,false,,,,,,,,,,,,,,,,,,,,,,,false,47,,,,,,,,,,,,,,,,,,,,,,,,,,,,,,,,,,,,,,,,,,,,,,,,,,,,,,,,,,,,,,,,,,,,,,,,,,2023-02-17T05:11:07.263000+00:00,false,0,dannydelito.,
1075968877672017920,,,,,,14c66a9f5d45cc38a9214a31982065f7,,,,,,,,,,,,,,,,,0,,,,,,0,JoelJ,282716540053225472,,,,,,0,blubberymass,,1075675294360408095,,"I have a bunch of gross bananas, so I have to make banana bread soon. Would anyone want some?",2023-02-17T02:36:10.972Z,,,,,,,,,,,,,,0,,,false,,,,,,,,,,,,,,,,,,,,,,,false,46,,,,,,,,,,,,,,,,,,,,,,,,,,,,,,,,,,,,,,,,,,,,,,,,,,,,,,,,,,,,,,,,,,,,,,,,,,2023-02-17T02:36:10.972000+00:00,false,0,blubberymass,
1075922385909321799,,,,,,,,,,,,,,,,,,,,,,,0,,,,,,0,Olivia,904594493964173313,,,,,,0,olivialautman,,1075675294360408095,,Ok great :)),2023-02-16T23:31:26.472Z,,,,,,,,,,,,,,0,,,false,,,,,,,,,,,,,,,,,,,,,,,false,45,,,,,,,,,,,,,,,,,,,,,,,,,,,,,,,,,,,,,,,,,,,,,,,,,,,,,,,,,,,,,,,,,,,,,,,,,,2023-02-16T23:31:26.472000+00:00,false,0,olivialautman,
1075919958418128958,,,,,,2f6ca3c05030fc9aab3c3d5ba3ef8d3a,,,,,,,,,,,,,,,,,0,,,,,,0,Jerred,160509172704739328,,,,,,0,sjerred,,1075675294360408095,,scones would be great!,2023-02-16T23:21:47.713Z,,,,,,,,,,,,,,0,,,false,,,,,,,,,,,,,,,,,,,,,,,false,44,,,,,,,,,,,,,,,,,,,,,,,,,,,,,,,,,,,,,,,,,,,,,,,,,,,,,,,,,,,,,,,,,,,,,,,,,,2023-02-16T23:21:47.713000+00:00,false,0,sjerred,
1075919220266766408,,,,,,14c66a9f5d45cc38a9214a31982065f7,,,,,,,,,,,,,,,,,0,,,,,,0,JoelJ,282716540053225472,,,,,,0,blubberymass,,1075675294360408095,,Almost the same ingredients as biscuits,2023-02-16T23:18:51.724Z,,,,,,,,,,,,,,0,,,false,,,,,,,,,,,,,,,,,,,,,,,false,43,,,,,,,,,,,,,,,,,,,,,,,,,,,,,,,,,,,,,,,,,,,,,,,,,,,,,,,,,,,,,,,,,,,,,,,,,,2023-02-16T23:18:51.724000+00:00,false,0,blubberymass,
1075919166827155466,,,,,,28912437e0390d34d050af4b1a730171,,,,,,,,,,,,,,,,,0,,,,,,0,Virmel,208425244128444418,,,,,,0,virmel,,1075675294360408095,,is that a basic thing,2023-02-16T23:18:38.983Z,,,,,,,,,,,,,,0,,,false,,,,,,,,,,,,,,,,,,,,,,,false,42,,,,,,,,,,,,,,,,,,,,,,,,,,,,,,,,,,,,,,,,,,,,,,,,,,,,,,,,,,,,,,,,,,,,,,,,,,2023-02-16T23:18:38.983000+00:00,false,0,virmel,
1075919144299544627,,,,,,28912437e0390d34d050af4b1a730171,,,,,,,,,,,,,,,,,0,,,,,,0,Virmel,208425244128444418,,,,,,0,virmel,,1075675294360408095,,would love scones,2023-02-16T23:18:33.612Z,,,,,,,,,,,,,,0,,,false,,,,,,,,,,,,,,,,,,,,,,,false,41,,,,,,,,,,,,,,,,,,,,,,,,,,,,,,,,,,,,,,,,,,,,,,,,,,,,,,,,,,,,,,,,,,,,,,,,,,2023-02-16T23:18:33.612000+00:00,false,0,virmel,
1075919130064076901,,,,,,28912437e0390d34d050af4b1a730171,,,,,,,,,,,,,,,,,0,,,,,,0,Virmel,208425244128444418,,,,,,0,virmel,,1075675294360408095,,oooo scones,2023-02-16T23:18:30.218Z,,,,,,,,,,,,,,0,,,false,,,,,,,,,,,,,,,,,,,,,,,false,40,,,,,,,,,,,,,,,,,,,,,,,,,,,,,,,,,,,,,,,,,,,,,,,,,,,,,,,,,,,,,,,,,,,,,,,,,,2023-02-16T23:18:30.218000+00:00,false,0,virmel,
1075918976003084420,,,,,,14c66a9f5d45cc38a9214a31982065f7,,,,,,,,,,,,,,,,,0,,,,,,0,JoelJ,282716540053225472,,,,,,0,blubberymass,,1075675294360408095,,Scones?,2023-02-16T23:17:53.487Z,,,,,,,,,,,,,,0,,,false,,,,,,,,,,,,,,,,,,,,,,,false,39,,,,,,,,,,,,,,,,,,,,,,,,,,,,,,,,,,,,,,,,,,,,,,,,,,,,,,,,,,,,,,,,,,,,,,,,,,2023-02-16T23:17:53.487000+00:00,false,0,blubberymass,
1075918927001026620,,,,,,14c66a9f5d45cc38a9214a31982065f7,,,,,,,,,,,,,,,,,0,,,,,,0,JoelJ,282716540053225472,,,,,,0,blubberymass,,1075675294360408095,,Biscuits?,2023-02-16T23:17:41.804Z,,,,,,,,,,,,,,0,,,false,,,,,,,,,0,,0,Olivia,904594493964173313,,0,olivialautman,,1075675294360408095,208425771172102144,1075910216366964897,0,,false,38,,,,,,,,,,,,,,,,,,,,,0,,0,Olivia,904594493964173313,,0,olivialautman,1075675294360408095,,"Ok, any suggestions?",,,0,1075910216366964897,false,,,false,35,2023-02-16T22:43:05.027000+00:00,false,0,,,,,,,,,,,,,,,,,,,,,,,,,,,,,,,2023-02-16T23:17:41.804000+00:00,false,19,blubberymass,
1075917498899243018,,,,,,14c66a9f5d45cc38a9214a31982065f7,,,,,,,,,,,,,,,,,0,,,,,,0,JoelJ,282716540053225472,,,,,,0,blubberymass,,1075675294360408095,,Straw poll keeps taking me to a scam. I want whatever jerred or danny wants.,2023-02-16T23:12:01.318Z,,,,,,,,,,,,,,0,,,false,,,,,,,,,,,,,,,,,,,,,,,false,37,,,,,,,,,,,,,,,,,,,,,,,,,,,,,,,,,,,,,,,,,,,,,,,,,,,,,,,,,,,,,,,,,,,,,,,,,,2023-02-16T23:12:01.318000+00:00,false,0,blubberymass,
1075910223249817630,,,,,,2f6ca3c05030fc9aab3c3d5ba3ef8d3a,,,,,,,,,,,,,,,,,0,,,,,,0,Jerred,160509172704739328,,,,,,0,sjerred,,1075675294360408095,,"I have a stand mixer, lmk if you need anything else",2023-02-16T22:43:06.668Z,,,,,,,,,,,,,,0,,,false,,,,,,,,,,,,,,,,,,,,,,,false,36,,,,,,,,,,,,,,,,,,,,,,,,,,,,,,,,,,,,,,,,,,,,,,,,,,,,,,,,,,,,,,,,,,,,,,,,,,2023-02-16T22:43:06.668000+00:00,false,0,sjerred,
1075910216366964897,,,,,,,,,,,,,,,,,,,,,,,0,,,,,,0,Olivia,904594493964173313,,,,,,0,olivialautman,,1075675294360408095,,"Ok, any suggestions?",2023-02-16T22:43:05.027Z,,,,,,,,,,,,,,0,,,false,,,,,,,,,,,,,,,,,,,,,,,false,35,,,,,,,,,,,,,,,,,,,,,,,,,,,,,,,,,,,,,,,,,,,,,,,,,,,,,,,,,,,,,,,,,,,,,,,,,,2023-02-16T22:43:05.027000+00:00,false,0,olivialautman,
1075910188709724201,,,,,,2f6ca3c05030fc9aab3c3d5ba3ef8d3a,,,,,,,,,,,,,,,,,0,,,,,,0,Jerred,160509172704739328,,,,,,0,sjerred,,1075675294360408095,,yeah you should make it here!,2023-02-16T22:42:58.433Z,,,,,,,,,,,,,,0,,,false,,,,,,,,,,,,,,,,,,,,,,,false,34,,,,,,,,,,,,,,,,,,,,,,,,,,,,,,,,,,,,,,,,,,,,,,,,,,,,,,,,,,,,,,,,,,,,,,,,,,2023-02-16T22:42:58.433000+00:00,false,0,sjerred,
1075906787431161866,,,,,,28912437e0390d34d050af4b1a730171,,,,,,,,,,,,,,,,,0,,,,,,0,Virmel,208425244128444418,,,,,,0,virmel,,1075675294360408095,,I think it would be more fun to have you/us bake there,2023-02-16T22:29:27.505Z,,,,,,,,,,,,,,0,,,false,,,,,,,,,0,,0,Olivia,904594493964173313,,0,olivialautman,,1075675294360408095,208425771172102144,1075905955658739813,0,,false,33,,,0,false,1,0,1,,👍,true,false,,,,,,,,,,0,,0,Olivia,904594493964173313,,0,olivialautman,1075675294360408095,,Should I bake something or bring stuff to make dessert?,,,0,1075905955658739813,false,,,false,32,2023-02-16T22:26:09.195000+00:00,false,0,,,,,,,,,,,,,,,,,,,,,,,,,,,,,,,2023-02-16T22:29:27.505000+00:00,false,19,virmel,
1075905955658739813,,,,,,,,,,,,,,,,,,,,,,,0,,,,,,0,Olivia,904594493964173313,,,,,,0,olivialautman,,1075675294360408095,,Should I bake something or bring stuff to make dessert?,2023-02-16T22:26:09.195Z,,,,,,,,,,,,,,0,,,false,,,,,,,,,,,,,,,,,,,,,,,false,32,,,,,,,,,,,,,,,,,,,,,,,,,,,,,,,,,,,,,,,,,,,,,,,,,,,,,,,,,,,,,,,,,,,,,,,,,,2023-02-16T22:26:09.195000+00:00,false,0,olivialautman,
1075903066324353146,,,,,,2f6ca3c05030fc9aab3c3d5ba3ef8d3a,,,,,,,,,,,,,,,,,0,,,,,,0,Jerred,160509172704739328,,,,,,0,sjerred,,1075675294360408095,,idk if one chicken would be enough,2023-02-16T22:14:40.324Z,,,,,,,,,,,,,,0,,,false,,,,,,,,,,,,,,,,,,,,,,,false,31,,,,,,,,,,,,,,,,,,,,,,,,,,,,,,,,,,,,,,,,,,,,,,,,,,,,,,,,,,,,,,,,,,,,,,,,,,2023-02-16T22:14:40.324000+00:00,false,0,sjerred,
1075903041712160858,,,,,,2f6ca3c05030fc9aab3c3d5ba3ef8d3a,,,,,,,,,,,,,,,,,0,,,,,,0,Jerred,160509172704739328,,,,,,0,sjerred,,1075675294360408095,,I think we're going to have at least 8 people there,2023-02-16T22:14:34.456Z,,,,,,,,,,,,,,0,,,false,,,,,,,,,,,,,,,,,,,,,,,false,30,,,,,,,,,,,,,,,,,,,,,,,,,,,,,,,,,,,,,,,,,,,,,,,,,,,,,,,,,,,,,,,,,,,,,,,,,,2023-02-16T22:14:34.456000+00:00,false,0,sjerred,
1075900554196295760,,,,,,e7b2142c8e29f794f4d81eb360d57221,,,,,,,,,,,,,,,,,0,,,,,,0,Streameast Bartender,263577791105073152,,,,,,0,dannydelito.,,1075675294360408095,,you wanna grill a chicken? i bought one yesterday and i think half a chicken is a decent amount,2023-02-16T22:04:41.386Z,,,,,,,,,,,,,,0,,,false,,,,,,,,,,,,,,,,,,,,,,,false,29,,,,,,,,,,,,,,,,,,,,,,,,,,,,,,,,,,,,,,,,,,,,,,,,,,,,,,,,,,,,,,,,,,,,,,,,,,2023-02-16T22:04:41.386000+00:00,false,0,dannydelito.,
1075885397218955344,,,,,,2f6ca3c05030fc9aab3c3d5ba3ef8d3a,,,,,,,,,,,,,,,,,0,,,,,,0,Jerred,160509172704739328,,,,,,0,sjerred,,1075675294360408095,,could also do guac + salsa,2023-02-16T21:04:27.681Z,,,,,,,,,,,,,,0,,,false,,,,,,,,,,,,,,,,,,,,,,,false,28,,,,,,,,,,,,,,,,,,,,,,,,,,,,,,,,,,,,,,,,,,,,,,,,,,,,,,,,,,,,,,,,,,,,,,,,,,2023-02-16T21:04:27.681000+00:00,false,0,sjerred,
1075885354822926366,,,,,,2f6ca3c05030fc9aab3c3d5ba3ef8d3a,,,,,,,,,,,,,,,,,0,,,,,,0,Jerred,160509172704739328,,,,,,0,sjerred,,1075675294360408095,,I think street tacos would be fun/easy,2023-02-16T21:04:17.573Z,,,,,,,,,,,,,,0,,,false,,,,,,,,,,,,,,,,,,,,,,,false,27,,,,,,,,,,,,,,,,,,,,,,,,,,,,,,,,,,,,,,,,,,,,,,,,,,,,,,,,,,,,,,,,,,,,,,,,,,2023-02-16T21:04:17.573000+00:00,false,0,sjerred,
1075878573941989446,,,,,,2f6ca3c05030fc9aab3c3d5ba3ef8d3a,,,,,,,,,,,,,,,,,0,,,,,,0,Jerred,160509172704739328,,,,,,0,sjerred,,1075675294360408095,,"fine it's ""I want whatever Jerred wants to make except pizza""",2023-02-16T20:37:20.885Z,,,,,,,,,,,,,,0,,,false,,,,,,,,,,,,,,,,,,,,,,,false,26,,,,,,,,,,,,,,,,,,,,,,,,,,,,,,,,,,,,,,,,,,,,,,,,,,,,,,,,,,,,,,,,,,,,,,,,,,2023-02-16T20:37:20.885000+00:00,false,0,sjerred,
1075878499841224704,,,,,,2f6ca3c05030fc9aab3c3d5ba3ef8d3a,,,,,,,,,,,,,,,,,0,,,,,,0,Jerred,160509172704739328,,,,,,0,sjerred,,1075675294360408095,,wow,2023-02-16T20:37:03.218Z,,,,,,,,,,,,,,0,,,false,,,,,,,,,,,,,,,,,,,,,,,false,25,,,,,,,,,,,,,,,,,,,,,,,,,,,,,,,,,,,,,,,,,,,,,,,,,,,,,,,,,,,,,,,,,,,,,,,,,,2023-02-16T20:37:03.218000+00:00,false,0,sjerred,
1075878382455246898,,,,,,42595d65ea5f89086c8b516f56203bbf,,,,,,,,,,,,,,,,,0,,,,,,0,Justin,189534213391908865,,,,,,0,skiup,,1075675294360408095,,yes i would rather not make pizza,2023-02-16T20:36:35.231Z,,,,,,,,,,,,,,0,,,false,,,,,,,,,,,,,,,,,,,,,,,false,24,,,,,,,,,,,,,,,,,,,,,,,,,,,,,,,,,,,,,,,,,,,,,,,,,,,,,,,,,,,,,,,,,,,,,,,,,,2023-02-16T20:36:35.231000+00:00,false,0,skiup,
1075878231112155287,,,,,,28912437e0390d34d050af4b1a730171,,,,,,,,,,,,,,,,,0,,,,,,0,Virmel,208425244128444418,,,,,,0,virmel,,1075675294360408095,,I wanna take my vote away if that's the case,2023-02-16T20:35:59.148Z,,,,,,,,,,,,,,0,,,false,,,,,,,,,,,,,,,,,,,,,,,false,23,,,,,,,,,,,,,,,,,,,,,,,,,,,,,,,,,,,,,,,,,,,,,,,,,,,,,,,,,,,,,,,,,,,,,,,,,,2023-02-16T20:35:59.148000+00:00,false,0,virmel,
1075877907383205918,,,,,,2f6ca3c05030fc9aab3c3d5ba3ef8d3a,,,,,,,,,,,,,,,,,0,,,,,,0,Jerred,160509172704739328,,,,,,0,sjerred,,1075675294360408095,,uhhh,2023-02-16T20:34:41.965Z,,,,,,,,,,,,,,0,,,false,,,,,,,,,,,,,,,,,,,,,,,false,22,,,,,,,,,,,,,,,,,,,,,,,,,,,,,,,,,,,,,,,,,,,,,,,,,,,,,,,,,,,,,,,,,,,,,,,,,,2023-02-16T20:34:41.965000+00:00,false,0,sjerred,
1075874340387704872,,,,,,28912437e0390d34d050af4b1a730171,,,,,,,,,,,,,,,,,0,,,,,,0,Virmel,208425244128444418,,,,,,0,virmel,,1075675294360408095,,<@160509172704739328>,2023-02-16T20:20:31.527Z,,,,,,,,,,,,,,0,,,false,,,2f6ca3c05030fc9aab3c3d5ba3ef8d3a,,,,,,0,,0,Jerred,160509172704739328,,0,sjerred,,,,,,,false,21,,,,,,,,,,,,,,,,,,,,,,,,,,,,,,,,,,,,,,,,,,,,,,,,,,,,,,,,,,,,,,,,,,,,,,,,,,2023-02-16T20:20:31.527000+00:00,false,0,virmel,
1075874306199912538,,,,,,28912437e0390d34d050af4b1a730171,,,,,,,,,,,,,,,,,0,,,,,,0,Virmel,208425244128444418,,,,,,0,virmel,,1075675294360408095,,"is voting ""I want whatever Jerred wants to make"" the same thing as voting for Pizza?",2023-02-16T20:20:23.376Z,,,,,,,,,,,,,,0,,,false,,,,,,,,,,,,,,,,,,,,,,,false,20,,,,,,,,,,,,,,,,,,,,,,,,,,,,,,,,,,,,,,,,,,,,,,,,,,,,,,,,,,,,,,,,,,,,,,,,,,2023-02-16T20:20:23.376000+00:00,false,0,virmel,
1075874245835493498,,,,,,28912437e0390d34d050af4b1a730171,,,,,,,,,,,,,,,,,0,,,,,,0,Virmel,208425244128444418,,,,,,0,virmel,,1075675294360408095,,wait a minute,2023-02-16T20:20:08.984Z,,,,,,,,,,,,,,0,,,false,,,,,,,,,,,,,,,,,,,,,,,false,19,,,,,,,,,,,,,,,,,,,,,,,,,,,,,,,,,,,,,,,,,,,,,,,,,,,,,,,,,,,,,,,,,,,,,,,,,,2023-02-16T20:20:08.984000+00:00,false,0,virmel,
1075867516062150656,,,,,,28912437e0390d34d050af4b1a730171,,,,,,,,,,,,,,,,,0,,,,,,0,Virmel,208425244128444418,,,,,,0,virmel,,1075675294360408095,,Let's close the poll by 9PM today,2023-02-16T19:53:24.481Z,,,,,,,,,,,,,,0,,,false,,,,,,,,,,,,,,,,,,,,,,,false,18,,,,,,,,,,,,,,,,,,,,,,,,,,,,,,,,,,,,,,,,,,,,,,,,,,,,,,,,,,,,,,,,,,,,,,,,,,2023-02-16T19:53:24.481000+00:00,false,0,virmel,
1075858625219801098,,,,,,28912437e0390d34d050af4b1a730171,,,,,,,,,,,,,,,,,0,,,,,,0,Virmel,208425244128444418,,,,,,0,virmel,,1075675294360408095,,"https://www.stampedecocktailclub.com/legacy-menu

""Korova Milk Bar""",2023-02-16T19:18:04.739Z,,,,,,,,,,,,,,4,,,false,,,2f6ca3c05030fc9aab3c3d5ba3ef8d3a,,,,,,0,,0,Jerred,160509172704739328,,0,sjerred,,1075675294360408095,208425771172102144,1075854742162505839,0,,false,17,,,,,,,,,,,,,,,2f6ca3c05030fc9aab3c3d5ba3ef8d3a,,,,,,0,,0,Jerred,160509172704739328,,0,sjerred,1075675294360408095,,let's do it,,,0,1075854742162505839,false,,,false,10,2023-02-16T19:02:38.946000+00:00,false,0,,,,,,,,,,,,,,,,,,,,,,,,,,,,,,,2023-02-16T19:18:04.739000+00:00,false,19,virmel,
1075858505313030214,,,,,,28912437e0390d34d050af4b1a730171,,,,,,,,,,,,,,,,,0,,,,,,0,Virmel,208425244128444418,,,,,,0,virmel,,1075675294360408095,,<@&889360299172446252> see above,2023-02-16T19:17:36.151Z,,,,,,,,,,,,,,0,,,false,,,,,,,,,,,,,,,,,,,,,,,false,16,,,,,,,,,,,,,,,,,,,,,,,,,,,,,,,,,,,,,,,,,,,,,,,,,,,,,,,,,,,,,,,,,,,,,,,,,,2023-02-16T19:17:36.151000+00:00,false,0,virmel,
1075858428108492952,,,,,,28912437e0390d34d050af4b1a730171,,,,,,,,,,,,,,,,,0,,,,,,0,Virmel,208425244128444418,,,,,,0,virmel,,1075675294360408095,,"you can add in an ""other"" option",2023-02-16T19:17:17.744Z,,,,,,,,,,,,,,0,,,false,,,,,,,,,,,,,,,,,,,,,,,false,15,,,,,,,,,,,,,,,,,,,,,,,,,,,,,,,,,,,,,,,,,,,,,,,,,,,,,,,,,,,,,,,,,,,,,,,,,,2023-02-16T19:17:17.744000+00:00,false,0,virmel,
1075858347120660660,,,,,,28912437e0390d34d050af4b1a730171,,,,,,,,,,,,,,,,,0,,,,,,0,Virmel,208425244128444418,,,,,,0,virmel,,1075675294360408095,,"**Strawpoll for dinner**:


https://strawpoll.com/polls/1MnwOOmE5n7",2023-02-16T19:16:58.435Z,,,"What's your opinion? Vote now: I want whatever Danny wants to make, Pizza, Borgor, I want whatever Jerred wants to make, Pad Thai, Some sort of rice plate...",StrawPoll,image/png,0,630,https://images-ext-1.discordapp.net/external/K74hJYxZdYDyL2iev4RY3Gu9JdS3zo_vekOmYhc8SIg/https/cdn.strawpoll.com/images/polls/previews/1MnwOOmE5n7-c.png,https://cdn.strawpoll.com/images/polls/previews/1MnwOOmE5n7-c.png,1200,What should we make for dinner? - Online Poll - StrawPoll.com,article,https://strawpoll.com/polls/1MnwOOmE5n7,0,,,false,,,,,,,,,,,,,,,,,,,,,,,false,14,,,,,,,,,,,,,,,,,,,,,,,,,,,,,,,,,,,,,,,,,,,,,,,,,,,,,,,,,,,,,,,,,,,,,,,,,,2023-02-16T19:16:58.435000+00:00,false,0,virmel,
1075857257180442645,,,,,,28912437e0390d34d050af4b1a730171,,,,,,,,,,,,,,,,,0,,,,,,0,Virmel,208425244128444418,,,,,,0,virmel,,1075675294360408095,,ill make one,2023-02-16T19:12:38.573Z,,,,,,,,,,,,,,0,,,false,,,,,,,,,,,,,,,,,,,,,,,false,13,,,,,,,,,,,,,,,,,,,,,,,,,,,,,,,,,,,,,,,,,,,,,,,,,,,,,,,,,,,,,,,,,,,,,,,,,,2023-02-16T19:12:38.573000+00:00,false,0,virmel,
1075857236770959461,,,,,,28912437e0390d34d050af4b1a730171,,,,,,,,,,,,,,,,,0,,,,,,0,Virmel,208425244128444418,,,,,,0,virmel,,1075675294360408095,,yeah,2023-02-16T19:12:33.707Z,,,,,,,,,,,,,,0,,,false,,,,,,,,,,,,,,,,,,,,,,,false,12,,,,,,,,,,,,,,,,,,,,,,,,,,,,,,,,,,,,,,,,,,,,,,,,,,,,,,,,,,,,,,,,,,,,,,,,,,2023-02-16T19:12:33.707000+00:00,false,0,virmel,
1075854767718408272,,,,,,2f6ca3c05030fc9aab3c3d5ba3ef8d3a,,,,,,,,,,,,,,,,,0,,,,,,0,Jerred,160509172704739328,,,,,,0,sjerred,,1075675294360408095,,maybe we should put up a dinner poll,2023-02-16T19:02:45.039Z,2023-02-16T19:02:56.582000+00:00,,,,,,,,,,,,,0,,,false,,,,,,,,,,,,,,,,,,,,,,,false,11,,,,,,,,,,,,,,,,,,,,,,,,,,,,,,,,,,,,,,,,,,,,,,,,,,,,,,,,,,,,,,,,,,,,,,,,,,2023-02-16T19:02:45.039000+00:00,false,0,sjerred,
1075854742162505839,,,,,,2f6ca3c05030fc9aab3c3d5ba3ef8d3a,,,,,,,,,,,,,,,,,0,,,,,,0,Jerred,160509172704739328,,,,,,0,sjerred,,1075675294360408095,,let's do it,2023-02-16T19:02:38.946Z,,,,,,,,,,,,,,0,,,false,,,,,,,,,,,,,,,,,,,,,,,false,10,,,,,,,,,,,,,,,,,,,,,,,,,,,,,,,,,,,,,,,,,,,,,,,,,,,,,,,,,,,,,,,,,,,,,,,,,,2023-02-16T19:02:38.946000+00:00,false,0,sjerred,
1075848124054110300,,,,,,28912437e0390d34d050af4b1a730171,,,,,,,,,,,,,,,,,0,,,,,,0,Virmel,208425244128444418,,,,,,0,virmel,,1075675294360408095,,i wanna recreate the cocktail i was served at Stampede,2023-02-16T18:36:21.066Z,2023-02-16T18:36:27.034000+00:00,,,,,,,,,,,,,0,,,false,,,,,,,,,,,,,,,,,,,,,,,false,9,,,,,,,,,,,,,,,,,,,,,,,,,,,,,,,,,,,,,,,,,,,,,,,,,,,,,,,,,,,,,,,,,,,,,,,,,,2023-02-16T18:36:21.066000+00:00,false,0,virmel,
1075848087765012592,,,,,,28912437e0390d34d050af4b1a730171,,,,,,,,,,,,,,,,,0,,,,,,0,Virmel,208425244128444418,,,,,,0,virmel,,1075675294360408095,,can we make a cocktail,2023-02-16T18:36:12.414Z,,,,,,,,,,,,,,0,,,false,,,,,,,,,,,,,,,,,,,,,,,false,8,,,,,,,,,,,,,,,,,,,,,,,,,,,,,,,,,,,,,,,,,,,,,,,,,,,,,,,,,,,,,,,,,,,,,,,,,,2023-02-16T18:36:12.414000+00:00,false,0,virmel,
1075690286736490557,,,,,,fd5d7882c963b825e1400c338781c32c,,a_8552f9857793aed0cf816f370e2df3be,,1232071712695386162,,,,,,,,,,,,,0,,,,,,0,NekoRyan,200067001035653131,,,,,,0,nekoryan,,1075675294360408095,,Can't join next time though I will be there,2023-02-16T08:09:09.717Z,,,,,,,,,,,,,,0,,,false,,,,,,,,,,,,,,,,,,,,,,,false,7,,,,,,,,,,,,,,,,,,,,,,,,,,,,,,,,,,,,,,,,,,,,,,,,,,,,,,,,,,,,,,,,,,,,,,,,,,2023-02-16T08:09:09.717000+00:00,false,0,nekoryan,
1075682381375213568,,,,,,8770eb821819855269d55dc90cde4a5b,,,,,,,,,,,,,,,,,0,,,,,,0,Bussley,175488352949108736,,,,,,0,bussley,,1075675294360408095,,what's for dinner,2023-02-16T07:37:44.932Z,,,,,,,,,,,,,,0,,,false,,,,,,,,,,,,,,,,,,,,,,,false,6,,,,,,,,,,,,,,,,,,,,,,,,,,,,,,,,,,,,,,,,,,,,,,,,,,,,,,,,,,,,,,,,,,,,,,,,,,2023-02-16T07:37:44.932000+00:00,false,0,bussley,
1075679501385732116,,,,,,4332e1b0406caf9c2131c873dfcb53a5,,a_89cd445201a0c6c64d46876503d0e90e,1777013999,1226939756617793606,,,,,,,,,,,,,0,,,,,,0,irfan,410595870380392458,,,,,,0,wishingenie,,1075675294360408095,,"Same, have fun bros!",2023-02-16T07:26:18.289Z,,,,,,,,,,,,,,0,,,false,,,,,,,,,,,,,,,,,,,,,,,false,5,,,,,,,,,,,,,,,,,,,,,,,,,,,,,,,,,,,,,,,,,,,,,,,,,,,,,,,,,,,,,,,,,,,,,,,,,,2023-02-16T07:26:18.289000+00:00,false,0,wishingenie,
1075675728315691048,,,,,,d970d6b2608498a58d5138a98a247e19,,,,,,,,,,,,,,,,,0,,,,,,0,DaVinci Resolve Addict,208404668026454016,,,,,,0,snipzar,,1075675294360408095,,😦,2023-02-16T07:11:18.719Z,,,,,,,,,,,,,,0,,,false,,,,,,,,,,,,,,,,,,,,,,,false,4,,,,,,,,,,,,,,,,,,,,,,,,,,,,,,,,,,,,,,,,,,,,,,,,,,,,,,,,,,,,,,,,,,,,,,,,,,2023-02-16T07:11:18.719000+00:00,false,0,snipzar,
1075675651975155782,,,,,,2f6ca3c05030fc9aab3c3d5ba3ef8d3a,,,,,,,,,,,,,,,,,0,,,,,,0,Jerred,160509172704739328,,,,,,0,sjerred,,1075675294360408095,,😦,2023-02-16T07:11:00.518Z,,,,,,,,,,,,,,0,,,false,,,d970d6b2608498a58d5138a98a247e19,,,,,,0,,0,DaVinci Resolve Addict,208404668026454016,,0,snipzar,,1075675294360408095,208425771172102144,1075675625160986634,0,,false,3,,,,,,,,,,,,,,,d970d6b2608498a58d5138a98a247e19,,,,,,0,,0,DaVinci Resolve Addict,208404668026454016,,0,snipzar,1075675294360408095,,"Alas, I cannot join but I wish everyone has a good time with this!",,,0,1075675625160986634,false,,,false,2,2023-02-16T07:10:54.125000+00:00,false,0,,,,,,,,,,,,,,,,,,,,,,,,,,,,,,,2023-02-16T07:11:00.518000+00:00,false,19,sjerred,
1075675625160986634,,,,,,d970d6b2608498a58d5138a98a247e19,,,,,,,,,,,,,,,,,0,,,,,,0,DaVinci Resolve Addict,208404668026454016,,,,,,0,snipzar,,1075675294360408095,,"Alas, I cannot join but I wish everyone has a good time with this!",2023-02-16T07:10:54.125Z,,,,,,,,,,,,,,0,,,false,,,,,,,,,,,,,,,,,,,,,,,false,2,,,,,,,,,,,,,,,,,,,,,,,,,,,,,,,,,,,,,,,,,,,,,,,,,,,,,,,,,,,,,,,,,,,,,,,,,,2023-02-16T07:10:54.125000+00:00,false,0,snipzar,
1075675388900028488,,,,,,2f6ca3c05030fc9aab3c3d5ba3ef8d3a,,,,,,,,,,,,,,,,,0,,,,,,0,Jerred,160509172704739328,,,,,,0,sjerred,,1075675294360408095,,<@263577791105073152> are you coming/would you like to figure out what to cook? otherwise I (or someone else?) can,2023-02-16T07:09:57.796Z,2023-02-16T07:27:28.930000+00:00,,,,,,,,,,,,,0,,,false,,,e7b2142c8e29f794f4d81eb360d57221,,,,,,0,,0,Streameast Bartender,263577791105073152,,0,dannydelito.,,,,,,,false,1,,,,,,,,,,,,,,,,,,,,,,,,,,,,,,,,,,,,,,,,,,,,,,,,,,,,,,,,,,,,,,,,,,,,,,,,,,2023-02-16T07:09:57.796000+00:00,false,0,sjerred,
1075675298818965534,,,,,,2f6ca3c05030fc9aab3c3d5ba3ef8d3a,,,,,,,,,,,,,,,,,0,,,,,,0,Jerred,160509172704739328,,,,,,0,sjerred,,1075675294360408095,,<@&889360299172446252> current plan is to make dinner at 7. I think we're doing my house since it's probably better suited for a larger group/has easier parking,2023-02-16T07:09:36.319Z,,,,,,,,,,,,,,0,,,false,,,,,,,,,,,,,,,,,,,,,,,false,,,,0,false,1,0,1,956429846270074910,klieusCheer,false,false,,,,,,,,,,,,,,,,,,,,,,,,,,,,,,,,,,,,,,,,,,,,,,,,,,,,,,,,,,,,,,,2023-02-16T07:09:36.319000+00:00,false,0,sjerred,
1075675294360408095,,,,,,2f6ca3c05030fc9aab3c3d5ba3ef8d3a,,,,,,,,,,,,,,,,,0,,,,,,0,Jerred,160509172704739328,,,,,,0,sjerred,,208425771172102144,,Dinner Friday 2/17,2023-02-16T07:09:35.256Z,,,,,,,,,,,,,,32,,,false,,,,,,,,,,,,,,,,,,1075675294360408095,208425771172102144,,0,,false,,,,,,,,,,,,,,,,,,,,,,,,,,,,,,,,,,,,,,,,,,,,,,,,,,64000,0,208425771172102144,1075675294360408095,1076389718863917106,13,200067001035653131,208425244128444418,192392483383017472,126546653665558528,189534213391908865,95,Dinner Friday 2/17,160509172704739328,208425771172102144,0,,2023-02-18T08:43:46.006000+00:00,true,10080,2023-02-16T07:09:35.256000+00:00,false,95,11,0,2023-02-16T07:09:35.256000+00:00,false,18,sjerred,