id,activity,application,application_id,attachments,attachments.0.content_type,attachments.0.filename,attachments.0.height,attachments.0.id,attachments.0.proxy_url,attachments.0.size,attachments.0.url,attachments.0.width,author.accent_color,author.avatar,author.avatar_decoration_data,author.avatar_decoration_data.asset,author.avatar_decoration_data.expires_at,author.avatar_decoration_data.sku_id,author.banner,author.banner_color,author.bot,author.clan,author.collectibles,author.discriminator,author.display_name_styles,author.flags,author.global_name,author.id,author.primary_guild,author.public_flags,author.username,call,channel_id,components,content,date,edited_timestamp,embeds,embeds.0.author.icon_url,embeds.0.author.name,embeds.0.author.proxy_icon_url,embeds.0.color,embeds.0.description,embeds.0.provider.name,embeds.0.provider.url,embeds.0.reference_id,embeds.0.thumbnail.flags,embeds.0.thumbnail.height,embeds.0.thumbnail.proxy_url,embeds.0.thumbnail.url,embeds.0.thumbnail.width,embeds.0.title,embeds.0.type,embeds.0.url,embeds.0.video.flags,embeds.0.video.height,embeds.0.video.url,embeds.0.video.width,flags,interaction,mention_channels,mention_everyone,mentions,mentions.0.accent_color,mentions.0.avatar,mentions.0.avatar_decoration_data,mentions.0.avatar_decoration_data.asset,mentions.0.avatar_decoration_data.expires_at,mentions.0.avatar_decoration_data.sku_id,mentions.0.banner,mentions.0.banner_color,mentions.0.clan,mentions.0.collectibles,mentions.0.discriminator,mentions.0.display_name_styles,mentions.0.flags,mentions.0.global_name,mentions.0.id,mentions.0.primary_guild,mentions.0.public_flags,mentions.0.username,message_reference,message_reference.channel_id,message_reference.guild_id,message_reference.message_id,message_reference.type,nonce,pinned,position,reactions,reactions.0.burst_colors,reactions.0.burst_count,reactions.0.burst_me,reactions.0.count,reactions.0.count_details.burst,reactions.0.count_details.normal,reactions.0.emoji.id,reactions.0.emoji.name,reactions.0.me,reactions.0.me_burst,reactions.1.burst_colors,reactions.1.burst_count,reactions.1.burst_me,reactions.1.count,reactions.1.count_details.burst,reactions.1.count_details.normal,reactions.1.emoji.id,reactions.1.emoji.name,reactions.1.me,reactions.1.me_burst,reactions.2.burst_colors,reactions.2.burst_count,reactions.2.burst_me,reactions.2.count,reactions.2.count_details.burst,reactions.2.count_details.normal,reactions.2.emoji.id,reactions.2.emoji.name,reactions.2.me,reactions.2.me_burst,referenced_message,referenced_message.attachments,referenced_message.author.accent_color,referenced_message.author.avatar,referenced_message.author.avatar_decoration_data,referenced_message.author.banner,referenced_message.author.banner_color,referenced_message.author.clan,referenced_message.author.collectibles,referenced_message.author.discriminator,referenced_message.author.display_name_styles,referenced_message.author.flags,referenced_message.author.global_name,referenced_message.author.id,referenced_message.author.primary_guild,referenced_message.author.public_flags,referenced_message.author.username,referenced_message.channel_id,referenced_message.components,referenced_message.content,referenced_message.edited_timestamp,referenced_message.embeds,referenced_message.flags,referenced_message.id,referenced_message.mention_everyone,referenced_message.mention_roles,referenced_message.mentions,referenced_message.pinned,referenced_message.timestamp,referenced_message.tts,referenced_message.type,resolved,role_subscription_data,sticker_items,sticker_items.0.format_type,sticker_items.0.id,sticker_items.0.name,stickers,thread,thread.bitrate,thread.flags,thread.guild_id,thread.id,thread.last_message_id,thread.member_count,thread.member_ids_preview.0,thread.member_ids_preview.1,thread.member_ids_preview.2,thread.member_ids_preview.3,thread.member_ids_preview.4,thread.message_count,thread.name,thread.owner_id,thread.parent_id,thread.rate_limit_per_user,thread.rtc_region,thread.thread_metadata.archive_timestamp,thread.thread_metadata.archived,thread.thread_metadata.auto_archive_duration,thread.thread_metadata.create_timestamp,thread.thread_metadata.locked,thread.total_message_sent,thread.type,thread.user_limit,timestamp,tts,type,userName,webhook_id
947330430628143114,,,,,,,,,,,,,,42595d65ea5f89086c8b516f56203bbf,,,,,,,,,,0,,0,Justin,189534213391908865,,0,skiup,,947070071719731240,,how close are you,2022-02-27T03:12:55.210Z,,,,,,,,,,,,,,,,,,,,,,,0,,,false,,,,,,,,,,,,,,,,,,,,,,,,,,false,,,,,,,,,,,,,,,,,,,,,,,,,,,,,,,,,,,,,,,,,,,,,,,,,,,,,,,,,,,,,,,,,,,,,,,,,,,,,,,,,,,,,,,,,,,,,,,,,2022-02-27T03:12:55.210000+00:00,false,0,skiup,
947330067623727185,,,,,,,,,,,,,,4332e1b0406caf9c2131c873dfcb53a5,,a_89cd445201a0c6c64d46876503d0e90e,1777013999,1226939756617793606,,,,,,0,,0,irfan,410595870380392458,,0,wishingenie,,947070071719731240,,Man it's fucking cold,2022-02-27T03:11:28.663Z,,,,,,,,,,,,,,,,,,,,,,,0,,,false,,,,,,,,,,,,,,,,,,,,,,,,,,false,,,,,,,,,,,,,,,,,,,,,,,,,,,,,,,,,,,,,,,,,,,,,,,,,,,,,,,,,,,,,,,,,,,,,,,,,,,,,,,,,,,,,,,,,,,,,,,,,2022-02-27T03:11:28.663000+00:00,false,0,wishingenie,
947328746157916180,,,,,,,,,,,,,,42595d65ea5f89086c8b516f56203bbf,,,,,,,,,,0,,0,Justin,189534213391908865,,0,skiup,,947070071719731240,,udon,2022-02-27T03:06:13.601Z,,,,,,,,,,,,,,,,,,,,,,,0,,,false,,,,,,,,,,,,,,,,,,,,,,,,,,false,,,,,,,,,,,,,,,,,,,,,,,,,,,,,,,,,,,,,,,,,,,,,,,,,,,,,,,,,,,,,,,,,,,,,,,,,,,,,,,,,,,,,,,,,,,,,,,,,2022-02-27T03:06:13.601000+00:00,false,0,skiup,
947328727208063026,,,,,,,,,,,,,,42595d65ea5f89086c8b516f56203bbf,,,,,,,,,,0,,0,Justin,189534213391908865,,0,skiup,,947070071719731240,,we’re at the place,2022-02-27T03:06:09.083Z,,,,,,,,,,,,,,,,,,,,,,,0,,,false,,,,,,,,,,,,,,,,,,,,,,,,,,false,,,,,,,,,,,,,,,,,,,,,,,,,,,,,,,,,,,,,,,,,,,,,,,,,,,,,,,,,,,,,,,,,,,,,,,,,,,,,,,,,,,,,,,,,,,,,,,,,2022-02-27T03:06:09.083000+00:00,false,0,skiup,
947328145353244672,,,,,,,,,,,,,,4332e1b0406caf9c2131c873dfcb53a5,,a_89cd445201a0c6c64d46876503d0e90e,1777013999,1226939756617793606,,,,,,0,,0,irfan,410595870380392458,,0,wishingenie,,947070071719731240,,Just got off the light rail,2022-02-27T03:03:50.358Z,,,,,,,,,,,,,,,,,,,,,,,0,,,false,,,,,,,,,,,,,,,,,,,,,,,,,,false,,,,,,,,,,,,,,,,,,,,,,,,,,,,,,,,,,,,,,,,,,,,,,,,,,,,,,,,,,,,,,,,,,,,,,,,,,,,,,,,,,,,,,,,,,,,,,,,,2022-02-27T03:03:50.358000+00:00,false,0,wishingenie,
947327215983542292,,,,,,,,,,,,,,4332e1b0406caf9c2131c873dfcb53a5,,a_89cd445201a0c6c64d46876503d0e90e,1777013999,1226939756617793606,,,,,,0,,0,irfan,410595870380392458,,0,wishingenie,,947070071719731240,,Where are we meeting up?,2022-02-27T03:00:08.779Z,,,,,,,,,,,,,,,,,,,,,,,0,,,false,,,,,,,,,,,,,,,,,,,,,,,,,,false,,,,,,,,,,,,,,,,,,,,,,,,,,,,,,,,,,,,,,,,,,,,,,,,,,,,,,,,,,,,,,,,,,,,,,,,,,,,,,,,,,,,,,,,,,,,,,,,,2022-02-27T03:00:08.779000+00:00,false,0,wishingenie,
947326219051999233,,,,,,,,,,,,,,4332e1b0406caf9c2131c873dfcb53a5,,a_89cd445201a0c6c64d46876503d0e90e,1777013999,1226939756617793606,,,,,,0,,0,irfan,410595870380392458,,0,wishingenie,,947070071719731240,,At pioneer square rn,2022-02-27T02:56:11.092Z,,,,,,,,,,,,,,,,,,,,,,,0,,,false,,,,,,,,,,,,,,,,,,,,,,,,,,false,,,,,,,,,,,,,,,,,,,,,,,,,,,,,,,,,,,,,,,,,,,,,,,,,,,,,,,,,,,,,,,,,,,,,,,,,,,,,,,,,,,,,,,,,,,,,,,,,2022-02-27T02:56:11.092000+00:00,false,0,wishingenie,
947325900712738856,,,,,,,,,,,,,,4332e1b0406caf9c2131c873dfcb53a5,,a_89cd445201a0c6c64d46876503d0e90e,1777013999,1226939756617793606,,,,,,0,,0,irfan,410595870380392458,,0,wishingenie,,947070071719731240,,10 minutes probably,2022-02-27T02:54:55.194Z,,,,,,,,,,,,,,,,,,,,,,,0,,,false,,,,,,,,,,,,,,,,,,,,,,,,,,false,,,,,,,,,,,,,,,,,,,,,,,,,,,,,,,,,,,,,,,,,,,,,,,,,,,,,,,,,,,,,,,,,,,,,,,,,,,,,,,,,,,,,,,,,,,,,,,,,2022-02-27T02:54:55.194000+00:00,false,0,wishingenie,
947320336154767490,,,,,,,,,,,,,,28912437e0390d34d050af4b1a730171,,,,,,,,,,0,,0,Virmel,208425244128444418,,0,virmel,,947070071719731240,,,2022-02-27T02:32:48.500Z,,,,,,,,,,,,,,,,,,,,,,,0,,,false,,,,,,,,,,,,,,,,,,,,,,,,,,false,,,,,,,,,,,,,,,,,,,,,,,,,,,,,,,,,,,,,,,,,,,,,,,,,,,,,,,,,,,,,,,,,,,1,938884748300931163,nevertoomuch,,,,,,,,,,,,,,,,,,,,,,,,,,,,2022-02-27T02:32:48.500000+00:00,false,0,virmel,
947319178963083324,,,,,,,,,,,,,,42595d65ea5f89086c8b516f56203bbf,,,,,,,,,,0,,0,Justin,189534213391908865,,0,skiup,,947070071719731240,,Just let us know when you get off the lightrail,2022-02-27T02:28:12.604Z,,,,,,,,,,,,,,,,,,,,,,,0,,,false,,,,,,,,,,,,,,,,,,,,,,,,,,false,,,,,,,,,,,,,,,,,,,,,,,,,,,,,,,,,,,,,,,,,,,,,,,,,,,,,,,,,,,,,,,,,,,,,,,,,,,,,,,,,,,,,,,,,,,,,,,,,2022-02-27T02:28:12.604000+00:00,false,0,skiup,
947319031390674954,,,,,,,,,,,,,,42595d65ea5f89086c8b516f56203bbf,,,,,,,,,,0,,0,Justin,189534213391908865,,0,skiup,,947070071719731240,,We’re at optimism,2022-02-27T02:27:37.420Z,,,,,,,,,,,,,,,,,,,,,,,0,,,false,,,,,,,,,,,,,,,,,,,,,,,,,,false,,,,,,,,,,,,,,,,,,,,,,,,,,,,,,,,,,,,,,,,,,,,,,,,,,,,,,,,,,,,,,,,,,,,,,,,,,,,,,,,,,,,,,,,,,,,,,,,,2022-02-27T02:27:37.420000+00:00,false,0,skiup,
947318048682041414,,,,,,,,,,,,,,4332e1b0406caf9c2131c873dfcb53a5,,a_89cd445201a0c6c64d46876503d0e90e,1777013999,1226939756617793606,,,,,,0,,0,irfan,410595870380392458,,0,wishingenie,,947070071719731240,,Are you guys gonna be around cal Anderson?,2022-02-27T02:23:43.124Z,,,,,,,,,,,,,,,,,,,,,,,0,,,false,,,,,,,,,,,,,,,,,,,,,,,,,,false,,,,,,,,,,,,,,,,,,,,,,,,,,,,,,,,,,,,,,,,,,,,,,,,,,,,,,,,,,,,,,,,,,,,,,,,,,,,,,,,,,,,,,,,,,,,,,,,,2022-02-27T02:23:43.124000+00:00,false,0,wishingenie,
947318012057354270,,,,,,,,,,,,,,4332e1b0406caf9c2131c873dfcb53a5,,a_89cd445201a0c6c64d46876503d0e90e,1777013999,1226939756617793606,,,,,,0,,0,irfan,410595870380392458,,0,wishingenie,,947070071719731240,,"On the light rail, should be there by 7 hopefully",2022-02-27T02:23:34.392Z,,,,,,,,,,,,,,,,,,,,,,,0,,,false,,,,,,,,,,,,,,,,,,,,,,,,,,false,,,,,,,,,,,,,,,,,,,,,,,,,,,,,,,,,,,,,,,,,,,,,,,,,,,,,,,,,,,,,,,,,,,,,,,,,,,,,,,,,,,,,,,,,,,,,,,,,2022-02-27T02:23:34.392000+00:00,false,0,wishingenie,
947314839448092692,,,,,,,,,,,,,,28912437e0390d34d050af4b1a730171,,,,,,,,,,0,,0,Virmel,208425244128444418,,0,virmel,,947070071719731240,,currently at Optimism <@126546653665558528>,2022-02-27T02:10:57.983Z,,,,,,,,,,,,,,,,,,,,,,,0,,,false,,,34f8bd7a96ebb9ff569104fc74975cd1,,,,,,,,,0,,0,dae,126546653665558528,,0,daepie1016,,,,,,,false,,,,,,,,,,,,,,,,,,,,,,,,,,,,,,,,,,,,,,,,,,,,,,,,,,,,,,,,,,,,,,,,,,,,,,,,,,,,,,,,,,,,,,,,,,,,,,,,,2022-02-27T02:10:57.983000+00:00,false,0,virmel,
947313919129690122,,,,,,,,,,,,,,28912437e0390d34d050af4b1a730171,,,,,,,,,,0,,0,Virmel,208425244128444418,,0,virmel,,947070071719731240,,kk,2022-02-27T02:07:18.562Z,,,,,,,,,,,,,,,,,,,,,,,0,,,false,,,,,,,,,,,,,,,,,,,,,,,,,,false,,,,,,,,,,,,,,,,,,,,,,,,,,,,,,,,,,,,,,,,,,,,,,,,,,,,,,,,,,,,,,,,,,,,,,,,,,,,,,,,,,,,,,,,,,,,,,,,,2022-02-27T02:07:18.562000+00:00,false,0,virmel,
947313622382673930,,,,,,,,,,,,,,4332e1b0406caf9c2131c873dfcb53a5,,a_89cd445201a0c6c64d46876503d0e90e,1777013999,1226939756617793606,,,,,,0,,0,irfan,410595870380392458,,0,wishingenie,,947070071719731240,,Might not get to cap hill till 7,2022-02-27T02:06:07.812Z,,,,,,,,,,,,,,,,,,,,,,,0,,,false,,,,,,,,,,,,,,,,,,,,,,,,,,false,,,,,,,,,,,,,,,,,,,,,,,,,,,,,,,,,,,,,,,,,,,,,,,,,,,,,,,,,,,,,,,,,,,,,,,,,,,,,,,,,,,,,,,,,,,,,,,,,2022-02-27T02:06:07.812000+00:00,false,0,wishingenie,
947309934528303144,,,,,,,,,,,,,,28912437e0390d34d050af4b1a730171,,,,,,,,,,0,,0,Virmel,208425244128444418,,0,virmel,,947070071719731240,,playing it by ear. not sure yet,2022-02-27T01:51:28.559Z,,,,,,,,,,,,,,,,,,,,,,,0,,,false,,,,,,,,,,,,,,,,,,,,,,,,,,false,,,,,,,,,,,,,,,,,,,,,,,,,,,,,,,,,,,,,,,,,,,,,,,,,,,,,,,,,,,,,,,,,,,,,,,,,,,,,,,,,,,,,,,,,,,,,,,,,2022-02-27T01:51:28.559000+00:00,false,0,virmel,
947309598736535582,,,,,,,,,,,,,,4332e1b0406caf9c2131c873dfcb53a5,,a_89cd445201a0c6c64d46876503d0e90e,1777013999,1226939756617793606,,,,,,0,,0,irfan,410595870380392458,,0,wishingenie,,947070071719731240,,any other plans or just eating?,2022-02-27T01:50:08.500Z,,,,,,,,,,,,,,,,,,,,,,,0,,,false,,,,,,,,,,,,,,,,,,,,,,,,,,false,,,,,,,,,,,,,,,,,,,,,,,,,,,,,,,,,,,,,,,,,,,,,,,,,,,,,,,,,,,,,,,,,,,,,,,,,,,,,,,,,,,,,,,,,,,,,,,,,2022-02-27T01:50:08.500000+00:00,false,0,wishingenie,
947309536493072384,,,,,,,,,,,,,,28912437e0390d34d050af4b1a730171,,,,,,,,,,0,,0,Virmel,208425244128444418,,0,virmel,,947070071719731240,,let’s do Udon,2022-02-27T01:49:53.660Z,,,,,,,,,,,,,,,,,,,,,,,0,,,false,,,,,,,,,,,,,,,,,,,,,,,,,,false,,,,,,,,,,,,,,,,,,,,,,,,,,,,,,,,,,,,,,,,,,,,,,,,,,,,,,,,,,,,,,,,,,,,,,,,,,,,,,,,,,,,,,,,,,,,,,,,,2022-02-27T01:49:53.660000+00:00,false,0,virmel,
947307856523321365,,,,,,,,,,,,,,4332e1b0406caf9c2131c873dfcb53a5,,a_89cd445201a0c6c64d46876503d0e90e,1777013999,1226939756617793606,,,,,,0,,0,irfan,410595870380392458,,0,wishingenie,,947070071719731240,,"Can't do the noodles, I'm surprised they don't have a seafood option",2022-02-27T01:43:13.124Z,,,,,,,,,,,,,,,,,,,,,,,0,,,false,,,,,,,,,,,,,,,,,,,,,,,,,,false,,,,,,,,,,,,,,,,,,,,,,,,,,,,,,,,,,,,,,,,,,,,,,,,,,,,,,,,,,,,,,,,,,,,,,,,,,,,,,,,,,,,,,,,,,,,,,,,,2022-02-27T01:43:13.124000+00:00,false,0,wishingenie,
947307719835136000,,,,,,,,,,,,,,4332e1b0406caf9c2131c873dfcb53a5,,a_89cd445201a0c6c64d46876503d0e90e,1777013999,1226939756617793606,,,,,,0,,0,irfan,410595870380392458,,0,wishingenie,,947070071719731240,,Probably 1. bai tong 2. Udon/ramen 3. Mexican,2022-02-27T01:42:40.535Z,,,,,,,,,,,,,,,,,,,,,,,0,,,false,,,,,,,,,,,,,,,,,,,,,,,,,,false,,,,,,,,,,,,,,,,,,,,,,,,,,,,,,,,,,,,,,,,,,,,,,,,,,,,,,,,,,,,,,,,,,,,,,,,,,,,,,,,,,,,,,,,,,,,,,,,,2022-02-27T01:42:40.535000+00:00,false,0,wishingenie,
947306063261233183,,,,,,,,,,,,,,28912437e0390d34d050af4b1a730171,,,,,,,,,,0,,0,Virmel,208425244128444418,,0,virmel,,947070071719731240,,kizuki for ramen. the udon place we went to for udon,2022-02-27T01:36:05.577Z,,,,,,,,,,,,,,,,,,,,,,,0,,,false,,,,,,,,,,,,,,,,,,,,,,,,,,false,,,,,,,,,,,,,,,,,,,,,,,,,,,,,,,,,,,,,,,,,,,,,,,,,,,,,,,,,,,,,,,,,,,,,,,,,,,,,,,,,,,,,,,,,,,,,,,,,2022-02-27T01:36:05.577000+00:00,false,0,virmel,
947305827881086996,,,,,,,,,,,,,,4332e1b0406caf9c2131c873dfcb53a5,,a_89cd445201a0c6c64d46876503d0e90e,1777013999,1226939756617793606,,,,,,0,,0,irfan,410595870380392458,,0,wishingenie,,947070071719731240,,Or is it the same udon place as before?,2022-02-27T01:35:09.458Z,,,,,,,,,,,,,,,,,,,,,,,0,,,false,,,,,,,,,,,,,,,,,,,,,,,,,,false,,,,,,,,,,,,,,,,,,,,,,,,,,,,,,,,,,,,,,,,,,,,,,,,,,,,,,,,,,,,,,,,,,,,,,,,,,,,,,,,,,,,,,,,,,,,,,,,,2022-02-27T01:35:09.458000+00:00,false,0,wishingenie,
947305794725101638,,,,,,,,,,,,,,4332e1b0406caf9c2131c873dfcb53a5,,a_89cd445201a0c6c64d46876503d0e90e,1777013999,1226939756617793606,,,,,,0,,0,irfan,410595870380392458,,0,wishingenie,,947070071719731240,,?,2022-02-27T01:35:01.553Z,,,,,,,,,,,,,,,,,,,,,,,0,,,false,,,,,,,,,,,,,,,,,,,,,,,,,,false,,,,,,,,,,,,,,,,,,,,,,,,,,,,,,,,,,,,,,,,,,,,,,,,,,,,,,,,,,,,,,,,,,,,,,,,,,,,,,,,,,,,,,,,,,,,,,,,,2022-02-27T01:35:01.553000+00:00,false,0,wishingenie,
947305788504961034,,,,,,,,,,,,,,4332e1b0406caf9c2131c873dfcb53a5,,a_89cd445201a0c6c64d46876503d0e90e,1777013999,1226939756617793606,,,,,,0,,0,irfan,410595870380392458,,0,wishingenie,,947070071719731240,,What's the ramen place!,2022-02-27T01:35:00.070Z,,,,,,,,,,,,,,,,,,,,,,,0,,,false,,,,,,,,,,,,,,,,,,,,,,,,,,false,,,,,,,,,,,,,,,,,,,,,,,,,,,,,,,,,,,,,,,,,,,,,,,,,,,,,,,,,,,,,,,,,,,,,,,,,,,,,,,,,,,,,,,,,,,,,,,,,2022-02-27T01:35:00.070000+00:00,false,0,wishingenie,
947305582971461632,,,,,,,,,,,,,,28912437e0390d34d050af4b1a730171,,,,,,,,,,0,,0,Virmel,208425244128444418,,0,virmel,,947070071719731240,,out of the 4 that we listed earlier,2022-02-27T01:34:11.067Z,,,,,,,,,,,,,,,,,,,,,,,0,,,false,,,,,,,,,,,,,,,,,,,,,,,,,,false,,,,,,,,,,,,,,,,,,,,,,,,,,,,,,,,,,,,,,,,,,,,,,,,,,,,,,,,,,,,,,,,,,,,,,,,,,,,,,,,,,,,,,,,,,,,,,,,,2022-02-27T01:34:11.067000+00:00,false,0,virmel,
947305541145853952,,,,,,,,,,,,,,28912437e0390d34d050af4b1a730171,,,,,,,,,,0,,0,Virmel,208425244128444418,,0,virmel,,947070071719731240,,can you rank whatd you prefer?,2022-02-27T01:34:01.095Z,,,,,,,,,,,,,,,,,,,,,,,0,,,false,,,,,,,,,,,,,,,,,,,,,,,,,,false,,,,,,,,,,,,,,,,,,,,,,,,,,,,,,,,,,,,,,,,,,,,,,,,,,,,,,,,,,,,,,,,,,,,,,,,,,,,,,,,,,,,,,,,,,,,,,,,,2022-02-27T01:34:01.095000+00:00,false,0,virmel,
947305441275314196,,,,,,,,,,,,,,28912437e0390d34d050af4b1a730171,,,,,,,,,,0,,0,Virmel,208425244128444418,,0,virmel,,947070071719731240,,yaah np,2022-02-27T01:33:37.284Z,,,,,,,,,,,,,,,,,,,,,,,0,,,false,,,,,,,,,,,,,,,,,,,,,,,,,,false,,,,,,,,,,,,,,,,,,,,,,,,,,,,,,,,,,,,,,,,,,,,,,,,,,,,,,,,,,,,,,,,,,,,,,,,,,,,,,,,,,,,,,,,,,,,,,,,,2022-02-27T01:33:37.284000+00:00,false,0,virmel,
947305415161573416,,,,,,,,,,,,,,4332e1b0406caf9c2131c873dfcb53a5,,a_89cd445201a0c6c64d46876503d0e90e,1777013999,1226939756617793606,,,,,,0,,0,irfan,410595870380392458,,0,wishingenie,,947070071719731240,,They don't have any seafood options,2022-02-27T01:33:31.058Z,,,,,,,,,,,,,,,,,,,,,,,0,,,false,,,,,,,,,,,,,,,,,,,,,,,,,,false,,,,,,,,,,,,,,,,,,,,,,,,,,,,,,,,,,,,,,,,,,,,,,,,,,,,,,,,,,,,,,,,,,,,,,,,,,,,,,,,,,,,,,,,,,,,,,,,,2022-02-27T01:33:31.058000+00:00,false,0,wishingenie,
947305413035057263,,,,,,,,,,,,,,28912437e0390d34d050af4b1a730171,,,,,,,,,,0,,0,Virmel,208425244128444418,,0,virmel,,947070071719731240,,we can change,2022-02-27T01:33:30.551Z,,,,,,,,,,,,,,,,,,,,,,,0,,,false,,,,,,,,,,,,,,,,,,,,,,,,,,false,,,,,,,,,,,,,,,,,,,,,,,,,,,,,,,,,,,,,,,,,,,,,,,,,,,,,,,,,,,,,,,,,,,,,,,,,,,,,,,,,,,,,,,,,,,,,,,,,2022-02-27T01:33:30.551000+00:00,false,0,virmel,
947305394718527529,,,,,,,,,,,,,,4332e1b0406caf9c2131c873dfcb53a5,,a_89cd445201a0c6c64d46876503d0e90e,1777013999,1226939756617793606,,,,,,0,,0,irfan,410595870380392458,,0,wishingenie,,947070071719731240,,I just looked at their menu and I don't think I can eat anything there lmao,2022-02-27T01:33:26.184Z,,,,,,,,,,,,,,,,,,,,,,,0,,,false,,,,,,,,,,,,,,,,,,,,,,,,,,false,,,,,,,,,,,,,,,,,,,,,,,,,,,,,,,,,,,,,,,,,,,,,,,,,,,,,,,,,,,,,,,,,,,,,,,,,,,,,,,,,,,,,,,,,,,,,,,,,2022-02-27T01:33:26.184000+00:00,false,0,wishingenie,
947305353295568907,,,,,,,,,,,,,,4332e1b0406caf9c2131c873dfcb53a5,,a_89cd445201a0c6c64d46876503d0e90e,1777013999,1226939756617793606,,,,,,0,,0,irfan,410595870380392458,,0,wishingenie,,947070071719731240,,Oof,2022-02-27T01:33:16.308Z,,,,,,,,,,,,,,,,,,,,,,,0,,,false,,,,,,,,,,,,,,,,,,,,,,,,,,false,,,,,,,,,,,,,,,,,,,,,,,,,,,,,,,,,,,,,,,,,,,,,,,,,,,,,,,,,,,,,,,,,,,,,,,,,,,,,,,,,,,,,,,,,,,,,,,,,2022-02-27T01:33:16.308000+00:00,false,0,wishingenie,
947305077163585566,,,,,,,,,,,,,,28912437e0390d34d050af4b1a730171,,,,,,,,,,0,,0,Virmel,208425244128444418,,0,virmel,,947070071719731240,,i think so?,2022-02-27T01:32:10.473Z,,,,,,,,,,,,,,,,,,,,,,,0,,,false,,,,,,,,,,,,,,,,,,,,,,,,,,false,,,,,,,,,,,,,,,,,,,,,,,,,,,,,,,,,,,,,,,,,,,,,,,,,,,,,,,,,,,,,,,,,,,,,,,,,,,,,,,,,,,,,,,,,,,,,,,,,2022-02-27T01:32:10.473000+00:00,false,0,virmel,
947305051238584420,,,,,,,,,,,,,,4332e1b0406caf9c2131c873dfcb53a5,,a_89cd445201a0c6c64d46876503d0e90e,1777013999,1226939756617793606,,,,,,0,,0,irfan,410595870380392458,,0,wishingenie,,947070071719731240,,The qin Xian noodles?,2022-02-27T01:32:04.292Z,,,,,,,,,,,,,,,,,,,,,,,0,,,false,,,,,,,,,,,,,,,,,,,,,,,,,,false,,,,,,,,,,,,,,,,,,,,,,,,,,,,,,,,,,,,,,,,,,,,,,,,,,,,,,,,,,,,,,,,,,,,,,,,,,,,,,,,,,,,,,,,,,,,,,,,,2022-02-27T01:32:04.292000+00:00,false,0,wishingenie,
947305048621346827,,,,,,,,,,,,,,28912437e0390d34d050af4b1a730171,,,,,,,,,,0,,0,Virmel,208425244128444418,,0,virmel,,947070071719731240,,"we were deciding between xian noodles, ramen, thai food, and mexican food",2022-02-27T01:32:03.668Z,,,,,,,,,,,,,,,,,,,,,,,0,,,false,,,,,,,,,,,,,,,,,,,,,,,,,,false,,,,,,,,,,,,,,,,,,,,,,,,,,,,,,,,,,,,,,,,,,,,,,,,,,,,,,,,,,,,,,,,,,,,,,,,,,,,,,,,,,,,,,,,,,,,,,,,,2022-02-27T01:32:03.668000+00:00,false,0,virmel,
947304882413637672,,,,,,,,,,,,,,28912437e0390d34d050af4b1a730171,,,,,,,,,,0,,0,Virmel,208425244128444418,,0,virmel,,947070071719731240,,"we have decided on xian noodles but if u have a strong preference of not wanting that, we can change",2022-02-27T01:31:24.041Z,,,,,,,,,,,,,,,,,,,,,,,0,,,false,,,,,,,,,,,,,,,,,,,,,,,,,,false,,,,,,,,,,,,,,,,,,,,,,,,,,,,,,,,,,,,,,,,,,,,,,,,,,,,,,,,,,,,,,,,,,,,,,,,,,,,,,,,,,,,,,,,,,,,,,,,,2022-02-27T01:31:24.041000+00:00,false,0,virmel,
947304781393838100,,,,,,,,,,,,,,28912437e0390d34d050af4b1a730171,,,,,,,,,,0,,0,Virmel,208425244128444418,,0,virmel,,947070071719731240,,together,2022-02-27T01:30:59.956Z,,,,,,,,,,,,,,,,,,,,,,,0,,,false,,,,,,,,,,,,,,,,,,,,,,,,,,false,,,,,,,,,,,,,,,,,,,,,,,,,,,,,,,,,,,,,,,,,,,,,,,,,,,,,,,,,,,,,,,,,,,,,,,,,,,,,,,,,,,,,,,,,,,,,,,,,2022-02-27T01:30:59.956000+00:00,false,0,virmel,
947304773277868072,,,,,,,,,,,,,,28912437e0390d34d050af4b1a730171,,,,,,,,,,0,,0,Virmel,208425244128444418,,0,virmel,,947070071719731240,,hey <@!410595870380392458>  we’ll wait for you to get off at Cal Anderson. we’ll be in the area then we can walk to dinner,2022-02-27T01:30:58.021Z,,,,,,,,,,,,,,,,,,,,,,,0,,,false,,,4332e1b0406caf9c2131c873dfcb53a5,,a_89cd445201a0c6c64d46876503d0e90e,1777013999,1226939756617793606,,,,,0,,0,irfan,410595870380392458,,0,wishingenie,,,,,,,false,,,,,,,,,,,,,,,,,,,,,,,,,,,,,,,,,,,,,,,,,,,,,,,,,,,,,,,,,,,,,,,,,,,,,,,,,,,,,,,,,,,,,,,,,,,,,,,,,2022-02-27T01:30:58.021000+00:00,false,0,virmel,
947301697896710245,,,,,,,,,,,,,,42595d65ea5f89086c8b516f56203bbf,,,,,,,,,,0,,0,Justin,189534213391908865,,0,skiup,,947070071719731240,,7,2022-02-27T01:18:44.793Z,,,,,,,,,,,,,,,,,,,,,,,0,,,false,,,,,,,,,,,,,,,,,,,,,,,,,,false,,,,,,,,,,,,,,,,,,,,,,,,,,,,,,,,,,,,,,,,,,,,,,,,,,,,,,,,,,,,,,,,,,,,,,,,,,,,,,,,,,,,,,,,,,,,,,,,,2022-02-27T01:18:44.793000+00:00,false,0,skiup,
947301660856832071,,,,,,,,,,,,,,4332e1b0406caf9c2131c873dfcb53a5,,a_89cd445201a0c6c64d46876503d0e90e,1777013999,1226939756617793606,,,,,,0,,0,irfan,410595870380392458,,0,wishingenie,,947070071719731240,,what time are you guys planning on eating again?,2022-02-27T01:18:35.962Z,,,,,,,,,,,,,,,,,,,,,,,0,,,false,,,,,,,,,,,,,,,,,,,,,,,,,,false,,,,,,,,,,,,,,,,,,,,,,,,,,,,,,,,,,,,,,,,,,,,,,,,,,,,,,,,,,,,,,,,,,,,,,,,,,,,,,,,,,,,,,,,,,,,,,,,,2022-02-27T01:18:35.962000+00:00,false,0,wishingenie,
947301581647384597,,,,,,,,,,,,,,42595d65ea5f89086c8b516f56203bbf,,,,,,,,,,0,,0,Justin,189534213391908865,,0,skiup,,947070071719731240,,1. Chinese Noodles 2. Udon/Ramen 3. Bai tong 4. Fogon,2022-02-27T01:18:17.077Z,2022-02-27T01:18:22.346000+00:00,,,,,,,,,,,,,,,,,,,,,,0,,,false,,,,,,,,,,,,,,,,,,,,,,,,,,false,,,,,,,,,,,,,,,,,,,,,,,,,,,,,,,,,,,,,,,,,,,,,,,,,,,,,,,,,,,,,,,,,,,,,,,,,,,,,,,,,,,,,,,,,,,,,,,,,2022-02-27T01:18:17.077000+00:00,false,0,skiup,
947301473702805514,,,,,,,,,,,,,,28912437e0390d34d050af4b1a730171,,,,,,,,,,0,,0,Virmel,208425244128444418,,0,virmel,,947070071719731240,,"Ramen / Udon 
Fogon
Xi’an Noodles
Thai",2022-02-27T01:17:51.341Z,,,,,,,,,,,,,,,,,,,,,,,0,,,false,,,,,,,,,,,,,,,,,,,,,,,,,,false,,,,,,,,,,,,,,,,,,,,,,,,,,,,,,,,,,,,,,,,,,,,,,,,,,,,,,,,,,,,,,,,,,,,,,,,,,,,,,,,,,,,,,,,,,,,,,,,,2022-02-27T01:17:51.341000+00:00,false,0,virmel,
947282408150028318,,,,,,,,,,,,,,28912437e0390d34d050af4b1a730171,,,,,,,,,,0,,0,Virmel,208425244128444418,,0,virmel,,947070071719731240,,parked near the field,2022-02-27T00:02:05.759Z,,,,,,,,,,,,,,,,,,,,,,,0,,,false,,,,,,,,,,,,,,,,,,,,,,,,,,false,,,,,,,,,,,,,,,,,,,,,,,,,,,,,,,,,,,,,,,,,,,,,,,,,,,,,,,,,,,,,,,,,,,,,,,,,,,,,,,,,,,,,,,,,,,,,,,,,2022-02-27T00:02:05.759000+00:00,false,0,virmel,
947282052242354216,,,,,,,,,,,,,,42595d65ea5f89086c8b516f56203bbf,,,,,,,,,,0,,0,Justin,189534213391908865,,0,skiup,,947070071719731240,,be there in 5,2022-02-27T00:00:40.904Z,,,,,,,,,,,,,,,,,,,,,,,0,,,false,,,,,,,,,,,,,,,,,,,,,,,,,,false,,,,,,,,,,,,,,,,,,,,,,,,,,,,,,,,,,,,,,,,,,,,,,,,,,,,,,,,,,,,,,,,,,,,,,,,,,,,,,,,,,,,,,,,,,,,,,,,,2022-02-27T00:00:40.904000+00:00,false,0,skiup,
947281591833624627,,,,,,,,,,,,,,28912437e0390d34d050af4b1a730171,,,,,,,,,,0,,0,Virmel,208425244128444418,,0,virmel,,947070071719731240,,<@!189534213391908865> here at carribean place,2022-02-26T23:58:51.134Z,,,,,,,,,,,,,,,,,,,,,,,0,,,false,,,42595d65ea5f89086c8b516f56203bbf,,,,,,,,,0,,0,Justin,189534213391908865,,0,skiup,,,,,,,false,,,,,,,,,,,,,,,,,,,,,,,,,,,,,,,,,,,,,,,,,,,,,,,,,,,,,,,,,,,,,,,,,,,,,,,,,,,,,,,,,,,,,,,,,,,,,,,,,2022-02-26T23:58:51.134000+00:00,false,0,virmel,
947280951858323486,,,,,,,,,,,,,,28912437e0390d34d050af4b1a730171,,,,,,,,,,0,,0,Virmel,208425244128444418,,0,virmel,,947070071719731240,,to carribean,2022-02-26T23:56:18.552Z,,,,,,,,,,,,,,,,,,,,,,,0,,,false,,,,,,,,,,,,,,,,,,,,,,,,,,false,,,,,,,,,,,,,,,,,,,,,,,,,,,,,,,,,,,,,,,,,,,,,,,,,,,,,,,,,,,,,,,,,,,,,,,,,,,,,,,,,,,,,,,,,,,,,,,,,2022-02-26T23:56:18.552000+00:00,false,0,virmel,
947280938491056138,,,,,,,,,,,,,,28912437e0390d34d050af4b1a730171,,,,,,,,,,0,,0,Virmel,208425244128444418,,0,virmel,,947070071719731240,,3 min,2022-02-26T23:56:15.365Z,,,,,,,,,,,,,,,,,,,,,,,0,,,false,,,,,,,,,,,,,,,,,,,,,,,,,,false,,,,,,,,,,,,,,,,,,,,,,,,,,,,,,,,,,,,,,,,,,,,,,,,,,,,,,,,,,,,,,,,,,,,,,,,,,,,,,,,,,,,,,,,,,,,,,,,,2022-02-26T23:56:15.365000+00:00,false,0,virmel,
947280926449213480,,,,,,,,,,,,,,28912437e0390d34d050af4b1a730171,,,,,,,,,,0,,0,Virmel,208425244128444418,,0,virmel,,947070071719731240,,almost there,2022-02-26T23:56:12.494Z,,,,,,,,,,,,,,,,,,,,,,,0,,,false,,,,,,,,,,,,,,,,,,,,,,,,,,false,,,,,,,,,,,,,,,,,,,,,,,,,,,,,,,,,,,,,,,,,,,,,,,,,,,,,,,,,,,,,,,,,,,,,,,,,,,,,,,,,,,,,,,,,,,,,,,,,2022-02-26T23:56:12.494000+00:00,false,0,virmel,
947271314157228092,,,,,,,,,,,,,,e7b2142c8e29f794f4d81eb360d57221,,,,,,,,,,0,,0,Streameast Bartender,263577791105073152,,0,dannydelito.,,947070071719731240,,I'm ready whenever. You guys wanna grab coffee in Seattle?,2022-02-26T23:18:00.745Z,,,,,,,,,,,,,,,,,,,,,,,0,,,false,,,,,,,,,,,,,,,,,,,,,,,,,,false,,,,,,,,,,,,,,,,,,,,,,,,,,,,,,,,,,,,,,,,,,,,,,,,,,,,,,,,,,,,,,,,,,,,,,,,,,,,,,,,,,,,,,,,,,,,,,,,,2022-02-26T23:18:00.745000+00:00,false,0,dannydelito.,
947261713999360020,,,,,,,,,,,,,,28912437e0390d34d050af4b1a730171,,,,,,,,,,0,,0,Virmel,208425244128444418,,0,virmel,,947070071719731240,,with some minutes,2022-02-26T22:39:51.889Z,,,,,,,,,,,,,,,,,,,,,,,0,,,false,,,,,,,,,,,,,,,,,,,,,,,,,,false,,,,,,,,,,,,,,,,,,,,,,,,,,,,,,,,,,,,,,,,,,,,,,,,,,,,,,,,,,,,,,,,,,,,,,,,,,,,,,,,,,,,,,,,,,,,,,,,,2022-02-26T22:39:51.889000+00:00,false,0,virmel,
947261572114415706,,,,,,,,,,,,,,28912437e0390d34d050af4b1a730171,,,,,,,,,,0,,0,Virmel,208425244128444418,,0,virmel,,947070071719731240,,one hour,2022-02-26T22:39:18.061Z,,,,,,,,,,,,,,,,,,,,,,,0,,,false,,,,,,,,,,,,,,,,,,,,,,,,,,false,,,,0,false,1,0,1,692565757539647609,pepehappy,false,false,,,,,,,,,,,,,,,,,,,,,,,,,,,,,,,,,,,,,,,,,,,,,,,,,,,,,,,,,,,,,,,,,,,,,,,,,,,,,,,,,,,,,2022-02-26T22:39:18.061000+00:00,false,0,virmel,
947261421903839272,,,,,,,,,,,,,,42595d65ea5f89086c8b516f56203bbf,,,,,,,,,,0,,0,Justin,189534213391908865,,0,skiup,,947070071719731240,,eta to seattle? <@!208425244128444418>,2022-02-26T22:38:42.248Z,,,,,,,,,,,,,,,,,,,,,,,0,,,false,,,28912437e0390d34d050af4b1a730171,,,,,,,,,0,,0,Virmel,208425244128444418,,0,virmel,,,,,,,false,,,,,,,,,,,,,,,,,,,,,,,,,,,,,,,,,,,,,,,,,,,,,,,,,,,,,,,,,,,,,,,,,,,,,,,,,,,,,,,,,,,,,,,,,,,,,,,,,2022-02-26T22:38:42.248000+00:00,false,0,skiup,
947260652148383825,,,,,,,,,,,,,,28912437e0390d34d050af4b1a730171,,,,,,,,,,0,,0,Virmel,208425244128444418,,0,virmel,,947070071719731240,,wait nvm i think i remember,2022-02-26T22:35:38.724Z,,,,,,,,,,,,,,,,,,,,,,,0,,,false,,,,,,,,,,,,,,,,,,,,,,,,,,false,,,,,,,,,,,,,,,,,,,,,,,,,,,,,,,,,,,,,,,,,,,,,,,,,,,,,,,,,,,,,,,,,,,,,,,,,,,,,,,,,,,,,,,,,,,,,,,,,2022-02-26T22:35:38.724000+00:00,false,0,virmel,
947260607856521286,,,,,,,,,,,,,,28912437e0390d34d050af4b1a730171,,,,,,,,,,0,,0,Virmel,208425244128444418,,0,virmel,,947070071719731240,,yeah can u send me ur address,2022-02-26T22:35:28.164Z,,,,,,,,,,,,,,,,,,,,,,,0,,,false,,,,,,,,,,,,,,,,,,,,,,,,,,false,,,,,,,,,,,,,,,,,,,,,,,,,,,,,,,,,,,,,,,,,,,,,,,,,,,,,,,,,,,,,,,,,,,,,,,,,,,,,,,,,,,,,,,,,,,,,,,,,2022-02-26T22:35:28.164000+00:00,false,0,virmel,
947259649009262663,,,,,,,,,,,,,,e7b2142c8e29f794f4d81eb360d57221,,,,,,,,,,0,,0,Streameast Bartender,263577791105073152,,0,dannydelito.,,947070071719731240,,<@208425244128444418> you got room? Can I hitch a ride?,2022-02-26T22:31:39.557Z,,,,,,,,,,,,,,,,,,,,,,,0,,,false,,,28912437e0390d34d050af4b1a730171,,,,,,,,,0,,0,Virmel,208425244128444418,,0,virmel,,,,,,,false,,,,,,,,,,,,,,,,,,,,,,,,,,,,,,,,,,,,,,,,,,,,,,,,,,,,,,,,,,,,,,,,,,,,,,,,,,,,,,,,,,,,,,,,,,,,,,,,,2022-02-26T22:31:39.557000+00:00,false,0,dannydelito.,
947255461470699631,,,,,,,,,,,,,,42595d65ea5f89086c8b516f56203bbf,,,,,,,,,,0,,0,Justin,189534213391908865,,0,skiup,,947070071719731240,,On 13th by the field an tennis courts that whole road should be open likely at this time,2022-02-26T22:15:01.170Z,,,,,,,,,,,,,,,,,,,,,,,0,,,false,,,,,,,,,,,,,,,,,,,,,,,,,,false,,,,,,,,,,,,,,,,,,,,,,,,,,,,,,,,,,,,,,,,,,,,,,,,,,,,,,,,,,,,,,,,,,,,,,,,,,,,,,,,,,,,,,,,,,,,,,,,,2022-02-26T22:15:01.170000+00:00,false,0,skiup,
947255345607245906,,,,,image/png,IMG_8282.png,1792,947255345217167431,https://media.discordapp.net/attachments/947070071719731240/947255345217167431/IMG_8282.png?ex=69238749&is=692235c9&hm=698ce76014661fdb7bcb495172736456beb35dd0c28fbb2a472d9ef472fa5e76&,5780750,https://cdn.discordapp.com/attachments/947070071719731240/947255345217167431/IMG_8282.png?ex=69238749&is=692235c9&hm=698ce76014661fdb7bcb495172736456beb35dd0c28fbb2a472d9ef472fa5e76&,828,,42595d65ea5f89086c8b516f56203bbf,,,,,,,,,,0,,0,Justin,189534213391908865,,0,skiup,,947070071719731240,,,2022-02-26T22:14:33.546Z,,,,,,,,,,,,,,,,,,,,,,,0,,,false,,,,,,,,,,,,,,,,,,,,,,,,,,false,,,,,,,,,,,,,,,,,,,,,,,,,,,,,,,,,,,,,,,,,,,,,,,,,,,,,,,,,,,,,,,,,,,,,,,,,,,,,,,,,,,,,,,,,,,,,,,,,2022-02-26T22:14:33.546000+00:00,false,0,skiup,
947254968577040434,,,,,,,,,,,,,,42595d65ea5f89086c8b516f56203bbf,,,,,,,,,,0,,0,Justin,189534213391908865,,0,skiup,,947070071719731240,,I might park at Rajiv’s back alley behind the caribbean place it shouldn’t be too bad right now,2022-02-26T22:13:03.655Z,,,,,,,,,,,,,,,,,,,,,,,0,,,false,,,,,,,,,,,,,,,,,,,,,,,,,,false,,,,,,,,,,,,,,,,,,,,,,,,,,,,,,,,,,,,,,,,,,,,,,,,,,,,,,,,,,,,,,,,,,,,,,,,,,,,,,,,,,,,,,,,,,,,,,,,,2022-02-26T22:13:03.655000+00:00,false,0,skiup,
947254629362724945,,,,,,,,,,,,,,28912437e0390d34d050af4b1a730171,,,,,,,,,,0,,0,Virmel,208425244128444418,,0,virmel,,947070071719731240,,Broadway Garage: https://goo.gl/maps/85K8FeNVsteA4ySv5,2022-02-26T22:11:42.780Z,,,,,,,Parking garage,"Broadway Garage · Broadway, Seattle, WA 98122",,,0,256,https://images-ext-1.discordapp.net/external/6BHoHzg_vAZxGsvaO5-XbVEFgs9Mtd9LwvRYvWpd01E/%3Fcb_client%3Dmaps_sv.tactile%26output%3Dthumbnail%26thumb%3D2%26panoid%3DXEGZUcO1RLJ4gUmCTE2uoQ%26w%3D256%26h%3D256%26yaw%3D86%26pitch%3D0%26thumbfov%3D75%26ll%3D47.609958%2C-122.320813/https/geo0.ggpht.com/cbk,"https://geo0.ggpht.com/cbk?cb_client=maps_sv.tactile&output=thumbnail&thumb=2&panoid=XEGZUcO1RLJ4gUmCTE2uoQ&w=256&h=256&yaw=86&pitch=0&thumbfov=75&ll=47.609958,-122.320813",256,"Broadway Garage · Broadway, Seattle, WA 98122",link,https://goo.gl/maps/85K8FeNVsteA4ySv5,,,,,0,,,false,,,,,,,,,,,,,,,,,,,,,,,,,,false,,,,,,,,,,,,,,,,,,,,,,,,,,,,,,,,,,,,,,,,,,,,,,,,,,,,,,,,,,,,,,,,,,,,,,,,,,,,,,,,,,,,,,,,,,,,,,,,,2022-02-26T22:11:42.780000+00:00,false,0,virmel,
947254242878582804,,,,,,,,,,,,,,4332e1b0406caf9c2131c873dfcb53a5,,a_89cd445201a0c6c64d46876503d0e90e,1777013999,1226939756617793606,,,,,,0,,0,irfan,410595870380392458,,0,wishingenie,,947070071719731240,,i won't be there till at least 6 anyway,2022-02-26T22:10:10.635Z,,,,,,,,,,,,,,,,,,,,,,,0,,,false,,,,,,,,,,,,,,,,,,,,,,,,,,false,,,,,,,,,,,,,,,,,,,,,,,,,,,,,,,,,,,,,,,,,,,,,,,,,,,,,,,,,,,,,,,,,,,,,,,,,,,,,,,,,,,,,,,,,,,,,,,,,2022-02-26T22:10:10.635000+00:00,false,0,wishingenie,
947254172875644969,,,,,,,,,,,,,,28912437e0390d34d050af4b1a730171,,,,,,,,,,0,,0,Virmel,208425244128444418,,0,virmel,,947070071719731240,,8 dollars but only after 5pm.,2022-02-26T22:09:53.945Z,,,,,,,,,,,,,,,,,,,,,,,0,,,false,,,,,,,,,,,,,,,,,,,,,,,,,,false,,,,,,,,,,,,,,,,,,,,,,,,,,,,,,,,,,,,,,,,,,,,,,,,,,,,,,,,,,,,,,,,,,,,,,,,,,,,,,,,,,,,,,,,,,,,,,,,,2022-02-26T22:09:53.945000+00:00,false,0,virmel,
947253877621796895,,,,,,,,,,,,,,4332e1b0406caf9c2131c873dfcb53a5,,a_89cd445201a0c6c64d46876503d0e90e,1777013999,1226939756617793606,,,,,,0,,0,irfan,410595870380392458,,0,wishingenie,,947070071719731240,,thanks,2022-02-26T22:08:43.551Z,,,,,,,,,,,,,,,,,,,,,,,0,,,false,,,,,,,,,,,,,,,,,,,,,,,,,,false,,,,,,,,,,,,,,,,,,,,,,,,,,,,,,,,,,,,,,,,,,,,,,,,,,,,,,,,,,,,,,,,,,,,,,,,,,,,,,,,,,,,,,,,,,,,,,,,,2022-02-26T22:08:43.551000+00:00,false,0,wishingenie,
947253838128218194,,,,,,,,,,,,,,28912437e0390d34d050af4b1a730171,,,,,,,,,,0,,0,Virmel,208425244128444418,,0,virmel,,947070071719731240,,I'll look it up right now,2022-02-26T22:08:34.135Z,,,,,,,,,,,,,,,,,,,,,,,0,,,false,,,,,,,,,,,,,,,,,,,,,,,,,,false,,,,,,,,,,,,,,,,,,,,,,,,,,,,,,,,,,,,,,,,,,,,,,,,,,,,,,,,,,,,,,,,,,,,,,,,,,,,,,,,,,,,,,,,,,,,,,,,,2022-02-26T22:08:34.135000+00:00,false,0,virmel,
947253817546797106,,,,,,,,,,,,,,28912437e0390d34d050af4b1a730171,,,,,,,,,,0,,0,Virmel,208425244128444418,,0,virmel,,947070071719731240,,"Off of broadway, there's a parking garage that's like 7 dollars for the whole day I think",2022-02-26T22:08:29.228Z,,,,,,,,,,,,,,,,,,,,,,,0,,,false,,,,,,,,,,,,,,,,,,,,,,,,,,false,,,,,,,,,,,,,,,,,,,,,,,,,,,,,,,,,,,,,,,,,,,,,,,,,,,,,,,,,,,,,,,,,,,,,,,,,,,,,,,,,,,,,,,,,,,,,,,,,2022-02-26T22:08:29.228000+00:00,false,0,virmel,
947253734705102848,,,,,,,,,,,,,,4332e1b0406caf9c2131c873dfcb53a5,,a_89cd445201a0c6c64d46876503d0e90e,1777013999,1226939756617793606,,,,,,0,,0,irfan,410595870380392458,,0,wishingenie,,947070071719731240,,where do you park in SU? and how much is it?,2022-02-26T22:08:09.477Z,,,,,,,,,,,,,,,,,,,,,,,0,,,false,,,,,,,,,,,,,,,,,,,,,,,,,,false,,,,,,,,,,,,,,,,,,,,,,,,,,,,,,,,,,,,,,,,,,,,,,,,,,,,,,,,,,,,,,,,,,,,,,,,,,,,,,,,,,,,,,,,,,,,,,,,,2022-02-26T22:08:09.477000+00:00,false,0,wishingenie,
947253650315690014,,,,,,,,,,,,,,28912437e0390d34d050af4b1a730171,,,,,,,,,,0,,0,Virmel,208425244128444418,,0,virmel,,947070071719731240,,then gas up then head to Seattle,2022-02-26T22:07:49.357Z,,,,,,,,,,,,,,,,,,,,,,,0,,,false,,,,,,,,,,,,,,,,,,,,,,,,,,false,,,,,,,,,,,,,,,,,,,,,,,,,,,,,,,,,,,,,,,,,,,,,,,,,,,,,,,,,,,,,,,,,,,,,,,,,,,,,,,,,,,,,,,,,,,,,,,,,2022-02-26T22:07:49.357000+00:00,false,0,virmel,
947253624856273026,,,,,,,,,,,,,,28912437e0390d34d050af4b1a730171,,,,,,,,,,0,,0,Virmel,208425244128444418,,0,virmel,,947070071719731240,,ima go leave to pickup edward in about 25 min,2022-02-26T22:07:43.287Z,,,,,,,,,,,,,,,,,,,,,,,0,,,false,,,,,,,,,,,,,,,,,,,,,,,,,,false,,,,,,,,,,,,,,,,,,,,,,,,,,,,,,,,,,,,,,,,,,,,,,,,,,,,,,,,,,,,,,,,,,,,,,,,,,,,,,,,,,,,,,,,,,,,,,,,,2022-02-26T22:07:43.287000+00:00,false,0,virmel,
947253571500519474,,,,,,,,,,,,,,28912437e0390d34d050af4b1a730171,,,,,,,,,,0,,0,Virmel,208425244128444418,,0,virmel,,947070071719731240,,I was thinking Justin would park around SU or more near residential / Central District then I'll just pick him up,2022-02-26T22:07:30.566Z,,,,,,,,,,,,,,,,,,,,,,,0,,,false,,,,,,,,,,,,,,,,,,,,,,,,,,false,,,,,,,,,,,,,,,,,,,,,,,,,,,,,,,,,,,,,,,,,,,,,,,,,,,,,,,,,,,,,,,,,,,,,,,,,,,,,,,,,,,,,,,,,,,,,,,,,2022-02-26T22:07:30.566000+00:00,false,0,virmel,
947253388918259742,,,,,,,,,,,,,,28912437e0390d34d050af4b1a730171,,,,,,,,,,0,,0,Virmel,208425244128444418,,0,virmel,,947070071719731240,,"we're about to see, baby",2022-02-26T22:06:47.035Z,,,,,,,,,,,,,,,,,,,,,,,0,,,false,,,,,,,,,,,,,,,,,,,,,,,,,,false,,,,,,,,,,,,,,,,,,,,,,,,,,,,,,,,,,,,,,,,,,,,,,,,,,,,,,,,,,,,,,,,,,,,,,,,,,,,,,,,,,,,,,,,,,,,,,,,,2022-02-26T22:06:47.035000+00:00,false,0,virmel,
947253008041934940,,,,,,,,,,,,,,e7b2142c8e29f794f4d81eb360d57221,,,,,,,,,,0,,0,Streameast Bartender,263577791105073152,,0,dannydelito.,,947070071719731240,,I'll meet you guys in Seattle too. Is parking bad during the day?,2022-02-26T22:05:16.227Z,,,,,,,,,,,,,,,,,,,,,,,0,,,false,,,,,,,,,,,,,,,,,,,,,,,,,,false,,,,,,,,,,,,,,,,,,,,,,,,,,,,,,,,,,,,,,,,,,,,,,,,,,,,,,,,,,,,,,,,,,,,,,,,,,,,,,,,,,,,,,,,,,,,,,,,,2022-02-26T22:05:16.227000+00:00,false,0,dannydelito.,
947219557267963904,,,,,,,,,,,,,,28912437e0390d34d050af4b1a730171,,,,,,,,,,0,,0,Virmel,208425244128444418,,0,virmel,,947070071719731240,,kk. will do,2022-02-26T19:52:20.941Z,,,,,,,,,,,,,,,,,,,,,,,0,,,false,,,,,,,,,,,,,,,,,,,,,,,,,,false,,,,,,,,,,,,,,,,,,,,,,,,,,,,,,,,,,,,,,,,,,,,,,,,,,,,,,,,,,,,,,,,,,,,,,,,,,,,,,,,,,,,,,,,,,,,,,,,,2022-02-26T19:52:20.941000+00:00,false,0,virmel,
947219528025268284,,,,,,,,,,,,,,42595d65ea5f89086c8b516f56203bbf,,,,,,,,,,0,,0,Justin,189534213391908865,,0,skiup,,947070071719731240,,Just let me know an hour before you plan on heading out,2022-02-26T19:52:13.969Z,,,,,,,,,,,,,,,,,,,,,,,0,,,false,,,,,,,,,,,,,,,,,,,,,,,,,,false,,,,,,,,,,,,,,,,,,,,,,,,,,,,,,,,,,,,,,,,,,,,,,,,,,,,,,,,,,,,,,,,,,,,,,,,,,,,,,,,,,,,,,,,,,,,,,,,,2022-02-26T19:52:13.969000+00:00,false,0,skiup,
947219428494426132,,,,,,,,,,,,,,42595d65ea5f89086c8b516f56203bbf,,,,,,,,,,0,,0,Justin,189534213391908865,,0,skiup,,947070071719731240,,I'm down,2022-02-26T19:51:50.239Z,,,,,,,,,,,,,,,,,,,,,,,0,,,false,,,,,,,,,,,,,,,,,,,,,,,,,,false,,,,,,,,,,,,,,,,,,,,,,,,,,,,,,,,,,,,,,,,,,,,,,,,,,,,,,,,,,,,,,,,,,,,,,,,,,,,,,,,,,,,,,,,,,,,,,,,,2022-02-26T19:51:50.239000+00:00,false,0,skiup,
947218737830969345,,,,,,,,,,,,,,28912437e0390d34d050af4b1a730171,,,,,,,,,,0,,0,Virmel,208425244128444418,,0,virmel,,947070071719731240,,"Cap Hill area. If you wanna hang out but don’t wanna deal with driving there, you can park ur car somewhere else and I’ll drive us around",2022-02-26T19:49:05.572Z,,,,,,,,,,,,,,,,,,,,,,,0,,,false,,,,,,,,,,,,,,,,,,,,,,,,,,false,,,,,,,,,,,,,,,,,,,,,,,,,,,,,,,,,,,,,,,,,,,,,,,,,,,,,,,,,,,,,,,,,,,,,,,,,,,,,,,,,,,,,,,,,,,,,,,,,2022-02-26T19:49:05.572000+00:00,false,0,virmel,
947218485820399637,,,,,,,,,,,,,,42595d65ea5f89086c8b516f56203bbf,,,,,,,,,,0,,0,Justin,189534213391908865,,0,skiup,,947070071719731240,,what part of seattle around 3 or 4?,2022-02-26T19:48:05.488Z,,,,,,,,,,,,,,,,,,,,,,,0,,,false,,,,,,,,,,,,,,,,,,,,,,,,,,false,,,,,,,,,,,,,,,,,,,,,,,,,,,,,,,,,,,,,,,,,,,,,,,,,,,,,,,,,,,,,,,,,,,,,,,,,,,,,,,,,,,,,,,,,,,,,,,,,2022-02-26T19:48:05.488000+00:00,false,0,skiup,
947218193343205466,,,,,,,,,,,,,,28912437e0390d34d050af4b1a730171,,,,,,,,,,0,,0,Virmel,208425244128444418,,0,virmel,,947070071719731240,,"be at dinner at 7?
let’s start chucking out suggestions now and decide on one before 5?

i’m also gonna be in Seattle at 3 or 4. prolly gonna chill, do stuff before dinner, feel free to come join me and Edward",2022-02-26T19:46:55.756Z,,,,,,,,,,,,,,,,,,,,,,,0,,,false,,,,,,,,,,,,,,,,,,,,,,,,,,false,,,,,,,,,,,,,,,,,,,,,,,,,,,,,,,,,,,,,,,,,,,,,,,,,,,,,,,,,,,,,,,,,,,,,,,,,,,,,,,,,,,,,,,,,,,,,,,,,2022-02-26T19:46:55.756000+00:00,false,0,virmel,
947217047790690376,,,,,,,,,,,,,,e7b2142c8e29f794f4d81eb360d57221,,,,,,,,,,0,,0,Streameast Bartender,263577791105073152,,0,dannydelito.,,947070071719731240,,What time we meeting up?,2022-02-26T19:42:22.635Z,,,,,,,,,,,,,,,,,,,,,,,0,,,false,,,,,,,,,,,,,,,,,,,,,,,,,,false,,,,,,,,,,,,,,,,,,,,,,,,,,,,,,,,,,,,,,,,,,,,,,,,,,,,,,,,,,,,,,,,,,,,,,,,,,,,,,,,,,,,,,,,,,,,,,,,,2022-02-26T19:42:22.635000+00:00,false,0,dannydelito.,
947195820447506482,,,,,,,,,,,,,,28912437e0390d34d050af4b1a730171,,,,,,,,,,0,,0,Virmel,208425244128444418,,0,virmel,,947070071719731240,,<:pepehappy:692565757539647609>,2022-02-26T18:18:01.642Z,,,,,,,,,,,,,,,,,,,,,,,0,,,false,,,,,,,,,,,,,,,,,,,,,,,,,,false,,,,,,,,,,,,,,,,,,,,,,,,,,,,,,,,,,,,,,,,,,,,,,,,,,,,,,,,,,,,,,,,,,,,,,,,,,,,,,,,,,,,,,,,,,,,,,,,,2022-02-26T18:18:01.642000+00:00,false,0,virmel,
947195746053160971,,,,,,,,,,,,,,4332e1b0406caf9c2131c873dfcb53a5,,a_89cd445201a0c6c64d46876503d0e90e,1777013999,1226939756617793606,,,,,,0,,0,irfan,410595870380392458,,0,wishingenie,,947070071719731240,,love these options,2022-02-26T18:17:43.905Z,,,,,,,,,,,,,,,,,,,,,,,0,,,false,,,,,,,,,,,,,,,,,,,,,,,,,,false,,,,,,,,,,,,,,,,,,,,,,,,,,,,,,,,,,,,,,,,,,,,,,,,,,,,,,,,,,,,,,,,,,,,,,,,,,,,,,,,,,,,,,,,,,,,,,,,,2022-02-26T18:17:43.905000+00:00,false,0,wishingenie,
947195725190680656,,,,,,,,,,,,,,4332e1b0406caf9c2131c873dfcb53a5,,a_89cd445201a0c6c64d46876503d0e90e,1777013999,1226939756617793606,,,,,,0,,0,irfan,410595870380392458,,0,wishingenie,,947070071719731240,,https://discord.com/channels/208425771172102144/947070071719731240/947070362628292628,2022-02-26T18:17:38.931Z,,,,,,,,,,,,,,,,,,,,,,,0,,,false,,,,,,,,,,,,,,,,,,,,,,,,,,false,,,,,,,,,,,,,,,,,,,,,,,,,,,,,,,,,,,,,,,,,,,,,,,,,,,,,,,,,,,,,,,,,,,,,,,,,,,,,,,,,,,,,,,,,,,,,,,,,2022-02-26T18:17:38.931000+00:00,false,0,wishingenie,
947195488900358215,,,,,,,,,,,,,,28912437e0390d34d050af4b1a730171,,,,,,,,,,0,,0,Virmel,208425244128444418,,0,virmel,,947070071719731240,,https://discord.com/channels/208425771172102144/947070071719731240/947070231505932318,2022-02-26T18:16:42.595Z,,,,,,,,,,,,,,,,,,,,,,,0,,,false,,,,,,,,,,,,,,,,,,,,,,,,,,false,,,,,,,,,,,,,,,,,,,,,,,,,,,,,,,,,,,,,,,,,,,,,,,,,,,,,,,,,,,,,,,,,,,,,,,,,,,,,,,,,,,,,,,,,,,,,,,,,2022-02-26T18:16:42.595000+00:00,false,0,virmel,
947193251478241290,,,,,,,,,,,,,,4332e1b0406caf9c2131c873dfcb53a5,,a_89cd445201a0c6c64d46876503d0e90e,1777013999,1226939756617793606,,,,,,0,,0,irfan,410595870380392458,,0,wishingenie,,947070071719731240,,Soooo where's the poll??,2022-02-26T18:07:49.152Z,,,,,,,,,,,,,,,,,,,,,,,0,,,false,,,,,,,,,,,,,,,,,,,,,,,,,,false,,,,,,,,,,,,,,,,,,,,,,,,,,,,,,,,,,,,,,,,,,,,,,,,,,,,,,,,,,,,,,,,,,,,,,,,,,,,,,,,,,,,,,,,,,,,,,,,,2022-02-26T18:07:49.152000+00:00,false,0,wishingenie,
947073658642399232,,,,,,,,,,,,,,28912437e0390d34d050af4b1a730171,,,,,,,,,,0,,0,Virmel,208425244128444418,,0,virmel,,947070071719731240,,https://tenor.com/view/huh-ew-confused-girl-wtf-gif-12886688,2022-02-26T10:12:35.998Z,,,,,,,,Tenor,https://tenor.co,947073658642399232,0,322,https://images-ext-1.discordapp.net/external/QBX_x0-F4YnnIX_KjHJvok8VDHd_KjE9R6ohvJ-NeTg/https/media.tenor.co/images/66db5623ed1a5df270c7a10f22afbf76/tenor.png,https://media.tenor.co/images/66db5623ed1a5df270c7a10f22afbf76/tenor.png,292,,gifv,https://tenor.com/view/huh-ew-confused-girl-wtf-gif-12886688,0,322,https://media.tenor.co/videos/a636e4b8e81b07032a3cca467fb84e4c/mp4,292,0,,,false,,,a48241fa1af665d5133ddb54cf71f225,,,,,,,,,0,,0,blohsh,202595851678384137,,0,billibillie.,,947070071719731240,208425771172102144,947071270162419714,0,,false,0,,,,,,,,,,,,,,,,,,,,,,,,,,,,,,,,,,,a48241fa1af665d5133ddb54cf71f225,,,,,,0,,0,blohsh,202595851678384137,,0,billibillie.,947070071719731240,,im down for poke tmrw,,,0,947071270162419714,false,,,false,2022-02-26T10:03:06.540000+00:00,false,0,,,,,,,,,,,,,,,,,,,,,,,,,,,,,,,,,,2022-02-26T10:12:35.998000+00:00,false,19,virmel,
947071270162419714,,,,,,,,,,,,,,a48241fa1af665d5133ddb54cf71f225,,,,,,,,,,0,,0,blohsh,202595851678384137,,0,billibillie.,,947070071719731240,,im down for poke tmrw,2022-02-26T10:03:06.540Z,,,,,,,,,,,,,,,,,,,,,,,0,,,false,,,,,,,,,,,,,,,,,,,,,,,,,,false,,,,,,,,,,,,,,,,,,,,,,,,,,,,,,,,,,,,,,,,,,,,,,,,,,,,,,,,,,,,,,,,,,,,,,,,,,,,,,,,,,,,,,,,,,,,,,,,,2022-02-26T10:03:06.540000+00:00,false,0,billibillie.,
947071257885687838,,,,,,,,,,,,,,a48241fa1af665d5133ddb54cf71f225,,,,,,,,,,0,,0,blohsh,202595851678384137,,0,billibillie.,,947070071719731240,,hmm that looks pretty good,2022-02-26T10:03:03.613Z,,,,,,,,,,,,,,,,,,,,,,,0,,,false,,,,,,,,,,,,,,,,,,,,,,,,,,false,,,,,,,,,,,,,,,,,,,,,,,,,,,,,,,,,,,,,,,,,,,,,,,,,,,,,,,,,,,,,,,,,,,,,,,,,,,,,,,,,,,,,,,,,,,,,,,,,2022-02-26T10:03:03.613000+00:00,false,0,billibillie.,
947071037139480586,,,,,image/png,sockeye-salmon-poke-spicy-soy-sauce_1200.png,1200,947071036715859978,https://media.discordapp.net/attachments/947070071719731240/947071036715859978/sockeye-salmon-poke-spicy-soy-sauce_1200.png?ex=69238462&is=692232e2&hm=ec2350489bdff9f075b5b8b5956fed81d62860464132ab463d5264a629eb4c68&,3785513,https://cdn.discordapp.com/attachments/947070071719731240/947071036715859978/sockeye-salmon-poke-spicy-soy-sauce_1200.png?ex=69238462&is=692232e2&hm=ec2350489bdff9f075b5b8b5956fed81d62860464132ab463d5264a629eb4c68&,1200,,4332e1b0406caf9c2131c873dfcb53a5,,a_89cd445201a0c6c64d46876503d0e90e,1777013999,1226939756617793606,,,,,,0,,0,irfan,410595870380392458,,0,wishingenie,,947070071719731240,,,2022-02-26T10:02:10.983Z,,,,,,,,,,,,,,,,,,,,,,,0,,,false,,,,,,,,,,,,,,,,,,,,,,,,,,false,,,,,,,,,,,,,,,,,,,,,,,,,,,,,,,,,,,,,,,,,,,,,,,,,,,,,,,,,,,,,,,,,,,,,,,,,,,,,,,,,,,,,,,,,,,,,,,,,2022-02-26T10:02:10.983000+00:00,false,0,wishingenie,
947070897456549940,,,,,,,,,,,,,,4332e1b0406caf9c2131c873dfcb53a5,,a_89cd445201a0c6c64d46876503d0e90e,1777013999,1226939756617793606,,,,,,0,,0,irfan,410595870380392458,,0,wishingenie,,947070071719731240,,You've never had poke?,2022-02-26T10:01:37.680Z,,,,,,,,,,,,,,,,,,,,,,,0,,,false,,,,,,,,,,,,,,,,,,,,,,,,,,false,,,,,,,,,,,,,,,,,,,,,,,,,,,,,,,,,,,,,,,,,,,,,,,,,,,,,,,,,,,,,,,,,,,,,,,,,,,,,,,,,,,,,,,,,,,,,,,,,2022-02-26T10:01:37.680000+00:00,false,0,wishingenie,
947070753726148648,,,,,,,,,,,,,,a48241fa1af665d5133ddb54cf71f225,,,,,,,,,,0,,0,blohsh,202595851678384137,,0,billibillie.,,947070071719731240,,not sure what im voting for..,2022-02-26T10:01:03.412Z,,,,,,,,,,,,,,,,,,,,,,,0,,,false,,,,,,,,,,,,,,,,,,,,,,,,,,false,,,,,,,,,,,,,,,,,,,,,,,,,,,,,,,,,,,,,,,,,,,,,,,,,,,,,,,,,,,,,,,,,,,,,,,,,,,,,,,,,,,,,,,,,,,,,,,,,2022-02-26T10:01:03.412000+00:00,false,0,billibillie.,
947070707949506590,,,,,,,,,,,,,,a48241fa1af665d5133ddb54cf71f225,,,,,,,,,,0,,0,blohsh,202595851678384137,,0,billibillie.,,947070071719731240,,what is poke,2022-02-26T10:00:52.498Z,,,,,,,,,,,,,,,,,,,,,,,0,,,false,,,,,,,,,,,,,,,,,,,,,,,,,,false,,,,,,,,,,,,,,,,,,,,,,,,,,,,,,,,,,,,,,,,,,,,,,,,,,,,,,,,,,,,,,,,,,,,,,,,,,,,,,,,,,,,,,,,,,,,,,,,,2022-02-26T10:00:52.498000+00:00,false,0,billibillie.,
947070362628292628,,,,,,,,,,,,,,ddee536315d017ee1bb01d9f0b31628e,,,,,,,true,,,3691,,65536,,239631525350604801,,65536,Pancake,,947070071719731240,,,2022-02-26T09:59:30.167Z,,,https://cdn.discordapp.com/icons/208425771172102144/a_36b5341a628bb5b46e37df2d2099433a.gif?size=1024,Dinner,https://images-ext-1.discordapp.net/external/sDn2dHkAExrYkqHvvB-F45e4-ajAVk2oivw0l6YyNa0/%3Fsize%3D1024/https/cdn.discordapp.com/icons/208425771172102144/a_36b5341a628bb5b46e37df2d2099433a.gif,2201331,"1️⃣: Sushi
2️⃣: Poke
3️⃣: Seafood Market",,,,,,,,,,rich,,,,,,0,,,false,,,,,,,,,,,,,,,,,,,,,,,,,,false,,,,0,false,2,0,2,,1️⃣,false,false,,0,false,1,0,1,,2️⃣,false,false,,0,false,2,0,2,,3️⃣,false,false,,,,,,,,,,,,,,,,,,,,,,,,,,,,,,,,,,,,,,,,,,,,,,,,,,,,,,,,,,,,,,,,,2022-02-26T09:59:30.167000+00:00,false,0,Pancake,
947070362045268008,,,,,,,,,,,,,,28912437e0390d34d050af4b1a730171,,,,,,,,,,0,,0,Virmel,208425244128444418,,0,virmel,,947070071719731240,,"!poll Dinner, Sushi, Poke, Seafood Market",2022-02-26T09:59:30.028Z,,,,,,,,,,,,,,,,,,,,,,,0,,,false,,,,,,,,,,,,,,,,,,,,,,,,,,false,,,,,,,,,,,,,,,,,,,,,,,,,,,,,,,,,,,,,,,,,,,,,,,,,,,,,,,,,,,,,,,,,,,,,,,,,,,,,,,,,,,,,,,,,,,,,,,,,2022-02-26T09:59:30.028000+00:00,false,0,virmel,
947070238640463873,,,,,,,,,,,,,,e7b2142c8e29f794f4d81eb360d57221,,,,,,,,,,0,,0,Streameast Bartender,263577791105073152,,0,dannydelito.,,947070071719731240,,shabarina is the move right?,2022-02-26T09:59:00.606Z,,,,,,,,,,,,,,,,,,,,,,,0,,,false,,,,,,,,,,,,,,,,,,,,,,,,,,false,,,,,,,,,,,,,,,,,,,,,,,,,,,,,,,,,,,,,,,,,,,,,,,,,,,,,,,,,,,,,,,,,,,,,,,,,,,,,,,,,,,,,,,,,,,,,,,,,2022-02-26T09:59:00.606000+00:00,false,0,dannydelito.,
947070231505932318,,,,,,,,,,,,,,ddee536315d017ee1bb01d9f0b31628e,,,,,,,true,,,3691,,65536,,239631525350604801,,65536,Pancake,,947070071719731240,,,2022-02-26T09:58:58.905Z,,,https://cdn.discordapp.com/icons/208425771172102144/a_36b5341a628bb5b46e37df2d2099433a.gif?size=1024,spaghetti,https://images-ext-1.discordapp.net/external/sDn2dHkAExrYkqHvvB-F45e4-ajAVk2oivw0l6YyNa0/%3Fsize%3D1024/https/cdn.discordapp.com/icons/208425771172102144/a_36b5341a628bb5b46e37df2d2099433a.gif,2201331,1️⃣: jones,,,,,,,,,,rich,,,,,,0,,,false,,,,,,,,,,,,,,,,,,,,,,,,,,false,,,,0,false,4,0,4,,1️⃣,false,false,,,,,,,,,,,,,,,,,,,,,,,,,,,,,,,,,,,,,,,,,,,,,,,,,,,,,,,,,,,,,,,,,,,,,,,,,,,,,,,,,,,,,2022-02-26T09:58:58.905000+00:00,false,0,Pancake,
947070230696439839,,,,,,,,,,,,,,28912437e0390d34d050af4b1a730171,,,,,,,,,,0,,0,Virmel,208425244128444418,,0,virmel,,947070071719731240,,"!poll spaghetti, jones",2022-02-26T09:58:58.712Z,,,,,,,,,,,,,,,,,,,,,,,0,,,false,,,,,,,,,,,,,,,,,,,,,,,,,,false,,,,,,,,,,,,,,,,,,,,,,,,,,,,,,,,,,,,,,,,,,,,,,,,,,,,,,,,,,,,,,,,,,,,,,,,,,,,,,,,,,,,,,,,,,,,,,,,,2022-02-26T09:58:58.712000+00:00,false,0,virmel,
947070211465543700,,,,,,,,,,,,,,ddee536315d017ee1bb01d9f0b31628e,,,,,,,true,,,3691,,65536,,239631525350604801,,65536,Pancake,,947070071719731240,,"<:xtick:502235202261876766> Incorrect usage. Use commas to seperate entries.
Ex: `question, first option, second option`",2022-02-26T09:58:54.127Z,,,,,,,,,,,,,,,,,,,,,,,0,,,false,,,,,,,,,,,,,,,,,,,,,,,,,,false,,,,,,,,,,,,,,,,,,,,,,,,,,,,,,,,,,,,,,,,,,,,,,,,,,,,,,,,,,,,,,,,,,,,,,,,,,,,,,,,,,,,,,,,,,,,,,,,,2022-02-26T09:58:54.127000+00:00,false,0,Pancake,
947070210530213929,,,,,,,,,,,,,,28912437e0390d34d050af4b1a730171,,,,,,,,,,0,,0,Virmel,208425244128444418,,0,virmel,,947070071719731240,,!poll spaghetti spaghettijones,2022-02-26T09:58:53.904Z,,,,,,,,,,,,,,,,,,,,,,,0,,,false,,,,,,,,,,,,,,,,,,,,,,,,,,false,,,,,,,,,,,,,,,,,,,,,,,,,,,,,,,,,,,,,,,,,,,,,,,,,,,,,,,,,,,,,,,,,,,,,,,,,,,,,,,,,,,,,,,,,,,,,,,,,2022-02-26T09:58:53.904000+00:00,false,0,virmel,
947070189218975784,,,,,,,,,,,,,,ddee536315d017ee1bb01d9f0b31628e,,,,,,,true,,,3691,,65536,,239631525350604801,,65536,Pancake,,947070071719731240,,,2022-02-26T09:58:48.823Z,,,,,,15684432,"<:xtick:502235202261876766> **Missing Argument**
    The `entries` argument is required.

Usage: `!poll <entries>`",,,,,,,,,,rich,,,,,,0,,,false,,,,,,,,,,,,,,,,,,,,,,,,,,false,,,,0,false,1,0,1,502235202261876766,xtick,false,false,,,,,,,,,,,,,,,,,,,,,,,,,,,,,,,,,,,,,,,,,,,,,,,,,,,,,,,,,,,,,,,,,,,,,,,,,,,,,,,,,,,,,2022-02-26T09:58:48.823000+00:00,false,0,Pancake,
947070187738370079,,,,,,,,,,,,,,28912437e0390d34d050af4b1a730171,,,,,,,,,,0,,0,Virmel,208425244128444418,,0,virmel,,947070071719731240,,!poll,2022-02-26T09:58:48.470Z,,,,,,,,,,,,,,,,,,,,,,,0,,,false,,,,,,,,,,,,,,,,,,,,,,,,,,false,,,,,,,,,,,,,,,,,,,,,,,,,,,,,,,,,,,,,,,,,,,,,,,,,,,,,,,,,,,,,,,,,,,,,,,,,,,,,,,,,,,,,,,,,,,,,,,,,2022-02-26T09:58:48.470000+00:00,false,0,virmel,
947070131085922314,,,,,,,,,,,,,,4332e1b0406caf9c2131c873dfcb53a5,,a_89cd445201a0c6c64d46876503d0e90e,1777013999,1226939756617793606,,,,,,0,,0,irfan,410595870380392458,,0,wishingenie,,947070071719731240,,i love threads!!,2022-02-26T09:58:34.963Z,,,,,,,,,,,,,,,,,,,,,,,0,,,false,,,,,,,,,,,,,,,,,,,,,,,,,,false,,,,,,,,,,,,,,,,,,,,,,,,,,,,,,,,,,,,,,,,,,,,,,,,,,,,,,,,,,,,,,,,,,,,,,,,,,,,,,,,,,,,,,,,,,,,,,,,,2022-02-26T09:58:34.963000+00:00,false,0,wishingenie,
947070074118897694,,,,,,,,,,,,,,28912437e0390d34d050af4b1a730171,,,,,,,,,,0,,0,Virmel,208425244128444418,,0,virmel,,947070071719731240,,what tha fuck we finna twax on,2022-02-26T09:58:21.381Z,,,,,,,,,,,,,,,,,,,,,,,0,,,false,,,,,,,,,,,,,,,,,,,,,,,,,,false,,,,,,,,,,,,,,,,,,,,,,,,,,,,,,,,,,,,,,,,,,,,,,,,,,,,,,,,,,,,,,,,,,,,,,,,,,,,,,,,,,,,,,,,,,,,,,,,,2022-02-26T09:58:21.381000+00:00,false,0,virmel,
947070071719731240,,,,,,,,,,,,,,28912437e0390d34d050af4b1a730171,,,,,,,,,,0,,0,Virmel,208425244128444418,,0,virmel,,208425771172102144,,Dinner February 26 2022,2022-02-26T09:58:20.809Z,,,,,,,,,,,,,,,,,,,,,,,32,,,false,,,,,,,,,,,,,,,,,,,,,947070071719731240,208425771172102144,,0,,false,,,,,,,,,,,,,,,,,,,,,,,,,,,,,,,,,,,,,,,,,,,,,,,,,,,,,,,,,,,,,,,,,,,,,,,,64000,0,208425771172102144,947070071719731240,947330430628143114,5,208425244128444418,126546653665558528,239631525350604801,189534213391908865,263577791105073152,50,Dinner February 26 2022,208425244128444418,208425771172102144,0,,2022-02-27T20:19:05.559000+00:00,true,1440,2022-02-26T09:58:20.809000+00:00,false,50,11,0,2022-02-26T09:58:20.809000+00:00,false,18,virmel,