id,activity,application,application_id,attachments,author.accent_color,author.avatar,author.avatar_decoration_data,author.avatar_decoration_data.asset,author.avatar_decoration_data.expires_at,author.avatar_decoration_data.sku_id,author.banner,author.banner_color,author.clan,author.clan.badge,author.clan.identity_enabled,author.clan.identity_guild_id,author.clan.tag,author.collectibles,author.collectibles.nameplate.asset,author.collectibles.nameplate.label,author.collectibles.nameplate.palette,author.collectibles.nameplate.sku_id,author.discriminator,author.display_name_styles,author.display_name_styles.colors.0,author.display_name_styles.colors.1,author.display_name_styles.effect_id,author.display_name_styles.font_id,author.flags,author.global_name,author.id,author.primary_guild,author.primary_guild.badge,author.primary_guild.identity_enabled,author.primary_guild.identity_guild_id,author.primary_guild.tag,author.public_flags,author.username,call,channel_id,components,content,date,edited_timestamp,embeds,embeds.0.color,embeds.0.description,embeds.0.provider.name,embeds.0.thumbnail.content_type,embeds.0.thumbnail.flags,embeds.0.thumbnail.height,embeds.0.thumbnail.proxy_url,embeds.0.thumbnail.url,embeds.0.thumbnail.width,embeds.0.title,embeds.0.type,embeds.0.url,flags,interaction,mention_channels,mention_everyone,mentions,mentions.0.accent_color,mentions.0.avatar,mentions.0.avatar_decoration_data,mentions.0.banner,mentions.0.banner_color,mentions.0.clan,mentions.0.collectibles,mentions.0.discriminator,mentions.0.display_name_styles,mentions.0.flags,mentions.0.global_name,mentions.0.id,mentions.0.primary_guild,mentions.0.public_flags,mentions.0.username,message_reference,message_reference.channel_id,message_reference.guild_id,message_reference.message_id,message_reference.type,nonce,pinned,position,reactions,reactions.0.burst_colors,reactions.0.burst_count,reactions.0.burst_me,reactions.0.count,reactions.0.count_details.burst,reactions.0.count_details.normal,reactions.0.emoji.id,reactions.0.emoji.name,reactions.0.me,reactions.0.me_burst,reactions.1.burst_colors,reactions.1.burst_count,reactions.1.burst_me,reactions.1.count,reactions.1.count_details.burst,reactions.1.count_details.normal,reactions.1.emoji.id,reactions.1.emoji.name,reactions.1.me,reactions.1.me_burst,reactions.2.burst_colors,reactions.2.burst_count,reactions.2.burst_me,reactions.2.count,reactions.2.count_details.burst,reactions.2.count_details.normal,reactions.2.emoji.id,reactions.2.emoji.name,reactions.2.me,reactions.2.me_burst,referenced_message,referenced_message.attachments,referenced_message.author.accent_color,referenced_message.author.avatar,referenced_message.author.avatar_decoration_data,referenced_message.author.banner,referenced_message.author.banner_color,referenced_message.author.clan,referenced_message.author.collectibles,referenced_message.author.discriminator,referenced_message.author.display_name_styles,referenced_message.author.flags,referenced_message.author.global_name,referenced_message.author.id,referenced_message.author.primary_guild,referenced_message.author.public_flags,referenced_message.author.username,referenced_message.channel_id,referenced_message.components,referenced_message.content,referenced_message.edited_timestamp,referenced_message.embeds,referenced_message.flags,referenced_message.id,referenced_message.mention_everyone,referenced_message.mention_roles,referenced_message.mentions,referenced_message.pinned,referenced_message.timestamp,referenced_message.tts,referenced_message.type,resolved,role_subscription_data,sticker_items,stickers,thread,thread.bitrate,thread.flags,thread.guild_id,thread.id,thread.last_message_id,thread.member_count,thread.member_ids_preview.0,thread.member_ids_preview.1,thread.member_ids_preview.2,thread.member_ids_preview.3,thread.member_ids_preview.4,thread.message_count,thread.name,thread.owner_id,thread.parent_id,thread.rate_limit_per_user,thread.rtc_region,thread.thread_metadata.archive_timestamp,thread.thread_metadata.archived,thread.thread_metadata.auto_archive_duration,thread.thread_metadata.create_timestamp,thread.thread_metadata.locked,thread.total_message_sent,thread.type,thread.user_limit,timestamp,tts,type,userName,webhook_id
973688163832852580,,,,,,8770eb821819855269d55dc90cde4a5b,,,,,,,,,,,,,,,,,0,,,,,,0,Bussley,175488352949108736,,,,,,0,bussley,,973350191832920084,,You can surely climb the trees,2022-05-10T20:49:08.509Z,,,,,,,,,,,,,,,0,,,false,,,,,,,,,,,,,,,,,,,,,,,false,,,,,,,,,,,,,,,,,,,,,,,,,,,,,,,,,,,,,,,,,,,,,,,,,,,,,,,,,,,,,,,,,,,,,,,,,,,,,,,,,,,,,,,,,,,,,,2022-05-10T20:49:08.509000+00:00,false,0,bussley,
973688133826777178,,,,,,8770eb821819855269d55dc90cde4a5b,,,,,,,,,,,,,,,,,0,,,,,,0,Bussley,175488352949108736,,,,,,0,bussley,,973350191832920084,,But there are trees there,2022-05-10T20:49:01.355Z,,,,,,,,,,,,,,,0,,,false,,,,,,,,,,,,,,,,,,,,,,,false,,,,,,,,,,,,,,,,,,,,,,,,,,,,,,,,,,,,,,,,,,,,,,,,,,,,,,,,,,,,,,,,,,,,,,,,,,,,,,,,,,,,,,,,,,,,,,2022-05-10T20:49:01.355000+00:00,false,0,bussley,
973682355162218597,,,,,,2f6ca3c05030fc9aab3c3d5ba3ef8d3a,,,,,,,,,,,,,,,,,0,,,,,,0,Jerred,160509172704739328,,,,,,0,sjerred,,973350191832920084,,update actually i have a climbing class that saturday :/,2022-05-10T20:26:03.614Z,,,,,,,,,,,,,,,0,,,false,,,,,,,,,,,,,,,,,,,,,,,false,,,,0,false,1,0,1,692560411643346974,pepehands,false,false,,,,,,,,,,,,,,,,,,,,,,,,,,,,,,,,,,,,,,,,,,,,,,,,,,,,,,,,,,,,,,,,,,,,,,,,,,,,,,,,,,2022-05-10T20:26:03.614000+00:00,false,0,sjerred,
973674079288696832,,,,,,2f6ca3c05030fc9aab3c3d5ba3ef8d3a,,,,,,,,,,,,,,,,,0,,,,,,0,Jerred,160509172704739328,,,,,,0,sjerred,,973350191832920084,,I'd be down! I've got concerts Friday and Sunday tho,2022-05-10T19:53:10.492Z,,,,,,,,,,,,,,,0,,,false,,,,,,,,,,,,,,,,,,,,,,,false,,,,,,,,,,,,,,,,,,,,,,,,,,,,,,,,,,,,,,,,,,,,,,,,,,,,,,,,,,,,,,,,,,,,,,,,,,,,,,,,,,,,,,,,,,,,,,2022-05-10T19:53:10.492000+00:00,false,0,sjerred,
973421983566012436,,,,,,438f329cf77c137086671b969a39d2b1,,,,,,,,,,491296025953173514,,,,,,,0,,,,,,0,yuzka,528096854831792159,,,,491296025953173514,,0,yuzka,,973350191832920084,,Surely there's reception there,2022-05-10T03:11:26.188Z,,,,,,,,,,,,,,,0,,,false,,,,,,,,,,,,,,,,,,,,,,,false,,,,,,,,,,,,,,,,,,,,,,,,,,,,,,,,,,,,,,,,,,,,,,,,,,,,,,,,,,,,,,,,,,,,,,,,,,,,,,,,,,,,,,,,,,,,,,2022-05-10T03:11:26.188000+00:00,false,0,yuzka,
973421932433277028,,,,,,438f329cf77c137086671b969a39d2b1,,,,,,,,,,491296025953173514,,,,,,,0,,,,,,0,yuzka,528096854831792159,,,,491296025953173514,,0,yuzka,,973350191832920084,,Ashford?,2022-05-10T03:11:13.997Z,,,,,,,,,,,,,,,0,,,false,,,,,,,,,,,,,,,,,,,,,,,false,,,,,,,,,,,,,,,,,,,,,,,,,,,,,,,,,,,,,,,,,,,,,,,,,,,,,,,,,,,,,,,,,,,,,,,,,,,,,,,,,,,,,,,,,,,,,,2022-05-10T03:11:13.997000+00:00,false,0,yuzka,
973418738999255080,,,,,,8770eb821819855269d55dc90cde4a5b,,,,,,,,,,,,,,,,,0,,,,,,0,Bussley,175488352949108736,,,,,,0,bussley,,973350191832920084,,That loddge has some Christian camp vibes,2022-05-10T02:58:32.623Z,,,,,,,,,,,,,,,0,,,false,,,,,,,,,,,,,,,,,,,,,,,false,,,,,,,,,,,,,,,,,,,,,,,,,,,,,,,,,,,,,,,,,,,,,,,,,,,,,,,,,,,,,,,,,,,,,,,,,,,,,,,,,,,,,,,,,,,,,,2022-05-10T02:58:32.623000+00:00,false,0,bussley,
973417293822455838,,,,,,d970d6b2608498a58d5138a98a247e19,,,,,,,,,,,,,,,,,0,,,,,,0,DaVinci Resolve Addict,208404668026454016,,,,,,0,snipzar,,973350191832920084,,https://www.airbnb.com/rooms/619864414834826561?adults=12&check_in=2022-07-15&check_out=2022-07-17&federated_search_id=32f7cf0c-1f71-4a9d-9be0-e457350d4155&source_impression_id=p3_1652151091_AEoWlIUN1dKqsOeC,2022-05-10T02:52:48.066Z,,,16777215,"Entire home/apt in Ashford, United States. The whole group will be comfortable in this spacious and unique space cabin. The Large Lodge is a right choice for a group of 15 - 24 visitors who ...",Airbnb,image/jpeg,0,408,https://images-ext-1.discordapp.net/external/YFR7SVeoxORp-J_y3JsY2emBhNbWmlDp1nNrijcGIgU/%3Fim_w%3D720/https/a0.muscache.com/im/pictures/miso/Hosting-617679759174040904/original/584e3588-ca3e-47a9-95af-e3cf8d07de32.png,https://a0.muscache.com/im/pictures/miso/Hosting-617679759174040904/original/584e3588-ca3e-47a9-95af-e3cf8d07de32.png?im_w=720,720,Large Lodge at Rainier Lodge (0.4 m from entrance) - Cabins for Ren...,image,https://www.airbnb.com/rooms/619864414834826561?adults=12&check_in=2022-07-15&check_out=2022-07-17&federated_search_id=32f7cf0c-1f71-4a9d-9be0-e457350d4155&source_impression_id=p3_1652151091_AEoWlIUN1dKqsOeC,0,,,false,,,,,,,,,,,,,,,,,,,,,,,false,,,,,,,,,,,,,,,,,,,,,,,,,,,,,,,,,,,,,,,,,,,,,,,,,,,,,,,,,,,,,,,,,,,,,,,,,,,,,,,,,,,,,,,,,,,,,,2022-05-10T02:52:48.066000+00:00,false,0,snipzar,
973404479418433606,,,,,,d970d6b2608498a58d5138a98a247e19,,,,,,,,,,,,,,,,,0,,,,,,0,DaVinci Resolve Addict,208404668026454016,,,,,,0,snipzar,,973350191832920084,,LOLOL,2022-05-10T02:01:52.874Z,,,,,,,,,,,,,,,0,,,false,,,,,,,,,,,,,,,,,,,,,,,false,,,,,,,,,,,,,,,,,,,,,,,,,,,,,,,,,,,,,,,,,,,,,,,,,,,,,,,,,,,,,,,,,,,,,,,,,,,,,,,,,,,,,,,,,,,,,,2022-05-10T02:01:52.874000+00:00,false,0,snipzar,
973404138731880448,,,,,,28912437e0390d34d050af4b1a730171,,,,,,,,,,,,,,,,,0,,,,,,0,Virmel,208425244128444418,,,,,,0,virmel,,973350191832920084,,scratch that. we can think of something else!,2022-05-10T02:00:31.648Z,,,,,,,,,,,,,,,0,,,false,,,,,,,,,,,,,,,,,,,,,,,false,,,,,,,,,,,,,,,,,,,,,,,,,,,,,,,,,,,,,,,,,,,,,,,,,,,,,,,,,,,,,,,,,,,,,,,,,,,,,,,,,,,,,,,,,,,,,,2022-05-10T02:00:31.648000+00:00,false,0,virmel,
973404070528299068,,,,,,28912437e0390d34d050af4b1a730171,,,,,,,,,,,,,,,,,0,,,,,,0,Virmel,208425244128444418,,,,,,0,virmel,,973350191832920084,,.. huh.,2022-05-10T02:00:15.387Z,,,,,,,,,,,,,,,0,,,false,,,,,,,,,,,,,,,,,,,,,,,false,,,,,,,,,,,,,,,,,,,,,,,,,,,,,,,,,,,,,,,,,,,,,,,,,,,,,,,,,,,,,,,,,,,,,,,,,,,,,,,,,,,,,,,,,,,,,,2022-05-10T02:00:15.387000+00:00,false,0,virmel,
973404038269919292,,,,,,28912437e0390d34d050af4b1a730171,,,,,,,,,,,,,,,,,0,,,,,,0,Virmel,208425244128444418,,,,,,0,virmel,,973350191832920084,,hmm,2022-05-10T02:00:07.696Z,,,,,,,,,,,,,,,0,,,false,,,,,,,,,,,,,,,,,,,,,,,false,,,,,,,,,,,,,,,,,,,,,,,,,,,,,,,,,,,,,,,,,,,,,,,,,,,,,,,,,,,,,,,,,,,,,,,,,,,,,,,,,,,,,,,,,,,,,,2022-05-10T02:00:07.696000+00:00,false,0,virmel,
973404007982858270,,,,,,4332e1b0406caf9c2131c873dfcb53a5,,a_89cd445201a0c6c64d46876503d0e90e,1777013999,1226939756617793606,,,,,,,,,,,,,0,,,,,,0,irfan,410595870380392458,,,,,,0,wishingenie,,973350191832920084,,yeah.. me neither...,2022-05-10T02:00:00.475Z,,,,,,,,,,,,,,,0,,,false,,,,,,,,,,,,,,,,,,,,,,,false,,,,,,,,,,,,,,,,,,,,,,,,,,,,,,,,,,,,,,,,,,,,,,,,,,,,,,,,,,,,,,,,,,,,,,,,,,,,,,,,,,,,,,,,,,,,,,2022-05-10T02:00:00.475000+00:00,false,0,wishingenie,
973403972532572160,,,,,,c52e4bdd2e7a2b96437062c91810043d,,a_cb8bbe431a4c3b88c11096ff8b46907a,,1365410896029159607,,,,79dae93b4acc456cc8aaf6ed2accc540,true,1368972275608453170,OVRW,,nameplates/nameplates/cat_beans/,COLLECTIBLES_NAMEPLATES_CAT_BEANS_A11Y,violet,1349849614143979540,0,,5113856,12165795,2,11,0,Windcatcher,331238905619677185,,79dae93b4acc456cc8aaf6ed2accc540,true,1368972275608453170,OVRW,0,windcatcher,,973350191832920084,,uh i dont think i wanna see you guys naked,2022-05-10T01:59:52.023Z,,,,,,,,,,,,,,,0,,,false,,,,,,,,,,,,,,,,,,,,,,,false,,,,,,,,,,,,,,,,,,,,,,,,,,,,,,,,,,,,,,,,,,,,,,,,,,,,,,,,,,,,,,,,,,,,,,,,,,,,,,,,,,,,,,,,,,,,,,2022-05-10T01:59:52.023000+00:00,false,0,windcatcher,
973403930866376714,,,,,,28912437e0390d34d050af4b1a730171,,,,,,,,,,,,,,,,,0,,,,,,0,Virmel,208425244128444418,,,,,,0,virmel,,973350191832920084,,I'm just saying what we were all imagining,2022-05-10T01:59:42.089Z,,,,,,,,,,,,,,,0,,,false,,,,,,,,,,,,,,,,,,,,,,,false,,,,,,,,,,,,,,,,,,,,,,,,,,,,,,,,,,,,,,,,,,,,,,,,,,,,,,,,,,,,,,,,,,,,,,,,,,,,,,,,,,,,,,,,,,,,,,2022-05-10T01:59:42.089000+00:00,false,0,virmel,
973403885739835442,,,,,,4332e1b0406caf9c2131c873dfcb53a5,,a_89cd445201a0c6c64d46876503d0e90e,1777013999,1226939756617793606,,,,,,,,,,,,,0,,,,,,0,irfan,410595870380392458,,,,,,0,wishingenie,,973350191832920084,,dude... what?,2022-05-10T01:59:31.330Z,,,,,,,,,,,,,,,0,,,false,,,,,,,,,,,,,,,,,,,,,,,false,,,,,,,,,,,,,,,,,,,,,,,,,,,,,,,,,,,,,,,,,,,,,,,,,,,,,,,,,,,,,,,,,,,,,,,,,,,,,,,,,,,,,,,,,,,,,,2022-05-10T01:59:31.330000+00:00,false,0,wishingenie,
973403821646704800,,,,,,28912437e0390d34d050af4b1a730171,,,,,,,,,,,,,,,,,0,,,,,,0,Virmel,208425244128444418,,,,,,0,virmel,,973350191832920084,,that'd be ||gas||,2022-05-10T01:59:16.049Z,,,,,,,,,,,,,,,0,,,false,,,,,,,,,,,,,,,,,,,,,,,false,,,,,,,,,,,,,,,,,,,,,,,,,,,,,,,,,,,,,,,,,,,,,,,,,,,,,,,,,,,,,,,,,,,,,,,,,,,,,,,,,,,,,,,,,,,,,,2022-05-10T01:59:16.049000+00:00,false,0,virmel,
973403781339439114,,,,,,28912437e0390d34d050af4b1a730171,,,,,,,,,,,,,,,,,0,,,,,,0,Virmel,208425244128444418,,,,,,0,virmel,,973350191832920084,,imagine: awesome times at the coast!,2022-05-10T01:59:06.439Z,2022-05-10T02:00:43.524000+00:00,,,,,,,,,,,,,,0,,,false,,,,,,,,,,,,,,,,,,,,,,,false,,,,,,,,,,,,,,,,,,,,,,,,,,,,,,,,,,,,,,,,,,,,,,,,,,,,,,,,,,,,,,,,,,,,,,,,,,,,,,,,,,,,,,,,,,,,,,2022-05-10T01:59:06.439000+00:00,false,0,virmel,
973403215938846802,,,,,,28912437e0390d34d050af4b1a730171,,,,,,,,,,,,,,,,,0,,,,,,0,Virmel,208425244128444418,,,,,,0,virmel,,973350191832920084,,that'd be great,2022-05-10T01:56:51.637Z,,,,,,,,,,,,,,,0,,,false,,,d970d6b2608498a58d5138a98a247e19,,,,,,0,,0,DaVinci Resolve Addict,208404668026454016,,0,snipzar,,973350191832920084,208425771172102144,973403141343170580,0,,false,0,,,,,,,,,,,,,,,,,,,,,,,,,,,,,,,,,,,d970d6b2608498a58d5138a98a247e19,,,,,,0,,0,DaVinci Resolve Addict,208404668026454016,,0,snipzar,973350191832920084,,our group is thinking near the coast too,,,0,973403141343170580,false,,,false,2022-05-10T01:56:33.852000+00:00,false,0,,,,,,,,,,,,,,,,,,,,,,,,,,,,,,,2022-05-10T01:56:51.637000+00:00,false,19,virmel,
973403210373029960,,,,,,d970d6b2608498a58d5138a98a247e19,,,,,,,,,,,,,,,,,0,,,,,,0,DaVinci Resolve Addict,208404668026454016,,,,,,0,snipzar,,973350191832920084,,ill look into some places,2022-05-10T01:56:50.310Z,,,,,,,,,,,,,,,0,,,false,,,,,,,,,,,,,,,,,,,,,,,false,,,,,,,,,,,,,,,,,,,,,,,,,,,,,,,,,,,,,,,,,,,,,,,,,,,,,,,,,,,,,,,,,,,,,,,,,,,,,,,,,,,,,,,,,,,,,,2022-05-10T01:56:50.310000+00:00,false,0,snipzar,
973403143742312498,,,,,,8770eb821819855269d55dc90cde4a5b,,,,,,,,,,,,,,,,,0,,,,,,0,Bussley,175488352949108736,,,,,,0,bussley,,973350191832920084,,Ya this is on the cheaper end lol,2022-05-10T01:56:34.424Z,,,,,,,,,,,,,,,0,,,false,,,,,,,,,,,,,,,,,,,,,,,false,,,,,,,,,,,,,,,,,,,,,,,,,,,,,,,,,,,,,,,,,,,,,,,,,,,,,,,,,,,,,,,,,,,,,,,,,,,,,,,,,,,,,,,,,,,,,,2022-05-10T01:56:34.424000+00:00,false,0,bussley,
973403141343170580,,,,,,d970d6b2608498a58d5138a98a247e19,,,,,,,,,,,,,,,,,0,,,,,,0,DaVinci Resolve Addict,208404668026454016,,,,,,0,snipzar,,973350191832920084,,our group is thinking near the coast too,2022-05-10T01:56:33.852Z,,,,,,,,,,,,,,,0,,,false,,,,,,,,,,,,,,,,,,,,,,,false,,,,,,,,,,,,,,,,,,,,,,,,,,,,,,,,,,,,,,,,,,,,,,,,,,,,,,,,,,,,,,,,,,,,,,,,,,,,,,,,,,,,,,,,,,,,,,2022-05-10T01:56:33.852000+00:00,false,0,snipzar,
973403083965075527,,,,,,d970d6b2608498a58d5138a98a247e19,,,,,,,,,,,,,,,,,0,,,,,,0,DaVinci Resolve Addict,208404668026454016,,,,,,0,snipzar,,973350191832920084,,might consider a different spot then,2022-05-10T01:56:20.172Z,,,,,,,,,,,,,,,0,,,false,,,,,,,,,,,,,,,,,,,,,,,false,,,,,,,,,,,,,,,,,,,,,,,,,,,,,,,,,,,,,,,,,,,,,,,,,,,,,,,,,,,,,,,,,,,,,,,,,,,,,,,,,,,,,,,,,,,,,,2022-05-10T01:56:20.172000+00:00,false,0,snipzar,
973403042684747816,,,,,,8770eb821819855269d55dc90cde4a5b,,,,,,,,,,,,,,,,,0,,,,,,0,Bussley,175488352949108736,,,,,,0,bussley,,973350191832920084,,Ya it is expensive,2022-05-10T01:56:10.330Z,,,,,,,,,,,,,,,0,,,false,,,,,,,,,,,,,,,,,,,,,,,false,,,,,,,,,,,,,,,,,,,,,,,,,,,,,,,,,,,,,,,,,,,,,,,,,,,,,,,,,,,,,,,,,,,,,,,,,,,,,,,,,,,,,,,,,,,,,,2022-05-10T01:56:10.330000+00:00,false,0,bussley,
973403019532173412,,,,,,d970d6b2608498a58d5138a98a247e19,,,,,,,,,,,,,,,,,0,,,,,,0,DaVinci Resolve Addict,208404668026454016,,,,,,0,snipzar,,973350191832920084,,lmaooo,2022-05-10T01:56:04.810Z,,,,,,,,,,,,,,,0,,,false,,,,,,,,,,,,,,,,,,,,,,,false,,,,,,,,,,,,,,,,,,,,,,,,,,,,,,,,,,,,,,,,,,,,,,,,,,,,,,,,,,,,,,,,,,,,,,,,,,,,,,,,,,,,,,,,,,,,,,2022-05-10T01:56:04.810000+00:00,false,0,snipzar,
973403006169128980,,,,,,28912437e0390d34d050af4b1a730171,,,,,,,,,,,,,,,,,0,,,,,,0,Virmel,208425244128444418,,,,,,0,virmel,,973350191832920084,,oop,2022-05-10T01:56:01.624Z,,,,,,,,,,,,,,,0,,,false,,,,,,,,,,,,,,,,,,,,,,,false,,,,,,,,,,,,,,,,,,,,,,,,,,,,,,,,,,,,,,,,,,,,,,,,,,,,,,,,,,,,,,,,,,,,,,,,,,,,,,,,,,,,,,,,,,,,,,2022-05-10T01:56:01.624000+00:00,false,0,virmel,
973402996077649960,,,,,,28912437e0390d34d050af4b1a730171,,,,,,,,,,,,,,,,,0,,,,,,0,Virmel,208425244128444418,,,,,,0,virmel,,973350191832920084,,but that's per night,2022-05-10T01:55:59.218Z,,,,,,,,,,,,,,,0,,,false,,,,,,,,,,,,,,,,,,,,,,,false,,,,,,,,,,,,,,,,,,,,,,,,,,,,,,,,,,,,,,,,,,,,,,,,,,,,,,,,,,,,,,,,,,,,,,,,,,,,,,,,,,,,,,,,,,,,,,2022-05-10T01:55:59.218000+00:00,false,0,virmel,
973402982802669628,,,,,,28912437e0390d34d050af4b1a730171,,,,,,,,,,,,,,,,,0,,,,,,0,Virmel,208425244128444418,,,,,,0,virmel,,973350191832920084,,"was gonna say ""good find"" when i saw the $1,192",2022-05-10T01:55:56.053Z,,,,,,,,,,,,,,,0,,,false,,,,,,,,,,,,,,,,,,,,,,,false,,,,,,,,,,,,,,,,,,,,,,,,,,,,,,,,,,,,,,,,,,,,,,,,,,,,,,,,,,,,,,,,,,,,,,,,,,,,,,,,,,,,,,,,,,,,,,2022-05-10T01:55:56.053000+00:00,false,0,virmel,
973402932705898536,,,,,,28912437e0390d34d050af4b1a730171,,,,,,,,,,,,,,,,,0,,,,,,0,Virmel,208425244128444418,,,,,,0,virmel,,973350191832920084,,oh my,2022-05-10T01:55:44.109Z,,,,,,,,,,,,,,,0,,,false,,,,,,,,,,,,,,,,,,,,,,,false,,,,,,,,,,,,,,,,,,,,,,,,,,,,,,,,,,,,,,,,,,,,,,,,,,,,,,,,,,,,,,,,,,,,,,,,,,,,,,,,,,,,,,,,,,,,,,2022-05-10T01:55:44.109000+00:00,false,0,virmel,
973402842167644211,,,,,,8770eb821819855269d55dc90cde4a5b,,,,,,,,,,,,,,,,,0,,,,,,0,Bussley,175488352949108736,,,,,,0,bussley,,973350191832920084,,"Here, this seems nice, the price is a bit high, but any place near lake chelan is a bit expensive",2022-05-10T01:55:22.523Z,,,,,,,,,,,,,,,0,,,false,,,,,,,,,,,,,,,,,,,,,,,false,,,,,,,,,,,,,,,,,,,,,,,,,,,,,,,,,,,,,,,,,,,,,,,,,,,,,,,,,,,,,,,,,,,,,,,,,,,,,,,,,,,,,,,,,,,,,,2022-05-10T01:55:22.523000+00:00,false,0,bussley,
973402723376574474,,,,,,8770eb821819855269d55dc90cde4a5b,,,,,,,,,,,,,,,,,0,,,,,,0,Bussley,175488352949108736,,,,,,0,bussley,,973350191832920084,,https://www.airbnb.com/rooms/49012138?adults=10&children=0&infants=0&location=Lake%20Chelan%2C%20Washington%2C%20USA&check_in=2022-07-15&check_out=2022-07-18&source_impression_id=p3_1652147589_b8quovZv2hSud%2Bz5,2022-05-10T01:54:54.201Z,,,16777215,"Entire home/apt in Manson, United States. Amazing spacious home designed for large gatherings with over 3300 sq feet on 3 acres of private land (fenced) with an in ground pool (completely f...",Airbnb,image/jpeg,0,540,https://images-ext-1.discordapp.net/external/7623yg3JB2FLEf5D0TlTdouMrCTkikGTuqGXhGYiuSc/%3Fim_w%3D720/https/a0.muscache.com/im/pictures/ee4e7d56-e59e-42ae-a767-03f1e674b807.jpg,https://a0.muscache.com/im/pictures/ee4e7d56-e59e-42ae-a767-03f1e674b807.jpg?im_w=720,720,"en la Villa Sylvetta - Villas for Rent in Manson, Washington, Unite...",image,https://www.airbnb.com/rooms/49012138?adults=10&children=0&infants=0&location=Lake%20Chelan%2C%20Washington%2C%20USA&check_in=2022-07-15&check_out=2022-07-18&source_impression_id=p3_1652147589_b8quovZv2hSud%2Bz5,0,,,false,,,,,,,,,,,,,,,,,,,,,,,false,,,,,,,,,,,,,,,,,,,,,,,,,,,,,,,,,,,,,,,,,,,,,,,,,,,,,,,,,,,,,,,,,,,,,,,,,,,,,,,,,,,,,,,,,,,,,,2022-05-10T01:54:54.201000+00:00,false,0,bussley,
973402671962783744,,,,,,28912437e0390d34d050af4b1a730171,,,,,,,,,,,,,,,,,0,,,,,,0,Virmel,208425244128444418,,,,,,0,virmel,,973350191832920084,,"we'd get wrecked, im sure",2022-05-10T01:54:41.943Z,,,,,,,,,,,,,,,0,,,false,,,,,,,,,,,,,,,,,,,,,,,false,,,,,,,,,,,,,,,,,,,,,,,,,,,,,,,,,,,,,,,,,,,,,,,,,,,,,,,,,,,,,,,,,,,,,,,,,,,,,,,,,,,,,,,,,,,,,,2022-05-10T01:54:41.943000+00:00,false,0,virmel,
973402622507757658,,,,,,28912437e0390d34d050af4b1a730171,,,,,,,,,,,,,,,,,0,,,,,,0,Virmel,208425244128444418,,,,,,0,virmel,,973350191832920084,,yeah. the ones I'm seeing are all in condo complexes,2022-05-10T01:54:30.152Z,,,,,,,,,,,,,,,0,,,false,,,,,,,,,,,,,,,,,,,,,,,false,,,,,,,,,,,,,,,,,,,,,,,,,,,,,,,,,,,,,,,,,,,,,,,,,,,,,,,,,,,,,,,,,,,,,,,,,,,,,,,,,,,,,,,,,,,,,,2022-05-10T01:54:30.152000+00:00,false,0,virmel,
973402539984818246,,,,,,8770eb821819855269d55dc90cde4a5b,,,,,,,,,,,,,,,,,0,,,,,,0,Bussley,175488352949108736,,,,,,0,bussley,,973350191832920084,,"Also want one that is a bit secluded, don't want pissed off neighbors again.",2022-05-10T01:54:10.477Z,,,,,,,,,,,,,,,0,,,false,,,,,,,,,,,,,,,,,,,,,,,false,,,,,,,,,,,,,,,,,,,,,,,,,,,,,,,,,,,,,,,,,,,,,,,,,,,,,,,,,,,,,,,,,,,,,,,,,,,,,,,,,,,,,,,,,,,,,,2022-05-10T01:54:10.477000+00:00,false,0,bussley,
973401942682374175,,,,,,28912437e0390d34d050af4b1a730171,,,,,,,,,,,,,,,,,0,,,,,,0,Virmel,208425244128444418,,,,,,0,virmel,,973350191832920084,,main?,2022-05-10T01:51:48.069Z,,,,,,,,,,,,,,,0,,,false,,,,,,,,,,,,,,,,,,,,,,,false,,,,,,,,,,,,,,,,,,,,,,,,,,,,,,,,,,,,,,,,,,,,,,,,,,,,,,,,,,,,,,,,,,,,,,,,,,,,,,,,,,,,,,,,,,,,,,2022-05-10T01:51:48.069000+00:00,false,0,virmel,
973401807298633848,,,,,,8770eb821819855269d55dc90cde4a5b,,,,,,,,,,,,,,,,,0,,,,,,0,Bussley,175488352949108736,,,,,,0,bussley,,973350191832920084,,"Well depends how main, last time we had like 12 people",2022-05-10T01:51:15.791Z,,,,,,,,,,,,,,,0,,,false,,,,,,,,,,,,,,,,,,,,,,,false,,,,,,,,,,,,,,,,,,,,,,,,,,,,,,,,,,,,,,,,,,,,,,,,,,,,,,,,,,,,,,,,,,,,,,,,,,,,,,,,,,,,,,,,,,,,,,2022-05-10T01:51:15.791000+00:00,false,0,bussley,
973401495980605480,,,,,,28912437e0390d34d050af4b1a730171,,,,,,,,,,,,,,,,,0,,,,,,0,Virmel,208425244128444418,,,,,,0,virmel,,973350191832920084,,would that be 2 airbnbs?,2022-05-10T01:50:01.567Z,,,,,,,,,,,,,,,0,,,false,,,,,,,,,,,,,,,,,,,,,,,false,,,,,,,,,,,,,,,,,,,,,,,,,,,,,,,,,,,,,,,,,,,,,,,,,,,,,,,,,,,,,,,,,,,,,,,,,,,,,,,,,,,,,,,,,,,,,,2022-05-10T01:50:01.567000+00:00,false,0,virmel,
973401339063324743,,,,,,28912437e0390d34d050af4b1a730171,,,,,,,,,,,,,,,,,0,,,,,,0,Virmel,208425244128444418,,,,,,0,virmel,,973350191832920084,,"Oh my god. yeah, what are the options for staying if a large group ends up coming?",2022-05-10T01:49:24.155Z,,,,,,,,,,,,,,,0,,,false,,,,,,,,,,,,,,,,,,,,,,,false,,,,,,,,,,,,,,,,,,,,,,,,,,,,,,,,,,,,,,,,,,,,,,,,,,,,,,,,,,,,,,,,,,,,,,,,,,,,,,,,,,,,,,,,,,,,,,2022-05-10T01:49:24.155000+00:00,false,0,virmel,
973400833431588904,,,,,,8770eb821819855269d55dc90cde4a5b,,,,,,,,,,,,,,,,,0,,,,,,0,Bussley,175488352949108736,,,,,,0,bussley,,973350191832920084,,But I see that there are more airbnbs that would be open if you stay from the 15th to the 18th,2022-05-10T01:47:23.603Z,,,,,,,,,,,,,,,0,,,false,,,,,,,,,,,,,,,,,,,,,,,false,,,,,,,,,,,,,,,,,,,,,,,,,,,,,,,,,,,,,,,,,,,,,,,,,,,,,,,,,,,,,,,,,,,,,,,,,,,,,,,,,,,,,,,,,,,,,,2022-05-10T01:47:23.603000+00:00,false,0,bussley,
973400373836546088,,,,,,4332e1b0406caf9c2131c873dfcb53a5,,a_89cd445201a0c6c64d46876503d0e90e,1777013999,1226939756617793606,,,,,,,,,,,,,0,,,,,,0,irfan,410595870380392458,,,,,,0,wishingenie,,973350191832920084,,Oh yup sign me up!!,2022-05-10T01:45:34.027Z,,,,,,,,,,,,,,,0,,,false,,,8770eb821819855269d55dc90cde4a5b,,,,,,0,,0,Bussley,175488352949108736,,0,bussley,,973350191832920084,208425771172102144,973400153908211805,0,,false,0,,,,,,,,,,,,,,,,,,,,,,,,,,,,,,,,,,,8770eb821819855269d55dc90cde4a5b,,,,,,0,,0,Bussley,175488352949108736,,0,bussley,973350191832920084,,"I see 1 on the weekend, and it is for 27k a night.",,,0,973400153908211805,false,,,false,2022-05-10T01:44:41.592000+00:00,false,0,,,,,,,,,,,,,,,,,,,,,,,,,,,,,,,2022-05-10T01:45:34.027000+00:00,false,19,wishingenie,
973400299165343814,,,,,,28912437e0390d34d050af4b1a730171,,,,,,,,,,,,,,,,,0,,,,,,0,Virmel,208425244128444418,,,,,,0,virmel,,973350191832920084,,sheesh!,2022-05-10T01:45:16.224Z,,,,,,,,,,,,,,,0,,,false,,,,,,,,,,,,,,,,,,,,,,,false,,,,,,,,,,,,,,,,,,,,,,,,,,,,,,,,,,,,,,,,,,,,,,,,,,,,,,,,,,,,,,,,,,,,,,,,,,,,,,,,,,,,,,,,,,,,,,2022-05-10T01:45:16.224000+00:00,false,0,virmel,
973400153908211805,,,,,,8770eb821819855269d55dc90cde4a5b,,,,,,,,,,,,,,,,,0,,,,,,0,Bussley,175488352949108736,,,,,,0,bussley,,973350191832920084,,"I see 1 on the weekend, and it is for 27k a night.",2022-05-10T01:44:41.592Z,,,,,,,,,,,,,,,0,,,false,,,,,,,,,,,,,,,,,,,,,,,false,,,,,,,,,,,,,,,,,,,,,,,,,,,,,,,,,,,,,,,,,,,,,,,,,,,,,,,,,,,,,,,,,,,,,,,,,,,,,,,,,,,,,,,,,,,,,,2022-05-10T01:44:41.592000+00:00,false,0,bussley,
973400040162885713,,,,,,8770eb821819855269d55dc90cde4a5b,,,,,,,,,,,,,,,,,0,,,,,,0,Bussley,175488352949108736,,,,,,0,bussley,,973350191832920084,,Finding a house that will fit 10+ people is going to be hard if we are going to lake chelan,2022-05-10T01:44:14.473Z,,,,,,,,,,,,,,,0,,,false,,,,,,,,,,,,,,,,,,,,,,,false,,,,,,,,,,,,,,,,,,,,,,,,,,,,,,,,,,,,,,,,,,,,,,,,,,,,,,,,,,,,,,,,,,,,,,,,,,,,,,,,,,,,,,,,,,,,,,2022-05-10T01:44:14.473000+00:00,false,0,bussley,
973399497117958184,,,,,,d970d6b2608498a58d5138a98a247e19,,,,,,,,,,,,,,,,,0,,,,,,0,DaVinci Resolve Addict,208404668026454016,,,,,,0,snipzar,,973350191832920084,,depending on the interest we might look into getting a big airbnb,2022-05-10T01:42:05.001Z,,,,,,,,,,,,,,,0,,,false,,,,,,,,,,,,,,,,,,,,,,,false,,,,,,,,,,,,,,,,,,,,,,,,,,,,,,,,,,,,,,,,,,,,,,,,,,,,,,,,,,,,,,,,,,,,,,,,,,,,,,,,,,,,,,,,,,,,,,2022-05-10T01:42:05.001000+00:00,false,0,snipzar,
973399444475228243,,,,,,d970d6b2608498a58d5138a98a247e19,,,,,,,,,,,,,,,,,0,,,,,,0,DaVinci Resolve Addict,208404668026454016,,,,,,0,snipzar,,973350191832920084,,also this is open for anyone to invite their friends too,2022-05-10T01:41:52.450Z,,,,,,,,,,,,,,,0,,,false,,,,,,,,,,,,,,,,,,,,,,,false,,,,,,,,,,,,,,,,,,,,,,,,,,,,,,,,,,,,,,,,,,,,,,,,,,,,,,,,,,,,,,,,,,,,,,,,,,,,,,,,,,,,,,,,,,,,,,2022-05-10T01:41:52.450000+00:00,false,0,snipzar,
973399003641315338,,,,,,8770eb821819855269d55dc90cde4a5b,,,,,,,,,,,,,,,,,0,,,,,,0,Bussley,175488352949108736,,,,,,0,bussley,,973350191832920084,,"I might go, but I also might be in Oregon, so I am not sure, to early to say.",2022-05-10T01:40:07.347Z,,,,,,,,,,,,,,,0,,,false,,,,,,,,,,,,,,,,,,,,,,,false,,,,,,,,,,,,,,,,,,,,,,,,,,,,,,,,,,,,,,,,,,,,,,,,,,,,,,,,,,,,,,,,,,,,,,,,,,,,,,,,,,,,,,,,,,,,,,2022-05-10T01:40:07.347000+00:00,false,0,bussley,
973396129674842152,,,,,,28912437e0390d34d050af4b1a730171,,,,,,,,,,,,,,,,,0,,,,,,0,Virmel,208425244128444418,,,,,,0,virmel,,973350191832920084,,nathan is a king,2022-05-10T01:28:42.140Z,,,,,,,,,,,,,,,0,,,false,,,d970d6b2608498a58d5138a98a247e19,,,,,,0,,0,DaVinci Resolve Addict,208404668026454016,,0,snipzar,,973350191832920084,208425771172102144,973395320593608704,0,,false,0,,,,,,,,,,,,,,,,,,,,,,,,,,,,,,,,,,,d970d6b2608498a58d5138a98a247e19,,,,,,0,,0,DaVinci Resolve Addict,208404668026454016,,0,snipzar,973350191832920084,,ill update this when aira/ranel/jacob/treshia/nathan gets back to me but the 15-17 is most likely the date,,,0,973395320593608704,false,,,false,2022-05-10T01:25:29.240000+00:00,false,0,,,,,,,,,,,,,,,,,,,,,,,,,,,,,,,2022-05-10T01:28:42.140000+00:00,false,19,virmel,
973395320593608704,,,,,,d970d6b2608498a58d5138a98a247e19,,,,,,,,,,,,,,,,,0,,,,,,0,DaVinci Resolve Addict,208404668026454016,,,,,,0,snipzar,,973350191832920084,,ill update this when aira/ranel/jacob/treshia/nathan gets back to me but the 15-17 is most likely the date,2022-05-10T01:25:29.240Z,,,,,,,,,,,,,,,0,,,false,,,,,,,,,,,,,,,,,,,,,,,false,,,,,,,,,,,,,,,,,,,,,,,,,,,,,,,,,,,,,,,,,,,,,,,,,,,,,,,,,,,,,,,,,,,,,,,,,,,,,,,,,,,,,,,,,,,,,,2022-05-10T01:25:29.240000+00:00,false,0,snipzar,
973395046198018098,,,,,,d970d6b2608498a58d5138a98a247e19,,,,,,,,,,,,,,,,,0,,,,,,0,DaVinci Resolve Addict,208404668026454016,,,,,,0,snipzar,,973350191832920084,,you cant expect much less from a guy whose name is poppy harem,2022-05-10T01:24:23.819Z,,,,,,,,,,,,,,,0,,,false,,,,,,,,,,,,,,,,,,,,,,,false,,,,,,,,,,,,,,,,,,,,,,,,,,,,,,,,,,,,,,,,,,,,,,,,,,,,,,,,,,,,,,,,,,,,,,,,,,,,,,,,,,,,,,,,,,,,,,2022-05-10T01:24:23.819000+00:00,false,0,snipzar,
973394945681526804,,,,,,d970d6b2608498a58d5138a98a247e19,,,,,,,,,,,,,,,,,0,,,,,,0,DaVinci Resolve Addict,208404668026454016,,,,,,0,snipzar,,973350191832920084,,lololol,2022-05-10T01:23:59.854Z,,,,,,,,,,,,,,,0,,,false,,,,,,,,,,,,,,,,,,,,,,,false,,,,,,,,,,,,,,,,,,,,,,,,,,,,,,,,,,,,,,,,,,,,,,,,,,,,,,,,,,,,,,,,,,,,,,,,,,,,,,,,,,,,,,,,,,,,,,2022-05-10T01:23:59.854000+00:00,false,0,snipzar,
973393909822677042,,,,,,34f8bd7a96ebb9ff569104fc74975cd1,,,,,,,,,,,,,,,,,0,,,,,,0,dae,126546653665558528,,,,,,0,daepie1016,,973350191832920084,,for now i’m down to hangg,2022-05-10T01:19:52.886Z,,,,,,,,,,,,,,,0,,,false,,,,,,,,,,,,,,,,,,,,,,,false,,,,,,,,,,,,,,,,,,,,,,,,,,,,,,,,,,,,,,,,,,,,,,,,,,,,,,,,,,,,,,,,,,,,,,,,,,,,,,,,,,,,,,,,,,,,,,2022-05-10T01:19:52.886000+00:00,false,0,daepie1016,
973393820207169626,,,,,,34f8bd7a96ebb9ff569104fc74975cd1,,,,,,,,,,,,,,,,,0,,,,,,0,dae,126546653665558528,,,,,,0,daepie1016,,973350191832920084,,edward thats funny af but these jokes dont land here i’m sorry,2022-05-10T01:19:31.520Z,,,,,,,,,,,,,,,0,,,false,,,d970d6b2608498a58d5138a98a247e19,,,,,,0,,0,DaVinci Resolve Addict,208404668026454016,,0,snipzar,,973350191832920084,208425771172102144,973354462037037076,0,,false,0,,,,,,,,,,,,,,,,,,,,,,,,,,,,,,,,,,,d970d6b2608498a58d5138a98a247e19,,,,,,0,,0,DaVinci Resolve Addict,208404668026454016,,0,snipzar,973350191832920084,,lets do a joint birthday thing and have a massive orgy... party,,,0,973354462037037076,false,,,false,2022-05-09T22:43:07.801000+00:00,false,0,,,,,,,,,,,,,,,,,,,,,,,,,,,,,,,2022-05-10T01:19:31.520000+00:00,false,19,daepie1016,
973385678832402452,,,,,,28912437e0390d34d050af4b1a730171,,,,,,,,,,,,,,,,,0,,,,,,0,Virmel,208425244128444418,,,,,,0,virmel,,973350191832920084,,we need a nerf gun war part 2,2022-05-10T00:47:10.465Z,,,,,,,,,,,,,,,0,,,false,,,,,,,,,,,,,,,,,,,,,,,false,,,,,,,,,,,,,,,,,,,,,,,,,,,,,,,,,,,,,,,,,,,,,,,,,,,,,,,,,,,,,,,,,,,,,,,,,,,,,,,,,,,,,,,,,,,,,,2022-05-10T00:47:10.465000+00:00,false,0,virmel,
973384957995151401,,,,,,4332e1b0406caf9c2131c873dfcb53a5,,a_89cd445201a0c6c64d46876503d0e90e,1777013999,1226939756617793606,,,,,,,,,,,,,0,,,,,,0,irfan,410595870380392458,,,,,,0,wishingenie,,973350191832920084,,including hirza's sister,2022-05-10T00:44:18.604Z,,,,,,,,,,,,,,,0,,,false,,,,,,,,,,,,,,,,,,,,,,,false,,,,,,,,,,,,,,,,,,,,,,,,,,,,,,,,,,,,,,,,,,,,,,,,,,,,,,,,,,,,,,,,,,,,,,,,,,,,,,,,,,,,,,,,,,,,,,2022-05-10T00:44:18.604000+00:00,false,0,wishingenie,
973384940504899634,,,,,,4332e1b0406caf9c2131c873dfcb53a5,,a_89cd445201a0c6c64d46876503d0e90e,1777013999,1226939756617793606,,,,,,,,,,,,,0,,,,,,0,irfan,410595870380392458,,,,,,0,wishingenie,,973350191832920084,,real ones only,2022-05-10T00:44:14.434Z,,,,,,,,,,,,,,,0,,,false,,,,,,,,,,,,,,,,,,,,,,,false,,,,,,,,,,,,,,,,,,,,,,,,,,,,,,,,,,,,,,,,,,,,,,,,,,,,,,,,,,,,,,,,,,,,,,,,,,,,,,,,,,,,,,,,,,,,,,2022-05-10T00:44:14.434000+00:00,false,0,wishingenie,
973384847202611252,,,,,,c52e4bdd2e7a2b96437062c91810043d,,a_cb8bbe431a4c3b88c11096ff8b46907a,,1365410896029159607,,,,79dae93b4acc456cc8aaf6ed2accc540,true,1368972275608453170,OVRW,,nameplates/nameplates/cat_beans/,COLLECTIBLES_NAMEPLATES_CAT_BEANS_A11Y,violet,1349849614143979540,0,,5113856,12165795,2,11,0,Windcatcher,331238905619677185,,79dae93b4acc456cc8aaf6ed2accc540,true,1368972275608453170,OVRW,0,windcatcher,,973350191832920084,,Wow dont even include me 😦,2022-05-10T00:43:52.189Z,,,,,,,,,,,,,,,0,,,false,,,28912437e0390d34d050af4b1a730171,,,,,,0,,0,Virmel,208425244128444418,,0,virmel,,973350191832920084,208425771172102144,973353593954533466,0,,false,0,,,,,,,,,,,,,,,,,,,,,,,,,,,,,,,,,,,28912437e0390d34d050af4b1a730171,,,,,,0,,0,Virmel,208425244128444418,,0,virmel,973350191832920084,,"Danny, Edward, Irfan, David, Hirza's sister",,,0,973353593954533466,false,,,false,2022-05-09T22:39:40.834000+00:00,false,0,,,,,,,,,,,,,,,,,,,,,,,,,,,,,,,2022-05-10T00:43:52.189000+00:00,false,19,windcatcher,
973363157332533248,,,,,,28912437e0390d34d050af4b1a730171,,,,,,,,,,,,,,,,,0,,,,,,0,Virmel,208425244128444418,,,,,,0,virmel,,973350191832920084,,omg,2022-05-09T23:17:40.921Z,,,,,,,,,,,,,,,0,,,false,,,,,,,,,,,,,,,,,,,,,,,false,,,,,,,,,,,,,,,,,,,,,,,,,,,,,,,,,,,,,,,,,,,,,,,,,,,,,,,,,,,,,,,,,,,,,,,,,,,,,,,,,,,,,,,,,,,,,,2022-05-09T23:17:40.921000+00:00,false,0,virmel,
973362990151766016,,,,,,42595d65ea5f89086c8b516f56203bbf,,,,,,,,,,,,,,,,,0,,,,,,0,Justin,189534213391908865,,,,,,0,skiup,,973350191832920084,,"tragic, 2nd year in a row I'll be on the plane the day of Edward's party",2022-05-09T23:17:01.062Z,,,,,,,,,,,,,,,0,,,false,,,,,,,,,,,,,,,,,,,,,,,false,,,,,,,,,,,,,,,,,,,,,,,,,,,,,,,,,,,,,,,,,,,,,,,,,,,,,,,,,,,,,,,,,,,,,,,,,,,,,,,,,,,,,,,,,,,,,,2022-05-09T23:17:01.062000+00:00,false,0,skiup,
973354886190235690,,,,,,438f329cf77c137086671b969a39d2b1,,,,,,,,,,491296025953173514,,,,,,,0,,,,,,0,yuzka,528096854831792159,,,,491296025953173514,,0,yuzka,,973350191832920084,,I think we got too many trolls for that,2022-05-09T22:44:48.927Z,,,,,,,,,,,,,,,0,,,false,,,,,,,,,,,,,,,,,,,,,,,false,,,,,,,,,,,,,,,,,,,,,,,,,,,,,,,,,,,,,,,,,,,,,,,,,,,,,,,,,,,,,,,,,,,,,,,,,,,,,,,,,,,,,,,,,,,,,,2022-05-09T22:44:48.927000+00:00,false,0,yuzka,
973354808968900639,,,,,,28912437e0390d34d050af4b1a730171,,,,,,,,,,,,,,,,,0,,,,,,0,Virmel,208425244128444418,,,,,,0,virmel,,973350191832920084,,someone gets mod privileges every month or week,2022-05-09T22:44:30.516Z,,,,,,,,,,,,,,,0,,,false,,,,,,,,,,,,,,,,,,,,,,,false,,,,,,,,,,,,,,,,,,,,,,,,,,,,,,,,,,,,,,,,,,,,,,,,,,,,,,,,,,,,,,,,,,,,,,,,,,,,,,,,,,,,,,,,,,,,,,2022-05-09T22:44:30.516000+00:00,false,0,virmel,
973354747862089851,,,,,,28912437e0390d34d050af4b1a730171,,,,,,,,,,,,,,,,,0,,,,,,0,Virmel,208425244128444418,,,,,,0,virmel,,973350191832920084,,you know what would be chaotic fun,2022-05-09T22:44:15.947Z,,,,,,,,,,,,,,,0,,,false,,,,,,,,,,,,,,,,,,,,,,,false,,,,,,,,,,,,,,,,,,,,,,,,,,,,,,,,,,,,,,,,,,,,,,,,,,,,,,,,,,,,,,,,,,,,,,,,,,,,,,,,,,,,,,,,,,,,,,2022-05-09T22:44:15.947000+00:00,false,0,virmel,
973354712663457804,,,,,,28912437e0390d34d050af4b1a730171,,,,,,,,,,,,,,,,,0,,,,,,0,Virmel,208425244128444418,,,,,,0,virmel,,973350191832920084,,hmm,2022-05-09T22:44:07.555Z,,,,,,,,,,,,,,,0,,,false,,,,,,,,,,,,,,,,,,,,,,,false,,,,,,,,,,,,,,,,,,,,,,,,,,,,,,,,,,,,,,,,,,,,,,,,,,,,,,,,,,,,,,,,,,,,,,,,,,,,,,,,,,,,,,,,,,,,,,2022-05-09T22:44:07.555000+00:00,false,0,virmel,
973354561312022528,,,,,,438f329cf77c137086671b969a39d2b1,,,,,,,,,,491296025953173514,,,,,,,0,,,,,,0,yuzka,528096854831792159,,,,491296025953173514,,0,yuzka,,973350191832920084,,who has the ban privileges,2022-05-09T22:43:31.470Z,,,,,,,,,,,,,,,0,,,false,,,,,,,,,,,,,,,,,,,,,,,false,,,,,,,,,,,,,,,,,,,,,,,,,,,,,,,,,,,,,,,,,,,,,,,,,,,,,,,,,,,,,,,,,,,,,,,,,,,,,,,,,,,,,,,,,,,,,,2022-05-09T22:43:31.470000+00:00,false,0,yuzka,
973354552789196810,,,,,,4332e1b0406caf9c2131c873dfcb53a5,,a_89cd445201a0c6c64d46876503d0e90e,1777013999,1226939756617793606,,,,,,,,,,,,,0,,,,,,0,irfan,410595870380392458,,,,,,0,wishingenie,,973350191832920084,,I think I might be busy then...,2022-05-09T22:43:29.438Z,,,,,,,,,,,,,,,0,,,false,,,,,,,,,,,,,,,,,,,,,,,false,,,,,,,,,,,,,,,,,,,,,,,,,,,,,,,,,,,,,,,,,,,,,,,,,,,,,,,,,,,,,,,,,,,,,,,,,,,,,,,,,,,,,,,,,,,,,,2022-05-09T22:43:29.438000+00:00,false,0,wishingenie,
973354550008356864,,,,,,c52e4bdd2e7a2b96437062c91810043d,,a_cb8bbe431a4c3b88c11096ff8b46907a,,1365410896029159607,,,,79dae93b4acc456cc8aaf6ed2accc540,true,1368972275608453170,OVRW,,nameplates/nameplates/cat_beans/,COLLECTIBLES_NAMEPLATES_CAT_BEANS_A11Y,violet,1349849614143979540,0,,5113856,12165795,2,11,0,Windcatcher,331238905619677185,,79dae93b4acc456cc8aaf6ed2accc540,true,1368972275608453170,OVRW,0,windcatcher,,973350191832920084,,Uhhh,2022-05-09T22:43:28.775Z,,,,,,,,,,,,,,,0,,,false,,,,,,,,,,,,,,,,,,,,,,,false,,,,,,,,,,,,,,,,,,,,,,,,,,,,,,,,,,,,,,,,,,,,,,,,,,,,,,,,,,,,,,,,,,,,,,,,,,,,,,,,,,,,,,,,,,,,,,2022-05-09T22:43:28.775000+00:00,false,0,windcatcher,
973354507574607882,,,,,,4332e1b0406caf9c2131c873dfcb53a5,,a_89cd445201a0c6c64d46876503d0e90e,1777013999,1226939756617793606,,,,,,,,,,,,,0,,,,,,0,irfan,410595870380392458,,,,,,0,wishingenie,,973350191832920084,,What ..,2022-05-09T22:43:18.658Z,,,,,,,,,,,,,,,0,,,false,,,,,,,,,,,,,,,,,,,,,,,false,,,,,,,,,,,,,,,,,,,,,,,,,,,,,,,,,,,,,,,,,,,,,,,,,,,,,,,,,,,,,,,,,,,,,,,,,,,,,,,,,,,,,,,,,,,,,,2022-05-09T22:43:18.658000+00:00,false,0,wishingenie,
973354462037037076,,,,,,d970d6b2608498a58d5138a98a247e19,,,,,,,,,,,,,,,,,0,,,,,,0,DaVinci Resolve Addict,208404668026454016,,,,,,0,snipzar,,973350191832920084,,lets do a joint birthday thing and have a massive orgy... party,2022-05-09T22:43:07.801Z,,,,,,,,,,,,,,,0,,,false,,,,,,,,,,,,,,,,,,,,,,,false,,,,0,false,2,0,2,881294686495576144,o_o,false,false,,0,false,2,0,2,973360309177823264,caught,false,false,,0,false,1,0,1,973358964056137869,this,false,false,,,,,,,,,,,,,,,,,,,,,,,,,,,,,,,,,,,,,,,,,,,,,,,,,,,,,,,,,,,,,,2022-05-09T22:43:07.801000+00:00,false,0,snipzar,
973354240347107448,,,,,,28912437e0390d34d050af4b1a730171,,,,,,,,,,,,,,,,,0,,,,,,0,Virmel,208425244128444418,,,,,,0,virmel,,973350191832920084,,<@&889360299172446252>,2022-05-09T22:42:14.946Z,,,,,,,,,,,,,,,0,,,false,,,,,,,,,,,,,,,,,,,,,,,false,,,,,,,,,,,,,,,,,,,,,,,,,,,,,,,,,,,,,,,,,,,,,,,,,,,,,,,,,,,,,,,,,,,,,,,,,,,,,,,,,,,,,,,,,,,,,,2022-05-09T22:42:14.946000+00:00,false,0,virmel,
973354222177366056,,,,,,28912437e0390d34d050af4b1a730171,,,,,,,,,,,,,,,,,0,,,,,,0,Virmel,208425244128444418,,,,,,0,virmel,,973350191832920084,,maybe local glitter boy is best here,2022-05-09T22:42:10.614Z,,,,,,,,,,,,,,,0,,,false,,,,,,,,,,,,,,,,,,,,,,,false,,,,,,,,,,,,,,,,,,,,,,,,,,,,,,,,,,,,,,,,,,,,,,,,,,,,,,,,,,,,,,,,,,,,,,,,,,,,,,,,,,,,,,,,,,,,,,2022-05-09T22:42:10.614000+00:00,false,0,virmel,
973354174471356447,,,,,,28912437e0390d34d050af4b1a730171,,,,,,,,,,,,,,,,,0,,,,,,0,Virmel,208425244128444418,,,,,,0,virmel,,973350191832920084,,we can use that but I suppressed its notifications,2022-05-09T22:41:59.240Z,2022-05-09T22:43:16.603000+00:00,,,,,,,,,,,,,,0,,,false,,,,,,,,,,,,,,,,,,,,,,,false,,,,,,,,,,,,,,,,,,,,,,,,,,,,,,,,,,,,,,,,,,,,,,,,,,,,,,,,,,,,,,,,,,,,,,,,,,,,,,,,,,,,,,,,,,,,,,2022-05-09T22:41:59.240000+00:00,false,0,virmel,
973354117395263519,,,,,,28912437e0390d34d050af4b1a730171,,,,,,,,,,,,,,,,,0,,,,,,0,Virmel,208425244128444418,,,,,,0,virmel,,973350191832920084,,O_O,2022-05-09T22:41:45.632Z,,,,,,,,,,,,,,,0,,,false,,,,,,,,,,,,,,,,,,,,,,,false,,,,,,,,,,,,,,,,,,,,,,,,,,,,,,,,,,,,,,,,,,,,,,,,,,,,,,,,,,,,,,,,,,,,,,,,,,,,,,,,,,,,,,,,,,,,,,2022-05-09T22:41:45.632000+00:00,false,0,virmel,
973353919927423017,,,,,,438f329cf77c137086671b969a39d2b1,,,,,,,,,,491296025953173514,,,,,,,0,,,,,,0,yuzka,528096854831792159,,,,491296025953173514,,0,yuzka,,973350191832920084,,use the @ everyone bro,2022-05-09T22:40:58.552Z,,,,,,,,,,,,,,,0,,,false,,,,,,,,,,,,,,,,,,,,,,,false,,,,,,,,,,,,,,,,,,,,,,,,,,,,,,,,,,,,,,,,,,,,,,,,,,,,,,,,,,,,,,,,,,,,,,,,,,,,,,,,,,,,,,,,,,,,,,2022-05-09T22:40:58.552000+00:00,false,0,yuzka,
973353852474621964,,,,,,28912437e0390d34d050af4b1a730171,,,,,,,,,,,,,,,,,0,,,,,,0,Virmel,208425244128444418,,,,,,0,virmel,,973350191832920084,,can everyone in the server see this thread?,2022-05-09T22:40:42.470Z,,,,,,,,,,,,,,,0,,,false,,,,,,,,,,,,,,,,,,,,,,,false,,,,,,,,,,,,,,,,,,,,,,,,,,,,,,,,,,,,,,,,,,,,,,,,,,,,,,,,,,,,,,,,,,,,,,,,,,,,,,,,,,,,,,,,,,,,,,2022-05-09T22:40:42.470000+00:00,false,0,virmel,
973353611415408700,,,,,,28912437e0390d34d050af4b1a730171,,,,,,,,,,,,,,,,,0,,,,,,0,Virmel,208425244128444418,,,,,,0,virmel,,973350191832920084,,bdays*,2022-05-09T22:39:44.997Z,,,,,,,,,,,,,,,0,,,false,,,,,,,,,,,,,,,,,,,,,,,false,,,,,,,,,,,,,,,,,,,,,,,,,,,,,,,,,,,,,,,,,,,,,,,,,,,,,,,,,,,,,,,,,,,,,,,,,,,,,,,,,,,,,,,,,,,,,,2022-05-09T22:39:44.997000+00:00,false,0,virmel,
973353601047093328,,,,,,28912437e0390d34d050af4b1a730171,,,,,,,,,,,,,,,,,0,,,,,,0,Virmel,208425244128444418,,,,,,0,virmel,,973350191832920084,,all in one week,2022-05-09T22:39:42.525Z,,,,,,,,,,,,,,,0,,,false,,,,,,,,,,,,,,,,,,,,,,,false,,,,,,,,,,,,,,,,,,,,,,,,,,,,,,,,,,,,,,,,,,,,,,,,,,,,,,,,,,,,,,,,,,,,,,,,,,,,,,,,,,,,,,,,,,,,,,2022-05-09T22:39:42.525000+00:00,false,0,virmel,
973353593954533466,,,,,,28912437e0390d34d050af4b1a730171,,,,,,,,,,,,,,,,,0,,,,,,0,Virmel,208425244128444418,,,,,,0,virmel,,973350191832920084,,"Danny, Edward, Irfan, David, Hirza's sister",2022-05-09T22:39:40.834Z,,,,,,,,,,,,,,,0,,,false,,,,,,,,,,,,,,,,,,,,,,,false,,,,,,,,,,,,,,,,,,,,,,,,,,,,,,,,,,,,,,,,,,,,,,,,,,,,,,,,,,,,,,,,,,,,,,,,,,,,,,,,,,,,,,,,,,,,,,2022-05-09T22:39:40.834000+00:00,false,0,virmel,
973353523733487656,,,,,,438f329cf77c137086671b969a39d2b1,,,,,,,,,,491296025953173514,,,,,,,0,,,,,,0,yuzka,528096854831792159,,,,491296025953173514,,0,yuzka,,973350191832920084,,"I think I might be busy that weekend, my sister's birthday is the 14th",2022-05-09T22:39:24.092Z,,,,,,,,,,,,,,,0,,,false,,,,,,,,,,,,,,,,,,,,,,,false,,,,,,,,,,,,,,,,,,,,,,,,,,,,,,,,,,,,,,,,,,,,,,,,,,,,,,,,,,,,,,,,,,,,,,,,,,,,,,,,,,,,,,,,,,,,,,2022-05-09T22:39:24.092000+00:00,false,0,yuzka,
973353447992737902,,,,,,438f329cf77c137086671b969a39d2b1,,,,,,,,,,491296025953173514,,,,,,,0,,,,,,0,yuzka,528096854831792159,,,,491296025953173514,,0,yuzka,,973350191832920084,,oh you right,2022-05-09T22:39:06.034Z,,,,,,,,,,,,,,,0,,,false,,,,,,,,,,,,,,,,,,,,,,,false,,,,,,,,,,,,,,,,,,,,,,,,,,,,,,,,,,,,,,,,,,,,,,,,,,,,,,,,,,,,,,,,,,,,,,,,,,,,,,,,,,,,,,,,,,,,,,2022-05-09T22:39:06.034000+00:00,false,0,yuzka,
973353411955286076,,,,,,28912437e0390d34d050af4b1a730171,,,,,,,,,,,,,,,,,0,,,,,,0,Virmel,208425244128444418,,,,,,0,virmel,,973350191832920084,,mainly for the people who don't know when Edward's bday is,2022-05-09T22:38:57.442Z,,,,,,,,,,,,,,,0,,,false,,,,,,,,,,,,,,,,,,,,,,,false,,,,,,,,,,,,,,,,,,,,,,,,,,,,,,,,,,,,,,,,,,,,,,,,,,,,,,,,,,,,,,,,,,,,,,,,,,,,,,,,,,,,,,,,,,,,,,2022-05-09T22:38:57.442000+00:00,false,0,virmel,
973353115996790804,,,,,,438f329cf77c137086671b969a39d2b1,,,,,,,,,,491296025953173514,,,,,,,0,,,,,,0,yuzka,528096854831792159,,,,491296025953173514,,0,yuzka,,973350191832920084,,that is the month of Edward's birthday yes,2022-05-09T22:37:46.880Z,,,,,,,,,,,,,,,0,,,false,,,,,,,,,,,,,,,,,,,,,,,false,,,,,,,,,,,,,,,,,,,,,,,,,,,,,,,,,,,,,,,,,,,,,,,,,,,,,,,,,,,,,,,,,,,,,,,,,,,,,,,,,,,,,,,,,,,,,,2022-05-09T22:37:46.880000+00:00,false,0,yuzka,
973350617210839070,,,,,,28912437e0390d34d050af4b1a730171,,,,,,,,,,,,,,,,,0,,,,,,0,Virmel,208425244128444418,,,,,,0,virmel,,973350191832920084,,"~~im assuming July?~~

Edit:
July 15-17th 2022",2022-05-09T22:27:51.123Z,2022-05-09T22:54:58.336000+00:00,,,,,,,,,,,,,,0,,,false,,,,,,,,,,,,,,,,,,,,,,,false,,,,,,,,,,,,,,,,,,,,,,,,,,,,,,,,,,,,,,,,,,,,,,,,,,,,,,,,,,,,,,,,,,,,,,,,,,,,,,,,,,,,,,,,,,,,,,2022-05-09T22:27:51.123000+00:00,false,0,virmel,
973350269079408662,,,,,,d970d6b2608498a58d5138a98a247e19,,,,,,,,,,,,,,,,,0,,,,,,0,DaVinci Resolve Addict,208404668026454016,,,,,,0,snipzar,,973350191832920084,,Looking like the weekend from 15-17th!,2022-05-09T22:26:28.122Z,,,,,,,,,,,,,,,0,,,false,,,,,,,,,,,,,,,,,,,,,,,false,,,,,,,,,,,,,,,,,,,,,,,,,,,,,,,,,,,,,,,,,,,,,,,,,,,,,,,,,,,,,,,,,,,,,,,,,,,,,,,,,,,,,,,,,,,,,,2022-05-09T22:26:28.122000+00:00,false,0,snipzar,
973350194240442448,,,,,,d970d6b2608498a58d5138a98a247e19,,,,,,,,,,,,,,,,,0,,,,,,0,DaVinci Resolve Addict,208404668026454016,,,,,,0,snipzar,,973350191832920084,,Hiya! I got some friends who are thinking of getting an Chelan AirBnB and I figured we can join forces and put the glitter boys with my filipino friends,2022-05-09T22:26:10.279Z,,,,,,,,,,,,,,,0,,,false,,,,,,,,,,,,,,,,,,,,,,,false,,,,,,,,,,,,,,,,,,,,,,,,,,,,,,,,,,,,,,,,,,,,,,,,,,,,,,,,,,,,,,,,,,,,,,,,,,,,,,,,,,,,,,,,,,,,,,2022-05-09T22:26:10.279000+00:00,false,0,snipzar,
973350191832920084,,,,,,d970d6b2608498a58d5138a98a247e19,,,,,,,,,,,,,,,,,0,,,,,,0,DaVinci Resolve Addict,208404668026454016,,,,,,0,snipzar,,208425771172102144,,Edward Birthday AirBnB Weekend,2022-05-09T22:26:09.705Z,,,,,,,,,,,,,,,32,,,false,,,,,,,,,,,,,,,,,,973350191832920084,208425771172102144,,0,,false,,,,,,,,,,,,,,,,,,,,,,,,,,,,,,,,,,,,,,,,,,,,,,,,,,,,,,,,,,,,,,,,,,,,,64000,0,208425771172102144,973350191832920084,973688163832852580,6,282716540053225472,208425244128444418,126546653665558528,263577791105073152,189534213391908865,50,Edward Birthday AirBnB Weekend,208404668026454016,208425771172102144,0,,2022-05-17T20:53:57.656000+00:00,true,10080,2022-05-09T22:26:09.705000+00:00,false,50,11,0,2022-05-09T22:26:09.705000+00:00,false,18,snipzar,