id,activity,application,application_id,attachments,attachments.0.content_type,attachments.0.filename,attachments.0.height,attachments.0.id,attachments.0.proxy_url,attachments.0.size,attachments.0.url,attachments.0.width,author.accent_color,author.avatar,author.avatar_decoration_data,author.avatar_decoration_data.asset,author.avatar_decoration_data.expires_at,author.avatar_decoration_data.sku_id,author.banner,author.banner_color,author.clan,author.clan.badge,author.clan.identity_enabled,author.clan.identity_guild_id,author.clan.tag,author.collectibles,author.collectibles.nameplate.asset,author.collectibles.nameplate.label,author.collectibles.nameplate.palette,author.collectibles.nameplate.sku_id,author.discriminator,author.display_name_styles,author.display_name_styles.colors.0,author.display_name_styles.colors.1,author.display_name_styles.effect_id,author.display_name_styles.font_id,author.flags,author.global_name,author.id,author.primary_guild,author.primary_guild.badge,author.primary_guild.identity_enabled,author.primary_guild.identity_guild_id,author.primary_guild.tag,author.public_flags,author.username,call,channel_id,components,content,date,edited_timestamp,embeds,flags,interaction,mention_channels,mention_everyone,mentions,mentions.0.accent_color,mentions.0.avatar,mentions.0.avatar_decoration_data,mentions.0.banner,mentions.0.banner_color,mentions.0.clan,mentions.0.collectibles,mentions.0.discriminator,mentions.0.display_name_styles,mentions.0.flags,mentions.0.global_name,mentions.0.id,mentions.0.primary_guild,mentions.0.public_flags,mentions.0.username,message_reference,message_reference.channel_id,message_reference.guild_id,message_reference.message_id,message_reference.type,nonce,pinned,position,reactions,reactions.0.burst_colors,reactions.0.burst_count,reactions.0.burst_me,reactions.0.count,reactions.0.count_details.burst,reactions.0.count_details.normal,reactions.0.emoji.id,reactions.0.emoji.name,reactions.0.me,reactions.0.me_burst,reactions.1.burst_colors,reactions.1.burst_count,reactions.1.burst_me,reactions.1.count,reactions.1.count_details.burst,reactions.1.count_details.normal,reactions.1.emoji.id,reactions.1.emoji.name,reactions.1.me,reactions.1.me_burst,referenced_message,referenced_message.attachments,referenced_message.author.accent_color,referenced_message.author.avatar,referenced_message.author.avatar_decoration_data,referenced_message.author.banner,referenced_message.author.banner_color,referenced_message.author.clan,referenced_message.author.collectibles,referenced_message.author.discriminator,referenced_message.author.display_name_styles,referenced_message.author.flags,referenced_message.author.global_name,referenced_message.author.id,referenced_message.author.primary_guild,referenced_message.author.public_flags,referenced_message.author.username,referenced_message.channel_id,referenced_message.components,referenced_message.content,referenced_message.edited_timestamp,referenced_message.embeds,referenced_message.flags,referenced_message.id,referenced_message.mention_everyone,referenced_message.mention_roles,referenced_message.mentions,referenced_message.pinned,referenced_message.position,referenced_message.timestamp,referenced_message.tts,referenced_message.type,resolved,role_subscription_data,sticker_items,sticker_items.0.format_type,sticker_items.0.id,sticker_items.0.name,stickers,thread,thread.bitrate,thread.flags,thread.guild_id,thread.id,thread.last_message_id,thread.member_count,thread.member_ids_preview.0,thread.member_ids_preview.1,thread.member_ids_preview.2,thread.member_ids_preview.3,thread.member_ids_preview.4,thread.message_count,thread.name,thread.owner_id,thread.parent_id,thread.rate_limit_per_user,thread.rtc_region,thread.thread_metadata.archive_timestamp,thread.thread_metadata.archived,thread.thread_metadata.auto_archive_duration,thread.thread_metadata.create_timestamp,thread.thread_metadata.locked,thread.total_message_sent,thread.type,thread.user_limit,timestamp,tts,type,userName,webhook_id
1076775073890959410,,,,,,,,,,,,,,2f6ca3c05030fc9aab3c3d5ba3ef8d3a,,,,,,,,,,,,,,,,,0,,,,,,0,Jerred,160509172704739328,,,,,,0,sjerred,,1065455243204231238,,😬,2023-02-19T07:59:43.129Z,,,0,,,false,,,,,,,,,,,,,,,,,,,,,,,false,130,,,0,false,1,0,1,692565276524412978,missing,false,false,,,,,,,,,,,,,,,,,,,,,,,,,,,,,,,,,,,,,,,,,,,,,,,,,,,,,,,,,,,,,,,,,,,,,,,,,,,,2023-02-19T07:59:43.129000+00:00,false,0,sjerred,
1076750550160380015,,,,,,,,,,,,,,e7b2142c8e29f794f4d81eb360d57221,,,,,,,,,,,,,,,,,0,,,,,,0,Streameast Bartender,263577791105073152,,,,,,0,dannydelito.,,1065455243204231238,,<@160509172704739328> wya,2023-02-19T06:22:16.216Z,,,0,,,false,,,2f6ca3c05030fc9aab3c3d5ba3ef8d3a,,,,,,0,,0,Jerred,160509172704739328,,0,sjerred,,,,,,,false,129,,,,,,,,,,,,,,,,,,,,,,,,,,,,,,,,,,,,,,,,,,,,,,,,,,,,,,,,,,,,,,,,,,,,,,,,,,,,,,,,,,,,,,,2023-02-19T06:22:16.216000+00:00,false,0,dannydelito.,
1076749491824234506,,,,,,,,,,,,,,ff2d052609f7c33ac7e6fa9d3f660267,,,,,,,,,,,,,,,,,0,,,,,,0,ZackGPT,609191587473391631,,,,,,0,spicyzaddy,,1065455243204231238,,we at optimism,2023-02-19T06:18:03.889Z,,,0,,,false,,,,,,,,,,,,,,,,,,,,,,,false,128,,,,,,,,,,,,,,,,,,,,,,,,,,,,,,,,,,,,,,,,,,,,,,,,,,,,,,,,,,,,,,,,,,,,,,,,,,,,,,,,,,,,,,,2023-02-19T06:18:03.889000+00:00,false,0,spicyzaddy,
1076739600220954656,,,,,,,,,,,,,,14c66a9f5d45cc38a9214a31982065f7,,,,,,,,,,,,,,,,,0,,,,,,0,JoelJ,282716540053225472,,,,,,0,blubberymass,,1065455243204231238,,Parking now.,2023-02-19T05:38:45.547Z,,,0,,,false,,,,,,,,,,,,,,,,,,,,,,,false,127,,,,,,,,,,,,,,,,,,,,,,,,,,,,,,,,,,,,,,,,,,,,,,,,,,,,,,,,,,,,,,,,,,,,,,,,,,,,,,,,,,,,,,,2023-02-19T05:38:45.547000+00:00,false,0,blubberymass,
1076738405947424768,,,,,,,,,,,,,,28912437e0390d34d050af4b1a730171,,,,,,,,,,,,,,,,,0,,,,,,0,Virmel,208425244128444418,,,,,,0,virmel,,1065455243204231238,,at st johnd,2023-02-19T05:34:00.810Z,,,0,,,false,,,,,,,,,,,,,,,,,,,,,,,false,126,,,,,,,,,,,,,,,,,,,,,,,,,,,,,,,,,,,,,,,,,,,,,,,,,,,,,,,,,,,,,,,,,,,,,,,,,,,,,,,,,,,,,,,2023-02-19T05:34:00.810000+00:00,false,0,virmel,
1076736679584473138,,,,,,,,,,,,,,28912437e0390d34d050af4b1a730171,,,,,,,,,,,,,,,,,0,,,,,,0,Virmel,208425244128444418,,,,,,0,virmel,,1065455243204231238,,checking st johns,2023-02-19T05:27:09.213Z,,,0,,,false,,,,,,,,,,,,,,,,,,,,,,,false,125,,,,,,,,,,,,,,,,,,,,,,,,,,,,,,,,,,,,,,,,,,,,,,,,,,,,,,,,,,,,,,,,,,,,,,,,,,,,,,,,,,,,,,,2023-02-19T05:27:09.213000+00:00,false,0,virmel,
1076735716278673468,,,,,,,,,,,,,,28912437e0390d34d050af4b1a730171,,,,,,,,,,,,,,,,,0,,,,,,0,Virmel,208425244128444418,,,,,,0,virmel,,1065455243204231238,,uhhh,2023-02-19T05:23:19.543Z,,,0,,,false,,,,,,,,,,,,,,,,,,,,,,,false,124,,,,,,,,,,,,,,,,,,,,,,,,,,,,,,,,,,,,,,,,,,,,,,,,,,,,,,,,,,,,,,,,,,,,,,,,,,,,,,,,,,,,,,,2023-02-19T05:23:19.543000+00:00,false,0,virmel,
1076735656832806923,,,,,,,,,,,,,,28912437e0390d34d050af4b1a730171,,,,,,,,,,,,,,,,,0,,,,,,0,Virmel,208425244128444418,,,,,,0,virmel,,1065455243204231238,,dont think they can accommodate a large group,2023-02-19T05:23:05.370Z,,,0,,,false,,,,,,,,,,,,,,,,,,,,,,,false,123,,,,,,,,,,,,,,,,,,,,,,,,,,,,,,,,,,,,,,,,,,,,,,,,,,,,,,,,,,,,,,,,,,,,,,,,,,,,,,,,,,,,,,,2023-02-19T05:23:05.370000+00:00,false,0,virmel,
1076735617385377852,,,,,,,,,,,,,,28912437e0390d34d050af4b1a730171,,,,,,,,,,,,,,,,,0,,,,,,0,Virmel,208425244128444418,,,,,,0,virmel,,1065455243204231238,,Gemini Room is packed,2023-02-19T05:22:55.965Z,,,0,,,false,,,,,,,,,,,,,,,,,,,,,,,false,122,,,,,,,,,,,,,,,,,,,,,,,,,,,,,,,,,,,,,,,,,,,,,,,,,,,,,,,,,,,,,,,,,,,,,,,,,,,,,,,,,,,,,,,2023-02-19T05:22:55.965000+00:00,false,0,virmel,
1076735007701352500,,,,,,,,,,,,,,28912437e0390d34d050af4b1a730171,,,,,,,,,,,,,,,,,0,,,,,,0,Virmel,208425244128444418,,,,,,0,virmel,,1065455243204231238,,going to Gemini Room,2023-02-19T05:20:30.605Z,,,0,,,false,,,,,,,,,,,,,,,,,,,,,,,false,121,,,,,,,,,,,,,,,,,,,,,,,,,,,,,,,,,,,,,,,,,,,,,,,,,,,,,,,,,,,,,,,,,,,,,,,,,,,,,,,,,,,,,,,2023-02-19T05:20:30.605000+00:00,false,0,virmel,
1076734585796317224,,,,,,,,,,,,,,28912437e0390d34d050af4b1a730171,,,,,,,,,,,,,,,,,0,,,,,,0,Virmel,208425244128444418,,,,,,0,virmel,,1065455243204231238,,ooh gemini man ill look that up,2023-02-19T05:18:50.015Z,,,0,,,false,,,,,,,,,,,,,,,,,,,,,,,false,120,,,,,,,,,,,,,,,,,,,,,,,,,,,,,,,,,,,,,,,,,,,,,,,,,,,,,,,,,,,,,,,,,,,,,,,,,,,,,,,,,,,,,,,2023-02-19T05:18:50.015000+00:00,false,0,virmel,
1076734551650484224,,,,,,,,,,,,,,28912437e0390d34d050af4b1a730171,,,,,,,,,,,,,,,,,0,,,,,,0,Virmel,208425244128444418,,,,,,0,virmel,,1065455243204231238,,walking to tavern law,2023-02-19T05:18:41.874Z,,,0,,,false,,,,,,,,,,,,,,,,,,,,,,,false,119,,,,,,,,,,,,,,,,,,,,,,,,,,,,,,,,,,,,,,,,,,,,,,,,,,,,,,,,,,,,,,,,,,,,,,,,,,,,,,,,,,,,,,,2023-02-19T05:18:41.874000+00:00,false,0,virmel,
1076734158073757768,,,,,,,,,,,,,,14c66a9f5d45cc38a9214a31982065f7,,,,,,,,,,,,,,,,,0,,,,,,0,JoelJ,282716540053225472,,,,,,0,blubberymass,,1065455243204231238,,"Mars bar, St Johns, Gemini man. The last two were recommended by the aelier guy.",2023-02-19T05:17:08.038Z,,,0,,,false,,,,,,,,,,,,,,,,,,,,,,,false,118,,,,,,,,,,,,,,,,,,,,,,,,,,,,,,,,,,,,,,,,,,,,,,,,,,,,,,,,,,,,,,,,,,,,,,,,,,,,,,,,,,,,,,,2023-02-19T05:17:08.038000+00:00,false,0,blubberymass,
1076733127269044224,,,,,,,,,,,,,,42595d65ea5f89086c8b516f56203bbf,,,,,,,,,,,,,,,,,0,,,,,,0,Justin,189534213391908865,,,,,,0,skiup,,1065455243204231238,,tons of parking by seoul bowl and subway,2023-02-19T05:13:02.275Z,,,0,,,false,,,,,,,,,,,,,,,,,,,,,,,false,117,,,,,,,,,,,,,,,,,,,,,,,,,,,,,,,,,,,,,,,,,,,,,,,,,,,,,,,,,,,,,,,,,,,,,,,,,,,,,,,,,,,,,,,2023-02-19T05:13:02.275000+00:00,false,0,skiup,
1076733100748443688,,,,,,,,,,,,,,28912437e0390d34d050af4b1a730171,,,,,,,,,,,,,,,,,0,,,,,,0,Virmel,208425244128444418,,,,,,0,virmel,,1065455243204231238,,maybe we go here when it’s a small group of us,2023-02-19T05:12:55.952Z,,,0,,,false,,,,,,,,,,,,,,,,,,,,,,,false,116,,,,,,,,,,,,,,,,,,,,,,,,,,,,,,,,,,,,,,,,,,,,,,,,,,,,,,,,,,,,,,,,,,,,,,,,,,,,,,,,,,,,,,,2023-02-19T05:12:55.952000+00:00,false,0,virmel,
1076733056523698206,,,,,,,,,,,,,,28912437e0390d34d050af4b1a730171,,,,,,,,,,,,,,,,,0,,,,,,0,Virmel,208425244128444418,,,,,,0,virmel,,1065455243204231238,,dont think it would be worth the trouble to wait behind 13 people,2023-02-19T05:12:45.408Z,,,0,,,false,,,,,,,,,,,,,,,,,,,,,,,false,115,,,,,,,,,,,,,,,,,,,,,,,,,,,,,,,,,,,,,,,,,,,,,,,,,,,,,,,,,,,,,,,,,,,,,,,,,,,,,,,,,,,,,,,2023-02-19T05:12:45.408000+00:00,false,0,virmel,
1076732946024763412,,,,,,,,,,,,,,28912437e0390d34d050af4b1a730171,,,,,,,,,,,,,,,,,0,,,,,,0,Virmel,208425244128444418,,,,,,0,virmel,,1065455243204231238,,im down to try some other place for cocktails,2023-02-19T05:12:19.063Z,,,0,,,false,,,,,,,,,,,,,,,,,,,,,,,false,114,,,,,,,,,,,,,,,,,,,,,,,,,,,,,,,,,,,,,,,,,,,,,,,,,,,,,,,,,,,,,,,,,,,,,,,,,,,,,,,,,,,,,,,2023-02-19T05:12:19.063000+00:00,false,0,virmel,
1076732842777776188,,,,,,,,,,,,,,28912437e0390d34d050af4b1a730171,,,,,,,,,,,,,,,,,0,,,,,,0,Virmel,208425244128444418,,,,,,0,virmel,,1065455243204231238,,thoughts?,2023-02-19T05:11:54.447Z,,,0,,,false,,,,,,,,,,,,,,,,,,,,,,,false,113,,,,,,,,,,,,,,,,,,,,,,,,,,,,,,,,,,,,,,,,,,,,,,,,,,,,,,,,,,,,,,,,,,,,,,,,,,,,,,,,,,,,,,,2023-02-19T05:11:54.447000+00:00,false,0,virmel,
1076732794434232471,,,,,,,,,,,,,,28912437e0390d34d050af4b1a730171,,,,,,,,,,,,,,,,,0,,,,,,0,Virmel,208425244128444418,,,,,,0,virmel,,1065455243204231238,,seems like we’d have to split up into many small groups for canon?,2023-02-19T05:11:42.921Z,,,0,,,false,,,,,,,,,,,,,,,,,,,,,,,false,112,,,,,,,,,,,,,,,,,,,,,,,,,,,,,,,,,,,,,,,,,,,,,,,,,,,,,,,,,,,,,,,,,,,,,,,,,,,,,,,,,,,,,,,2023-02-19T05:11:42.921000+00:00,false,0,virmel,
1076732619200405604,,,,,,,,,,,,,,28912437e0390d34d050af4b1a730171,,,,,,,,,,,,,,,,,0,,,,,,0,Virmel,208425244128444418,,,,,,0,virmel,,1065455243204231238,,huge line,2023-02-19T05:11:01.142Z,,,0,,,false,,,,,,,,,,,,,,,,,,,,,,,false,111,,,,,,,,,,,,,,,,,,,,,,,,,,,,,,,,,,,,,,,,,,,,,,,,,,,,,,,,,,,,,,,,,,,,,,,,,,,,,,,,,,,,,,,2023-02-19T05:11:01.142000+00:00,false,0,virmel,
1076731654590169109,,,,,,,,,,,,,,28912437e0390d34d050af4b1a730171,,,,,,,,,,,,,,,,,0,,,,,,0,Virmel,208425244128444418,,,,,,0,virmel,,1065455243204231238,,walking up to canon rn,2023-02-19T05:07:11.161Z,,,0,,,false,,,,,,,,,,,,,,,,,,,,,,,false,110,,,,,,,,,,,,,,,,,,,,,,,,,,,,,,,,,,,,,,,,,,,,,,,,,,,,,,,,,,,,,,,,,,,,,,,,,,,,,,,,,,,,,,,2023-02-19T05:07:11.161000+00:00,false,0,virmel,
1076731353640489050,,,,,,,,,,,,,,ff2d052609f7c33ac7e6fa9d3f660267,,,,,,,,,,,,,,,,,0,,,,,,0,ZackGPT,609191587473391631,,,,,,0,spicyzaddy,,1065455243204231238,,^will also be there in ~10,2023-02-19T05:05:59.409Z,,,0,,,false,,,,,,,,,,,,,,,,,,,,,,,false,109,,,,,,,,,,,,,,,,,,,,,,,,,,,,,,,,,,,,,,,,,,,,,,,,,,,,,,,,,,,,,,,,,,,,,,,,,,,,,,,,,,,,,,,2023-02-19T05:05:59.409000+00:00,false,0,spicyzaddy,
1076730389567119420,,,,,,,,,,,,,,14c66a9f5d45cc38a9214a31982065f7,,,,,,,,,,,,,,,,,0,,,,,,0,JoelJ,282716540053225472,,,,,,0,blubberymass,,1065455243204231238,,"Me, Zach, and Olivia are coming. Me and Zach will be there in 10.",2023-02-19T05:02:09.556Z,,,0,,,false,,,,,,,,,,,,,,,,,,,,,,,false,108,,,,,,,,,,,,,,,,,,,,,,,,,,,,,,,,,,,,,,,,,,,,,,,,,,,,,,,,,,,,,,,,,,,,,,,,,,,,,,,,,,,,,,,2023-02-19T05:02:09.556000+00:00,false,0,blubberymass,
1076727285840891974,,,,,,,,,,,,,,28912437e0390d34d050af4b1a730171,,,,,,,,,,,,,,,,,0,,,,,,0,Virmel,208425244128444418,,,,,,0,virmel,,1065455243204231238,,wait nvm if ur going to canon and other places.. maybe Cal Anderson?,2023-02-19T04:49:49.570Z,,,0,,,false,,,,,,,,,,,,,,,,,,,,,,,false,107,,,,,,,,,,,,,,,,,,,,,,,,,,,,,,,,,,,,,,,,,,,,,,,,,,,,,,,,,,,,,,,,,,,,,,,,,,,,,,,,,,,,,,,2023-02-19T04:49:49.570000+00:00,false,0,virmel,
1076727212365074472,,,,,,,,,,,,,,28912437e0390d34d050af4b1a730171,,,,,,,,,,,,,,,,,0,,,,,,0,Virmel,208425244128444418,,,,,,0,virmel,,1065455243204231238,,that's where im gonna look,2023-02-19T04:49:32.052Z,,,0,,,false,,,,,,,,,,,,,,,,,,,,,,,false,106,,,,,,,,,,,,,,,,,,,,,,,,,,,,,,,,,,,,,,,,,,,,,,,,,,,,,,,,,,,,,,,,,,,,,,,,,,,,,,,,,,,,,,,2023-02-19T04:49:32.052000+00:00,false,0,virmel,
1076727171667742790,,,,,,,,,,,,,,28912437e0390d34d050af4b1a730171,,,,,,,,,,,,,,,,,0,,,,,,0,Virmel,208425244128444418,,,,,,0,virmel,,1065455243204231238,,"park near Canon, probably",2023-02-19T04:49:22.349Z,,,0,,,false,,,,,,,,,,,,,,,,,,,,,,,false,105,,,,,,,,,,,,,,,,,,,,,,,,,,,,,,,,,,,,,,,,,,,,,,,,,,,,,,,,,,,,,,,,,,,,,,,,,,,,,,,,,,,,,,,2023-02-19T04:49:22.349000+00:00,false,0,virmel,
1076727129355583518,,,,,,,,,,,,,,28912437e0390d34d050af4b1a730171,,,,,,,,,,,,,,,,,0,,,,,,0,Virmel,208425244128444418,,,,,,0,virmel,,1065455243204231238,,east of SU,2023-02-19T04:49:12.261Z,,,0,,,false,,,,,,,,,,,,,,,,,,,,,,,false,104,,,,,,,,,,,,,,,,,,,,,,,,,,,,,,,,,,,,,,,,,,,,,,,,,,,,,,,,,,,,,,,,,,,,,,,,,,,,,,,,,,,,,,,2023-02-19T04:49:12.261000+00:00,false,0,virmel,
1076726072252579870,,,,,,,,,,,,,,e7b2142c8e29f794f4d81eb360d57221,,,,,,,,,,,,,,,,,0,,,,,,0,Streameast Bartender,263577791105073152,,,,,,0,dannydelito.,,1065455243204231238,,Cal Anderson like usual? Lol,2023-02-19T04:45:00.228Z,,,0,,,false,,,,,,,,,,,,,,,,,,,,,,,false,103,,,,,,,,,,,,,,,,,,,,,,,,,,,,,,,,,,,,,,,,,,,,,,,,,,,,,,,,,,,,,,,,,,,,,,,,,,,,,,,,,,,,,,,2023-02-19T04:45:00.228000+00:00,false,0,dannydelito.,
1076726002996224040,,,,,,,,,,,,,,14c66a9f5d45cc38a9214a31982065f7,,,,,,,,,,,,,,,,,0,,,,,,0,JoelJ,282716540053225472,,,,,,0,blubberymass,,1065455243204231238,,Any suggestions for parking?,2023-02-19T04:44:43.716Z,,,0,,,false,,,,,,,,,,,,,,,,,,,,,,,false,102,,,,,,,,,,,,,,,,,,,,,,,,,,,,,,,,,,,,,,,,,,,,,,,,,,,,,,,,,,,,,,,,,,,,,,,,,,,,,,,,,,,,,,,2023-02-19T04:44:43.716000+00:00,false,0,blubberymass,
1076723697760620635,,,,,,,,,,,,,,e7b2142c8e29f794f4d81eb360d57221,,,,,,,,,,,,,,,,,0,,,,,,0,Streameast Bartender,263577791105073152,,,,,,0,dannydelito.,,1065455243204231238,,You guys down to get a hotdoggy or something later too?,2023-02-19T04:35:34.105Z,,,0,,,false,,,,,,,,,,,,,,,,,,,,,,,false,101,,,0,false,1,0,1,,👍,false,false,,0,false,3,0,3,,🌭,false,false,,,,,,,,,,,,,,,,,,,,,,,,,,,,,,,,,,,,,,,,,,,,,,,,,,,,,,,,,,,,,,,,,,2023-02-19T04:35:34.105000+00:00,false,0,dannydelito.,
1076703451087638558,,,,,,,,,,,,,,8770eb821819855269d55dc90cde4a5b,,,,,,,,,,,,,,,,,0,,,,,,0,Bussley,175488352949108736,,,,,,0,bussley,,1065455243204231238,,ya that sounds good,2023-02-19T03:15:06.922Z,,,0,,,false,,,,,,,,,,,,,,,,,,,,,,,false,100,,,0,false,1,0,1,,👍,false,false,,,,,,,,,,,,,,,,,,,,,,,,,,,,,,,,,,,,,,,,,,,,,,,,,,,,,,,,,,,,,,,,,,,,,,,,,,,,2023-02-19T03:15:06.922000+00:00,false,0,bussley,
1076703184917119099,,,,,,,,,,,,,,28912437e0390d34d050af4b1a730171,,,,,,,,,,,,,,,,,0,,,,,,0,Virmel,208425244128444418,,,,,,0,virmel,,1065455243204231238,,Be at Canon at 9?,2023-02-19T03:14:03.462Z,,,0,,,false,,,,,,,,,,,,,,,,,,,,,,,false,99,,,,,,,,,,,,,,,,,,,,,,,,,,,,,,,,,,,,,,,,,,,,,,,,,,,,,,,,,,,,,,,,,,,,,,,,,,,,,,,,,,,,,,,2023-02-19T03:14:03.462000+00:00,false,0,virmel,
1076648322544189460,,,,,,,,,,,,,,28912437e0390d34d050af4b1a730171,,,,,,,,,,,,,,,,,0,,,,,,0,Virmel,208425244128444418,,,,,,0,virmel,,1065455243204231238,,menu: https://www.canonseattle.com/CanonMenu.pdf,2023-02-18T23:36:03.253Z,,,0,,,false,,,,,,,,,,,,,,,,,,,,,,,false,98,,,,,,,,,,,,,,,,,,,,,,,,,,,,,,,,,,,,,,,,,,,,,,,,,,,,,,,,,,,,,,,,,,,,,,,,,,,,,,,,,,,,,,,2023-02-18T23:36:03.253000+00:00,false,0,virmel,
1076648300800913468,,,,,,,,,,,,,,28912437e0390d34d050af4b1a730171,,,,,,,,,,,,,,,,,0,,,,,,0,Virmel,208425244128444418,,,,,,0,virmel,,1065455243204231238,,the cocktails at Canon lookin good,2023-02-18T23:35:58.069Z,,,0,,,false,,,,,,,,,,,,,,,,,,,,,,,false,97,,,,,,,,,,,,,,,,,,,,,,,,,,,,,,,,,,,,,,,,,,,,,,,,,,,,,,,,,,,,,,,,,,,,,,,,,,,,,,,,,,,,,,,2023-02-18T23:35:58.069000+00:00,false,0,virmel,
1076646289749594152,,,,,,,,,,,,,,8770eb821819855269d55dc90cde4a5b,,,,,,,,,,,,,,,,,0,,,,,,0,Bussley,175488352949108736,,,,,,0,bussley,,1065455243204231238,,I can tell who your favorite champ is,2023-02-18T23:27:58.597Z,,,0,,,false,,,,,,,,,,,,,,,,,,,,,,,false,96,,,,,,,,,,,,,,,,,,,,,,,,,,,,,,,,,,,,,,,,,,,,,,,,,,,,,,,,,,,,,,,,,,,,,,,,,,,,,,,,,,,,,,,2023-02-18T23:27:58.597000+00:00,false,0,bussley,
1076646228894421102,,,,,,,,,,,,,,8770eb821819855269d55dc90cde4a5b,,,,,,,,,,,,,,,,,0,,,,,,0,Bussley,175488352949108736,,,,,,0,bussley,,1065455243204231238,,Nice masteries,2023-02-18T23:27:44.088Z,,,0,,,false,,,,,,,,,,,,,,,,,,,,,,,false,95,,,,,,,,,,,,,,,,,,,,,,,,,,,,,,,,,,,,,,,,,,,,,,,,,,,,,,,,,,,,,,,,,,,,,,,,,,,,,,,,,,,,,,,2023-02-18T23:27:44.088000+00:00,false,0,bussley,
1076641563612024862,,,,,image/png,masterychart.png,2400,1076641563272290435,https://media.discordapp.net/attachments/1065455243204231238/1076641563272290435/masterychart.png?ex=69239417&is=69224297&hm=8f691ae21fe6b108823cb59a742d0f2f17dd21cd18a2a943fe3cd784e5b2f7ec&,953457,https://cdn.discordapp.com/attachments/1065455243204231238/1076641563272290435/masterychart.png?ex=69239417&is=69224297&hm=8f691ae21fe6b108823cb59a742d0f2f17dd21cd18a2a943fe3cd784e5b2f7ec&,3200,,14c66a9f5d45cc38a9214a31982065f7,,,,,,,,,,,,,,,,,0,,,,,,0,JoelJ,282716540053225472,,,,,,0,blubberymass,,1065455243204231238,,,2023-02-18T23:09:11.798Z,,,0,,,false,,,,,,,,,,,,,,,,,,,,,,,false,94,,,,,,,,,,,,,,,,,,,,,,,,,,,,,,,,,,,,,,,,,,,,,,,,,,,,,,,,,,,,,,,,,,,,,,,,,,,,,,,,,,,,,,,2023-02-18T23:09:11.798000+00:00,false,0,blubberymass,
1076603451376668792,,,,,,,,,,,,,,8770eb821819855269d55dc90cde4a5b,,,,,,,,,,,,,,,,,0,,,,,,0,Bussley,175488352949108736,,,,,,0,bussley,,1065455243204231238,,If there is something awesome,2023-02-18T20:37:45.133Z,2023-02-18T20:37:53.857000+00:00,,0,,,false,,,,,,,,,,,,,,,,,,,,,,,false,93,,,,,,,,,,,,,,,,,,,,,,,,,,,,,,,,,,,,,,,,,,,,,,,,,,,,,,,,,,,,,,,,,,,,,,,,,,,,,,,,,,,,,,,2023-02-18T20:37:45.133000+00:00,false,0,bussley,
1076599444419645601,,,,,,,,,,,,,,42595d65ea5f89086c8b516f56203bbf,,,,,,,,,,,,,,,,,0,,,,,,0,Justin,189534213391908865,,,,,,0,skiup,,1065455243204231238,,Are you going to buy the $1000 jacket this time?,2023-02-18T20:21:49.800Z,,,0,,,false,,,8770eb821819855269d55dc90cde4a5b,,,,,,0,,0,Bussley,175488352949108736,,0,bussley,,1065455243204231238,208425771172102144,1076599115351326722,0,,false,92,,,,,,,,,,,,,,,,,,,,,,,,,8770eb821819855269d55dc90cde4a5b,,,,,,0,,0,Bussley,175488352949108736,,0,bussley,1065455243204231238,,Sorry max capacity,,,0,1076599115351326722,false,,,false,91,2023-02-18T20:20:31.344000+00:00,false,0,,,,,,,,,,,,,,,,,,,,,,,,,,,,,,,,,,2023-02-18T20:21:49.800000+00:00,false,19,skiup,
1076599115351326722,,,,,,,,,,,,,,8770eb821819855269d55dc90cde4a5b,,,,,,,,,,,,,,,,,0,,,,,,0,Bussley,175488352949108736,,,,,,0,bussley,,1065455243204231238,,Sorry max capacity,2023-02-18T20:20:31.344Z,,,0,,,false,,,,,,,,,,,,,,,,,,,,,,,false,91,,,,,,,,,,,,,,,,,,,,,,,,,,,,,,,,,,,,,,,,,,,,,,,,,,,,,,,,,,,,,,,,,,,,,,,,,,,,,,,,,,,,,,,2023-02-18T20:20:31.344000+00:00,false,0,bussley,
1076597774520422440,,,,,,,,,,,,,,bb395c4e94e69555bb42e5e58f0ec4cf,,,,,,,,,,,,,,,,,0,,,,,,64,lisalisa,138906561895464960,,,,,,64,auchie,,1065455243204231238,,can i join or is it max capacity,2023-02-18T20:15:11.665Z,,,0,,,false,,,,,,,,,,,,,,,,,,,,,,,false,90,,,,,,,,,,,,,,,,,,,,,,,,,,,,,,,,,,,,,,,,,,,,,,,,,,,,,,,,,,,,,,,,,,,,,,,,,,,,,,,,,,,,,,,2023-02-18T20:15:11.665000+00:00,false,0,auchie,
1076597092669210725,,,,,,,,,,,,,,8770eb821819855269d55dc90cde4a5b,,,,,,,,,,,,,,,,,0,,,,,,0,Bussley,175488352949108736,,,,,,0,bussley,,1065455243204231238,,We are going at 1,2023-02-18T20:12:29.099Z,,,0,,,false,,,,,,,,,,,,,,,,,,,,,,,false,89,,,,,,,,,,,,,,,,,,,,,,,,,,,,,,,,,,,,,,,,,,,,,,,,,,,,,,,,,,,,,,,,,,,,,,,,,,,,,,,,,,,,,,,2023-02-18T20:12:29.099000+00:00,false,0,bussley,
1076597020862730280,,,,,,,,,,,,,,8770eb821819855269d55dc90cde4a5b,,,,,,,,,,,,,,,,,0,,,,,,0,Bussley,175488352949108736,,,,,,0,bussley,,1065455243204231238,,Right now we have 6,2023-02-18T20:12:11.979Z,,,0,,,false,,,,,,,,,,,,,,,,,,,,,,,false,88,,,,,,,,,,,,,,,,,,,,,,,,,,,,,,,,,,,,,,,,,,,,,,,,,,,,,,,,,,,,,,,,,,,,,,,,,,,,,,,,,,,,,,,2023-02-18T20:12:11.979000+00:00,false,0,bussley,
1076595650948501605,,,,,,,,,,,,,,bb395c4e94e69555bb42e5e58f0ec4cf,,,,,,,,,,,,,,,,,0,,,,,,64,lisalisa,138906561895464960,,,,,,64,auchie,,1065455243204231238,,Did someone say that atelier needs a reservation??,2023-02-18T20:06:45.366Z,,,0,,,false,,,,,,,,,,,,,,,,,,,,,,,false,87,,,,,,,,,,,,,,,,,,,,,,,,,,,,,,,,,,,,,,,,,,,,,,,,,,,,,,,,,,,,,,,,,,,,,,,,,,,,,,,,,,,,,,,2023-02-18T20:06:45.366000+00:00,false,0,auchie,
1076582749898547351,,,,,,,,,,,,,,438f329cf77c137086671b969a39d2b1,,,,,,,,,,491296025953173514,,,,,,,0,,,,,,0,yuzka,528096854831792159,,,,491296025953173514,,0,yuzka,,1065455243204231238,,How many people are going?,2023-02-18T19:15:29.516Z,,,0,,,false,,,,,,,,,,,,,,,,,,,,,,,false,86,,,,,,,,,,,,,,,,,,,,,,,,,,,,,,,,,,,,,,,,,,,,,,,,,,,,,,,,,,,,,,,,,,,,,,,,,,,,,,,,,,,,,,,2023-02-18T19:15:29.516000+00:00,false,0,yuzka,
1076582578368286810,,,,,,,,,,,,,,438f329cf77c137086671b969a39d2b1,,,,,,,,,,491296025953173514,,,,,,,0,,,,,,0,yuzka,528096854831792159,,,,491296025953173514,,0,yuzka,,1065455243204231238,,I am here,2023-02-18T19:14:48.620Z,,,0,,,false,,,,,,,,,,,,,,,,,,,,,,,false,85,,,,,,,,,,,,,,,,,,,,,,,,,,,,,,,,,,,,,,,,,,,,,,,,,,,,,,,,,,,,,,,,,,,,,,,,,,,,,,,,,,,,,,,2023-02-18T19:14:48.620000+00:00,false,0,yuzka,
1076581074706116618,,,,,,,,,,,,,,28912437e0390d34d050af4b1a730171,,,,,,,,,,,,,,,,,0,,,,,,0,Virmel,208425244128444418,,,,,,0,virmel,,1065455243204231238,,eta like 8 min,2023-02-18T19:08:50.119Z,,,0,,,false,,,,,,,,,,,,,,,,,,,,,,,false,84,,,,,,,,,,,,,,,,,,,,,,,,,,,,,,,,,,,,,,,,,,,,,,,,,,,,,,,,,,,,,,,,,,,,,,,,,,,,,,,,,,,,,,,2023-02-18T19:08:50.119000+00:00,false,0,virmel,
1076581038215663807,,,,,,,,,,,,,,28912437e0390d34d050af4b1a730171,,,,,,,,,,,,,,,,,0,,,,,,0,Virmel,208425244128444418,,,,,,0,virmel,,1065455243204231238,,walking,2023-02-18T19:08:41.419Z,,,0,,,false,,,,,,,,,,,,,,,,,,,,,,,false,83,,,,,,,,,,,,,,,,,,,,,,,,,,,,,,,,,,,,,,,,,,,,,,,,,,,,,,,,,,,,,,,,,,,,,,,,,,,,,,,,,,,,,,,2023-02-18T19:08:41.419000+00:00,false,0,virmel,
1076579178708750408,,,,,,,,,,,,,,2f6ca3c05030fc9aab3c3d5ba3ef8d3a,,,,,,,,,,,,,,,,,0,,,,,,0,Jerred,160509172704739328,,,,,,0,sjerred,,1065455243204231238,,on my way,2023-02-18T19:01:18.078Z,,,0,,,false,,,,,,,,,,,,,,,,,,,,,,,false,82,,,,,,,,,,,,,,,,,,,,,,,,,,,,,,,,,,,,,,,,,,,,,,,,,,,,,,,,,,,,,,,,,,,,,,,,,,,,,,,,,,,,,,,2023-02-18T19:01:18.078000+00:00,false,0,sjerred,
1076579173746872441,,,,,,,,,,,,,,2f6ca3c05030fc9aab3c3d5ba3ef8d3a,,,,,,,,,,,,,,,,,0,,,,,,0,Jerred,160509172704739328,,,,,,0,sjerred,,1065455243204231238,,sorry gonna be late,2023-02-18T19:01:16.895Z,,,0,,,false,,,,,,,,,,,,,,,,,,,,,,,false,81,,,,,,,,,,,,,,,,,,,,,,,,,,,,,,,,,,,,,,,,,,,,,,,,,,,,,,,,,,,,,,,,,,,,,,,,,,,,,,,,,,,,,,,2023-02-18T19:01:16.895000+00:00,false,0,sjerred,
1076577277330083901,,,,,,,,,,,,,,28912437e0390d34d050af4b1a730171,,,,,,,,,,,,,,,,,0,,,,,,0,Virmel,208425244128444418,,,,,,0,virmel,,1065455243204231238,,on the way,2023-02-18T18:53:44.754Z,,,0,,,false,,,,,,,,,,,,,,,,,,,,,,,false,80,,,,,,,,,,,,,,,,,,,,,,,,,,,,,,,,,,,,,,,,,,,,,,,,,,,,,,,,,,,,,,,,,,,,,,,,,,,,,,,,,,,,,,,2023-02-18T18:53:44.754000+00:00,false,0,virmel,
1076574688593063947,,,,,,,,,,,,,,28912437e0390d34d050af4b1a730171,,,,,,,,,,,,,,,,,0,,,,,,0,Virmel,208425244128444418,,,,,,0,virmel,,1065455243204231238,,could try to gamble and try to find parking at Cal Anderson,2023-02-18T18:43:27.551Z,,,0,,,false,,,,,,,,,,,,,,,,,,,,,,,false,79,,,,,,,,,,,,,,,,,,,,,,,,,,,,,,,,,,,,,,,,,,,,,,,,,,,,,,,,,,,,,,,,,,,,,,,,,,,,,,,,,,,,,,,2023-02-18T18:43:27.551000+00:00,false,0,virmel,
1076574650856910899,,,,,,,,,,,,,,28912437e0390d34d050af4b1a730171,,,,,,,,,,,,,,,,,0,,,,,,0,Virmel,208425244128444418,,,,,,0,virmel,,1065455243204231238,,pretty bad,2023-02-18T18:43:18.554Z,,,0,,,false,,,,,,,,,,,,,,,,,,,,,,,false,78,,,,,,,,,,,,,,,,,,,,,,,,,,,,,,,,,,,,,,,,,,,,,,,,,,,,,,,,,,,,,,,,,,,,,,,,,,,,,,,,,,,,,,,2023-02-18T18:43:18.554000+00:00,false,0,virmel,
1076571605305663548,,,,,,,,,,,,,,438f329cf77c137086671b969a39d2b1,,,,,,,,,,491296025953173514,,,,,,,0,,,,,,0,yuzka,528096854831792159,,,,491296025953173514,,0,yuzka,,1065455243204231238,,How's the parking in that area,2023-02-18T18:31:12.438Z,,,0,,,false,,,,,,,,,,,,,,,,,,,,,,,false,77,,,,,,,,,,,,,,,,,,,,,,,,,,,,,,,,,,,,,,,,,,,,,,,,,,,,,,,,,,,,,,,,,,,,,,,,,,,,,,,,,,,,,,,2023-02-18T18:31:12.438000+00:00,false,0,yuzka,
1076570326571430020,,,,,,,,,,,,,,438f329cf77c137086671b969a39d2b1,,,,,,,,,,491296025953173514,,,,,,,0,,,,,,0,yuzka,528096854831792159,,,,491296025953173514,,0,yuzka,,1065455243204231238,,Something something diary,2023-02-18T18:26:07.564Z,,,0,,,false,,,,,,,,,,,,,,,,,,,,,,,false,76,,,,,,,,,,,,,,,,,,,,,,,,,,,,,,,,,,,,,,,,,,,,,,,,,,,,,,,,,,,,,,,,,,,,,,,,,,,,,,,,,,,,,,,2023-02-18T18:26:07.564000+00:00,false,0,yuzka,
1076570026158587984,,,,,,,,,,,,,,42595d65ea5f89086c8b516f56203bbf,,,,,,,,,,,,,,,,,0,,,,,,0,Justin,189534213391908865,,,,,,0,skiup,,1065455243204231238,,i don’t know but I know he has a gameplan,2023-02-18T18:24:55.940Z,,,0,,,false,,,,,,,,,,,,,,,,,,,,,,,false,75,,,,,,,,,,,,,,,,,,,,,,,,,,,,,,,,,,,,,,,,,,,,,,,,,,,,,,,,,,,,,,,,,,,,,,,,,,,,,,,,,,,,,,,2023-02-18T18:24:55.940000+00:00,false,0,skiup,
1076569918717296700,,,,,,,,,,,,,,28912437e0390d34d050af4b1a730171,,,,,,,,,,,,,,,,,0,,,,,,0,Virmel,208425244128444418,,,,,,0,virmel,,1065455243204231238,,what's the gameplan,2023-02-18T18:24:30.324Z,,,0,,,false,,,,,,,,,,,,,,,,,,,,,,,false,74,,,,,,,,,,,,,,,,,,,,,,,,,,,,,,,,,,,,,,,,,,,,,,,,,,,,,,,,,,,,,,,,,,,,,,,,,,,,,,,,,,,,,,,2023-02-18T18:24:30.324000+00:00,false,0,virmel,
1076569873477533766,,,,,,,,,,,,,,42595d65ea5f89086c8b516f56203bbf,,,,,,,,,,,,,,,,,0,,,,,,0,Justin,189534213391908865,,,,,,0,skiup,,1065455243204231238,,you should use edward’s gameplan,2023-02-18T18:24:19.538Z,,,0,,,false,,,28912437e0390d34d050af4b1a730171,,,,,,0,,0,Virmel,208425244128444418,,0,virmel,,1065455243204231238,208425771172102144,1076568618088808553,0,,false,73,,,,,,,,,,,,,,,,,,,,,,,,,28912437e0390d34d050af4b1a730171,,,,,,0,,0,Virmel,208425244128444418,,0,virmel,1065455243204231238,,i just wanna have coffee in the back,,,0,1076568618088808553,false,,,false,72,2023-02-18T18:19:20.230000+00:00,false,0,,,,,,,,,,,,,,,,,,,,,,,,,,,,,,,,,,2023-02-18T18:24:19.538000+00:00,false,19,skiup,
1076568618088808553,,,,,,,,,,,,,,28912437e0390d34d050af4b1a730171,,,,,,,,,,,,,,,,,0,,,,,,0,Virmel,208425244128444418,,,,,,0,virmel,,1065455243204231238,,i just wanna have coffee in the back,2023-02-18T18:19:20.230Z,,,0,,,false,,,,,,,,,,,,,,,,,,,,,,,false,72,,,,,,,,,,,,,,,,,,,,,,,,,,,,,,,,,,,,,,,,,,,,,,,,,,,,,,,,,,,,,,,,,,,,,,,,,,,,,,,,,,,,,,,2023-02-18T18:19:20.230000+00:00,false,0,virmel,
1076568435108106280,,,,,,,,,,,,,,2f6ca3c05030fc9aab3c3d5ba3ef8d3a,,,,,,,,,,,,,,,,,0,,,,,,0,Jerred,160509172704739328,,,,,,0,sjerred,,1065455243204231238,,I'm down for Elliot Bay,2023-02-18T18:18:36.604Z,,,0,,,false,,,,,,,,,,,,,,,,,,,,,,,false,71,,,,,,,,,,,,,,,,,,,,,,,,,,,,,,,,,,,,,,,,,,,,,,,,,,,,,,,,,,,,,,,,,,,,,,,,,,,,,,,,,,,,,,,2023-02-18T18:18:36.604000+00:00,false,0,sjerred,
1076559559935668324,,,,,,,,,,,,,,28912437e0390d34d050af4b1a730171,,,,,,,,,,,,,,,,,0,,,,,,0,Virmel,208425244128444418,,,,,,0,virmel,,1065455243204231238,,"then 
????",2023-02-18T17:43:20.598Z,,,0,,,false,,,,,,,,,,,,,,,,,,,,,,,false,70,,,,,,,,,,,,,,,,,,,,,,,,,,,,,,,,,,,,,,,,,,,,,,,,,,,,,,,,,,,,,,,,,,,,,,,,,,,,,,,,,,,,,,,2023-02-18T17:43:20.598000+00:00,false,0,virmel,
1076559531091427450,,,,,,,,,,,,,,28912437e0390d34d050af4b1a730171,,,,,,,,,,,,,,,,,0,,,,,,0,Virmel,208425244128444418,,,,,,0,virmel,,1065455243204231238,,"think it's Lost Lake at 11 for brunch.
Sometime after we go to Atelier.",2023-02-18T17:43:13.721Z,,,0,,,false,,,,,,,,,,,,,,,,,,,,,,,false,69,,,,,,,,,,,,,,,,,,,,,,,,,,,,,,,,,,,,,,,,,,,,,,,,,,,,,,,,,,,,,,,,,,,,,,,,,,,,,,,,,,,,,,,2023-02-18T17:43:13.721000+00:00,false,0,virmel,
1076559305001664633,,,,,,,,,,,,,,e7b2142c8e29f794f4d81eb360d57221,,,,,,,,,,,,,,,,,0,,,,,,0,Streameast Bartender,263577791105073152,,,,,,0,dannydelito.,,1065455243204231238,,Just woke up,2023-02-18T17:42:19.817Z,,,0,,,false,,,,,,,,,,,,,,,,,,,,,,,false,68,,,,,,,,,,,,,,,,,,,,,,,,,,,,,,,,,,,,,,,,,,,,,,,,,,,,,,,,,,,,,,,,,,,,,,,,,,,,,,,,,,,,,,,2023-02-18T17:42:19.817000+00:00,false,0,dannydelito.,
1076559293840633908,,,,,,,,,,,,,,e7b2142c8e29f794f4d81eb360d57221,,,,,,,,,,,,,,,,,0,,,,,,0,Streameast Bartender,263577791105073152,,,,,,0,dannydelito.,,1065455243204231238,,What's the plan today y'all,2023-02-18T17:42:17.156Z,,,0,,,false,,,,,,,,,,,,,,,,,,,,,,,false,67,,,,,,,,,,,,,,,,,,,,,,,,,,,,,,,,,,,,,,,,,,,,,,,,,,,,,,,,,,,,,,,,,,,,,,,,,,,,,,,,,,,,,,,2023-02-18T17:42:17.156000+00:00,false,0,dannydelito.,
1076447231642697848,,,,,,,,,,,,,,d6493d4a82cdf9ab7b6c266359acef03,,a_c86b11a49bb8057ce9c974a6f7ad658a,,1333866045236314327,,,,,,,,,nameplates/nameplates/spirit_of_spring/,COLLECTIBLES_NAMEPLATES_SPIRIT_OF_SPRING_A11Y,sky,1349849614173339688,0,,,,,,0,klieu,192392483383017472,,,,,,0,klieu,,1065455243204231238,,Sadly busy this weekend 😔,2023-02-18T10:16:59.446Z,,,0,,,false,,,,,,,,,,,,,,,,,,,,,,,false,66,,,,,,,,,,,,,,,,,,,,,,,,,,,,,,,,,,,,,,,,,,,,,,,,,,,,,,,,,,,,,,,,,,,,,,,,,,,,,,,,,,,,,,,2023-02-18T10:16:59.446000+00:00,false,0,klieu,
1076423836150530098,,,,,,,,,,,,,,28912437e0390d34d050af4b1a730171,,,,,,,,,,,,,,,,,0,,,,,,0,Virmel,208425244128444418,,,,,,0,virmel,,1065455243204231238,,can we go to Elliot Bay after Lost Lake,2023-02-18T08:44:01.526Z,,,0,,,false,,,,,,,,,,,,,,,,,,,,,,,false,65,,,,,,,,,,,,,,,,,,,,,,,,,,,,,,,,,,,,,,,,,,,,,,,,,,,,,,,,,,,,,,,,,,,,,,,,,,,,,,,,,,,,,,,2023-02-18T08:44:01.526000+00:00,false,0,virmel,
1076304511758516246,,,,,,,,,,,,,,ff2d052609f7c33ac7e6fa9d3f660267,,,,,,,,,,,,,,,,,0,,,,,,0,ZackGPT,609191587473391631,,,,,,0,spicyzaddy,,1065455243204231238,,this suey gonna be *choppy*,2023-02-18T00:49:52.374Z,,,0,,,false,,,,,,,,,,,,,,,,,,,,,,,false,64,,,,,,,,,,,,,,,,,,,,,,,,,,,,,,,,,,,,,,,,,,,,,,,,,,,,,,,,,,,,,,,,,,,,,,,,,,,,,,,,,,,,,,,2023-02-18T00:49:52.374000+00:00,false,0,spicyzaddy,
1076304271995310143,,,,,,,,,,,,,,42595d65ea5f89086c8b516f56203bbf,,,,,,,,,,,,,,,,,0,,,,,,0,Justin,189534213391908865,,,,,,0,skiup,,1065455243204231238,,c h o p s u e y,2023-02-18T00:48:55.210Z,,,0,,,false,,,ff2d052609f7c33ac7e6fa9d3f660267,,,,,,0,,0,ZackGPT,609191587473391631,,0,spicyzaddy,,1065455243204231238,208425771172102144,1076298998803091606,0,,false,63,,,,,,,,,,,,,,,,,,,,,,,,,ff2d052609f7c33ac7e6fa9d3f660267,,,,,,0,,0,ZackGPT,609191587473391631,,0,spicyzaddy,1065455243204231238,,"am down to dancy dance, no clue where tho. chop seuy?",,,0,1076298998803091606,false,,,false,59,2023-02-18T00:27:57.983000+00:00,false,0,,,,,,,,,,,,,,,,,,,,,,,,,,,,,,,,,,2023-02-18T00:48:55.210000+00:00,false,19,skiup,
1076303582556602438,,,,,,,,,,,,,,438f329cf77c137086671b969a39d2b1,,,,,,,,,,491296025953173514,,,,,,,0,,,,,,0,yuzka,528096854831792159,,,,491296025953173514,,0,yuzka,,1065455243204231238,,Oh wait nvm lol,2023-02-18T00:46:10.835Z,,,0,,,false,,,,,,,,,,,,,,,,,,,,,,,false,62,,,,,,,,,,,,,,,,,,,,,,,,,,,,,,,,,,,,,,,,,,,,,,,,,,,,,,,,,,,,,,,,,,,,,,,,,,,,,,,,,,,,,,,2023-02-18T00:46:10.835000+00:00,false,0,yuzka,
1076303298170212483,,,,,,,,,,,,,,438f329cf77c137086671b969a39d2b1,,,,,,,,,,491296025953173514,,,,,,,0,,,,,,0,yuzka,528096854831792159,,,,491296025953173514,,0,yuzka,,1065455243204231238,,Where we eating brunchie?,2023-02-18T00:45:03.032Z,,,0,,,false,,,,,,,,,,,,,,,,,,,,,,,false,61,,,,,,,,,,,,,,,,,,,,,,,,,,,,,,,,,,,,,,,,,,,,,,,,,,,,,,,,,,,,,,,,,,,,,,,,,,,,,,,,,,,,,,,2023-02-18T00:45:03.032000+00:00,false,0,yuzka,
1076302245655760986,,,,,,,,,,,,,,,,,,,,,,,,,,,,,,,0000,,,,,,0,,456226577798135808,,,,,,0,Deleted User,,1065455243204231238,,I'm busy this weekend but I really want to emote virmel,2023-02-18T00:40:52.093Z,,,0,,,false,,,,,,,,,,,,,,,,,,,,,,,false,60,,,,,,,,,,,,,,,,,,,,,,,,,,,,,,,,,,,,,,,,,,,,,,,,,,,,,,,,,,,,,,,,,,,,,,,,,,,,,,,,,,,,,,,2023-02-18T00:40:52.093000+00:00,false,0,Deleted User,
1076298998803091606,,,,,,,,,,,,,,ff2d052609f7c33ac7e6fa9d3f660267,,,,,,,,,,,,,,,,,0,,,,,,0,ZackGPT,609191587473391631,,,,,,0,spicyzaddy,,1065455243204231238,,"am down to dancy dance, no clue where tho. chop seuy?",2023-02-18T00:27:57.983Z,,,0,,,false,,,,,,,,,,,,,,,,,,,,,,,false,59,,,,,,,,,,,,,,,,,,,,,,,,,,,,,,,,,,,,,,,,,,,,,,,,,,,,,,,,,,,,,,,,,,,,,,,,,,,,,,,,,,,,,,,2023-02-18T00:27:57.983000+00:00,false,0,spicyzaddy,
1076288950320234498,,,,,,,,,,,,,,28912437e0390d34d050af4b1a730171,,,,,,,,,,,,,,,,,0,,,,,,0,Virmel,208425244128444418,,,,,,0,virmel,,1065455243204231238,,most likely not gonna get anything but would be fun to browse,2023-02-17T23:48:02.238Z,,,0,,,false,,,,,,,,,,,,,,,,,,,,,,,false,58,,,,,,,,,,,,,,,,,,,,,,,,,,,,,,,,,,,,,,,,,,,,,,,,,,,,,,,,,,,,,,,,,,,,,,,,,,,,,,,,,,,,,,,2023-02-17T23:48:02.238000+00:00,false,0,virmel,
1076288783865098300,,,,,,,,,,,,,,8770eb821819855269d55dc90cde4a5b,,,,,,,,,,,,,,,,,0,,,,,,0,Bussley,175488352949108736,,,,,,0,bussley,,1065455243204231238,,<@&889360299172446252>,2023-02-17T23:47:22.552Z,,,0,,,false,,,,,,,,,,,,,,,,,,,,,,,false,57,,,,,,,,,,,,,,,,,,,,,,,,,,,,,,,,,,,,,,,,,,,,,,,,,,,,,,,,,,,,,,,,,,,,,,,,,,,,,,,,,,,,,,,2023-02-17T23:47:22.552000+00:00,false,0,bussley,
1076288726268911747,,,,,,,,,,,,,,8770eb821819855269d55dc90cde4a5b,,,,,,,,,,,,,,,,,0,,,,,,0,Bussley,175488352949108736,,,,,,0,bussley,,1065455243204231238,,"Can you emote this if you want to go to Atelier tomorrow, will call for reservation",2023-02-17T23:47:08.820Z,,,0,,,false,,,,,,,,,,,,,,,,,,,,,,,false,56,,,0,false,2,0,2,692571245753139270,virmel,false,false,,,,,,,,,,,,,,,,,,,,,,,,,,,,,,,,,,,,,,,,,,,,,,,,,,,,,,,,,,,,,,,,,,,,,,,,,,,,2023-02-17T23:47:08.820000+00:00,false,0,bussley,
1076286196445085716,,,,,,,,,,,,,,bb395c4e94e69555bb42e5e58f0ec4cf,,,,,,,,,,,,,,,,,0,,,,,,64,lisalisa,138906561895464960,,,,,,64,auchie,,1065455243204231238,,any plans for a little dancey dance at night tomorrow?,2023-02-17T23:37:05.663Z,,,0,,,false,,,,,,,,,,,,,,,,,,,,,,,false,55,,,,,,,,,,,,,,,,,,,,,,,,,,,,,,,,,,,,,,,,,,,,,,,,,,,,,,,,,,,,,,,,,,,,,,,,,,,,,,,,,,,,,,,2023-02-17T23:37:05.663000+00:00,false,0,auchie,
1075979517803368590,,,,,,,,,,,,,,2f6ca3c05030fc9aab3c3d5ba3ef8d3a,,,,,,,,,,,,,,,,,0,,,,,,0,Jerred,160509172704739328,,,,,,0,sjerred,,1065455243204231238,,lets do it,2023-02-17T03:18:27.777Z,,,0,,,false,,,,,,,,,,,,,,,,,,,,,,,false,54,,,,,,,,,,,,,,,,,,,,,,,,,,,,,,,,,,,,,,,,,,,,,,,,,,,,,,,,,,,,,,,,,,,,,,,,,,,,,,,,,,,,,,,2023-02-17T03:18:27.777000+00:00,false,0,sjerred,
1075976642561851462,,,,,,,,,,,,,,28912437e0390d34d050af4b1a730171,,,,,,,,,,,,,,,,,0,,,,,,0,Virmel,208425244128444418,,,,,,0,virmel,,1065455243204231238,,11,2023-02-17T03:07:02.266Z,,,0,,,false,,,,,,,,,,,,,,,,,,,,,,,false,53,,,,,,,,,,,,,,,,,,,,,,,,,,,,,,,,,,,,,,,,,,,,,,,,,,,,,,,,,,,,,,,,,,,,,,,,,,,,,,,,,,,,,,,2023-02-17T03:07:02.266000+00:00,false,0,virmel,
1075976639411912765,,,,,,,,,,,,,,28912437e0390d34d050af4b1a730171,,,,,,,,,,,,,,,,,0,,,,,,0,Virmel,208425244128444418,,,,,,0,virmel,,1065455243204231238,,im down,2023-02-17T03:07:01.515Z,,,0,,,false,,,,,,,,,,,,,,,,,,,,,,,false,52,,,,,,,,,,,,,,,,,,,,,,,,,,,,,,,,,,,,,,,,,,,,,,,,,,,,,,,,,,,,,,,,,,,,,,,,,,,,,,,,,,,,,,,2023-02-17T03:07:01.515000+00:00,false,0,virmel,
1075975566626410608,,,,,,,,,,,,,,8770eb821819855269d55dc90cde4a5b,,,,,,,,,,,,,,,,,0,,,,,,0,Bussley,175488352949108736,,,,,,0,bussley,,1065455243204231238,,then go from there,2023-02-17T03:02:45.743Z,,,0,,,false,,,,,,,,,,,,,,,,,,,,,,,false,51,,,,,,,,,,,,,,,,,,,,,,,,,,,,,,,,,,,,,,,,,,,,,,,,,,,,,,,,,,,,,,,,,,,,,,,,,,,,,,,,,,,,,,,2023-02-17T03:02:45.743000+00:00,false,0,bussley,
1075975531767529512,,,,,,,,,,,,,,8770eb821819855269d55dc90cde4a5b,,,,,,,,,,,,,,,,,0,,,,,,0,Bussley,175488352949108736,,,,,,0,bussley,,1065455243204231238,,So we want to meet up at Lost Lake Cafe for brunch around 10:30 or 11?,2023-02-17T03:02:37.432Z,,,0,,,false,,,,,,,,,,,,,,,,,,,,,,,false,50,,,0,false,1,0,1,,👍,true,false,,,,,,,,,,,,,,,,,,,,,,,,,,,,,,,,,,,,,,,,,,,,,,,,,,,,,,,,,,,,,,,,,,,,,,,,,,,,2023-02-17T03:02:37.432000+00:00,false,0,bussley,
1075534244014739476,,,,,,,,,,,,,,8770eb821819855269d55dc90cde4a5b,,,,,,,,,,,,,,,,,0,,,,,,0,Bussley,175488352949108736,,,,,,0,bussley,,1065455243204231238,,I wouldn't mind. Can we ride in the rain?,2023-02-15T21:49:06.233Z,,,0,,,false,,,,,,,,,,,,,,,,,,,,,,,false,49,,,,,,,,,,,,,,,,,,,,,,,,,,,,,,,,,,,,,,,,,,,,,,,,,,,,,,,,,,,,,,,,,,,,,,,,,,,,,,,,,,,,,,,2023-02-15T21:49:06.233000+00:00,false,0,bussley,
1075533877671624734,,,,,,,,,,,,,,e7b2142c8e29f794f4d81eb360d57221,,,,,,,,,,,,,,,,,0,,,,,,0,Streameast Bartender,263577791105073152,,,,,,0,dannydelito.,,1065455243204231238,,"Can you pick me up <@175488352949108736> c:. Also, want me to bring both my boards?",2023-02-15T21:47:38.890Z,,,0,,,false,,,8770eb821819855269d55dc90cde4a5b,,,,,,0,,0,Bussley,175488352949108736,,0,bussley,,,,,,,false,48,,,,,,,,,,,,,,,,,,,,,,,,,,,,,,,,,,,,,,,,,,,,,,,,,,,,,,,,,,,,,,,,,,,,,,,,,,,,,,,,,,,,,,,2023-02-15T21:47:38.890000+00:00,false,0,dannydelito.,
1075312066308616192,,,,,,,,,,,,,,2f6ca3c05030fc9aab3c3d5ba3ef8d3a,,,,,,,,,,,,,,,,,0,,,,,,0,Jerred,160509172704739328,,,,,,0,sjerred,,1065455243204231238,,"I'm down to do stuff, but yeah a park/picnic might not be the best. I'd be down to go for a walk around one of the neighborhoods/trails around Seattle or explore some area (the area around university ave has a lot of stuff)",2023-02-15T07:06:14.940Z,,,0,,,false,,,,,,,,,,,,,,,,,,,,,,,false,47,,,,,,,,,,,,,,,,,,,,,,,,,,,,,,,,,,,,,,,,,,,,,,,,,,,,,,,,,,,,,,,,,,,,,,,,,,,,,,,,,,,,,,,2023-02-15T07:06:14.940000+00:00,false,0,sjerred,
1075298976363978762,,,,,,,,,,,,,,8770eb821819855269d55dc90cde4a5b,,,,,,,,,,,,,,,,,0,,,,,,0,Bussley,175488352949108736,,,,,,0,bussley,,1065455243204231238,,"Doing cafe / brunch seems good, we can still do hang out stuff to, just probably can't go to park and have a picnic thing",2023-02-15T06:14:14.054Z,,,0,,,false,,,,,,,,,,,,,,,,,,,,,,,false,46,,,,,,,,,,,,,,,,,,,,,,,,,,,,,,,,,,,,,,,,,,,,,,,,,,,,,,,,,,,,,,,,,,,,,,,,,,,,,,,,,,,,,,,2023-02-15T06:14:14.054000+00:00,false,0,bussley,
1075298808319201280,,,,,,,,,,,,,,8770eb821819855269d55dc90cde4a5b,,,,,,,,,,,,,,,,,0,,,,,,0,Bussley,175488352949108736,,,,,,0,bussley,,1065455243204231238,,"ya, I am fine with it being cold. It is mostly the rain and going to a park that is pretty bad",2023-02-15T06:13:33.989Z,,,0,,,false,,,,,,,,,,,,,,,,,,,,,,,false,45,,,,,,,,,,,,,,,,,,,,,,,,,,,,,,,,,,,,,,,,,,,,,,,,,,,,,,,,,,,,,,,,,,,,,,,,,,,,,,,,,,,,,,,2023-02-15T06:13:33.989000+00:00,false,0,bussley,
1075291179819732992,,,,,,,,,,,,,,28912437e0390d34d050af4b1a730171,,,,,,,,,,,,,,,,,0,,,,,,0,Virmel,208425244128444418,,,,,,0,virmel,,1065455243204231238,,cause im very down for that,2023-02-15T05:43:15.213Z,,,0,,,false,,,,,,,,,,,,,,,,,,,,,,,false,44,,,,,,,,,,,,,,,,,,,,,,,,,,,,,,,,,,,,,,,,,,,,,,,,,,,,,,,,,,,,,,,,,,,,,,,,,,,,,,,,,,,,,,,2023-02-15T05:43:15.213000+00:00,false,0,virmel,
1075291157111775313,,,,,,,,,,,,,,28912437e0390d34d050af4b1a730171,,,,,,,,,,,,,,,,,0,,,,,,0,Virmel,208425244128444418,,,,,,0,virmel,,1065455243204231238,,"<@175488352949108736> wanna do a cafe / brunch on Saturday, at least?",2023-02-15T05:43:09.799Z,,,0,,,false,,,8770eb821819855269d55dc90cde4a5b,,,,,,0,,0,Bussley,175488352949108736,,0,bussley,,,,,,,false,43,,,,,,,,,,,,,,,,,,,,,,,,,,,,,,,,,,,,,,,,,,,,,,,,,,,,,,,,,,,,,,,,,,,,,,,,,,,,,,,,,,,,,,,2023-02-15T05:43:09.799000+00:00,false,0,virmel,
1075287436327931914,,,,,,,,,,,,,,c52e4bdd2e7a2b96437062c91810043d,,a_cb8bbe431a4c3b88c11096ff8b46907a,,1365410896029159607,,,,79dae93b4acc456cc8aaf6ed2accc540,true,1368972275608453170,OVRW,,nameplates/nameplates/cat_beans/,COLLECTIBLES_NAMEPLATES_CAT_BEANS_A11Y,violet,1349849614143979540,0,,5113856,12165795,2,11,0,Windcatcher,331238905619677185,,79dae93b4acc456cc8aaf6ed2accc540,true,1368972275608453170,OVRW,0,windcatcher,,1065455243204231238,,But I am down to do stuff indoors,2023-02-15T05:28:22.695Z,,,0,,,false,,,,,,,,,,,,,,,,,,,,,,,false,42,,,,,,,,,,,,,,,,,,,,,,,,,,,,,,,,,,,,,,,,,,,,,,,,,,,,,,,,,,,,,,,,,,,,,,,,,,,,,,,,,,,,,,,2023-02-15T05:28:22.695000+00:00,false,0,windcatcher,
1075287415167664158,,,,,,,,,,,,,,c52e4bdd2e7a2b96437062c91810043d,,a_cb8bbe431a4c3b88c11096ff8b46907a,,1365410896029159607,,,,79dae93b4acc456cc8aaf6ed2accc540,true,1368972275608453170,OVRW,,nameplates/nameplates/cat_beans/,COLLECTIBLES_NAMEPLATES_CAT_BEANS_A11Y,violet,1349849614143979540,0,,5113856,12165795,2,11,0,Windcatcher,331238905619677185,,79dae93b4acc456cc8aaf6ed2accc540,true,1368972275608453170,OVRW,0,windcatcher,,1065455243204231238,,It’s going to be cold next weekend lol it will be better for the spring or summer time,2023-02-15T05:28:17.650Z,,,0,,,false,,,8770eb821819855269d55dc90cde4a5b,,,,,,0,,0,Bussley,175488352949108736,,0,bussley,,1065455243204231238,208425771172102144,1075270682650353764,0,,false,41,,,,,,,,,,,,,,,,,,,,,,,,,8770eb821819855269d55dc90cde4a5b,,,,,,0,,0,Bussley,175488352949108736,,0,bussley,1065455243204231238,,Ya I was fearing it might rain so we can either do more indoor stuff and not do the park. Or we can wait till hopefully next weekend to see if it is sunny,2023-02-15T04:22:19.837000+00:00,,0,1075270682650353764,false,,,false,38,2023-02-15T04:21:48.307000+00:00,false,0,,,,,,,,,,,,,,,,,,,,,,,,,,,,,,,,,,2023-02-15T05:28:17.650000+00:00,false,19,windcatcher,
1075270871624724610,,,,,,,,,,,,,,438f329cf77c137086671b969a39d2b1,,,,,,,,,,491296025953173514,,,,,,,0,,,,,,0,yuzka,528096854831792159,,,,491296025953173514,,0,yuzka,,1065455243204231238,,It was snowing so hard this morning man,2023-02-15T04:22:33.362Z,,,0,,,false,,,,,,,,,,,,,,,,,,,,,,,false,40,,,,,,,,,,,,,,,,,,,,,,,,,,,,,,,,,,,,,,,,,,,,,,,,,,,,,,,,,,,,,,,,,,,,,,,,,,,,,,,,,,,,,,,2023-02-15T04:22:33.362000+00:00,false,0,yuzka,
1075270840054206585,,,,,,,,,,,,,,438f329cf77c137086671b969a39d2b1,,,,,,,,,,491296025953173514,,,,,,,0,,,,,,0,yuzka,528096854831792159,,,,491296025953173514,,0,yuzka,,1065455243204231238,,2nd winter smh,2023-02-15T04:22:25.835Z,,,0,,,false,,,,,,,,,,,,,,,,,,,,,,,false,39,,,,,,,,,,,,,,,,,,,,,,,,,,,,,,,,,,,,,,,,,,,,,,,,,,,,,,,,,,,,,,,,,,,,,,,,,,,,,,,,,,,,,,,2023-02-15T04:22:25.835000+00:00,false,0,yuzka,
1075270682650353764,,,,,,,,,,,,,,8770eb821819855269d55dc90cde4a5b,,,,,,,,,,,,,,,,,0,,,,,,0,Bussley,175488352949108736,,,,,,0,bussley,,1065455243204231238,,Ya I was fearing it might rain so we can either do more indoor stuff and not do the park. Or we can wait till hopefully next weekend to see if it is sunny,2023-02-15T04:21:48.307Z,2023-02-15T04:22:19.837000+00:00,,0,,,false,,,,,,,,,,,,,,,,,,,,,,,false,38,,,,,,,,,,,,,,,,,,,,,,,,,,,,,,,,,,,,,,,,,,,,,,,,,,,,,,,,,,,,,,,,,,,,,,,,,,,,,,,,,,,,,,,2023-02-15T04:21:48.307000+00:00,false,0,bussley,
1075258968823300196,,,,,,,,,,,,,,c52e4bdd2e7a2b96437062c91810043d,,a_cb8bbe431a4c3b88c11096ff8b46907a,,1365410896029159607,,,,79dae93b4acc456cc8aaf6ed2accc540,true,1368972275608453170,OVRW,,nameplates/nameplates/cat_beans/,COLLECTIBLES_NAMEPLATES_CAT_BEANS_A11Y,violet,1349849614143979540,0,,5113856,12165795,2,11,0,Windcatcher,331238905619677185,,79dae93b4acc456cc8aaf6ed2accc540,true,1368972275608453170,OVRW,0,windcatcher,,1065455243204231238,,<@175488352949108736> what is the plan since it’s going to be cold outside Saturday,2023-02-15T03:35:15.513Z,,,0,,,false,,,8770eb821819855269d55dc90cde4a5b,,,,,,0,,0,Bussley,175488352949108736,,0,bussley,,,,,,,false,37,,,,,,,,,,,,,,,,,,,,,,,,,,,,,,,,,,,,,,,,,,,,,,,,,,,,,,,,,,,,,,,,,,,,,,,,,,,,,,,,,,,,,,,2023-02-15T03:35:15.513000+00:00,false,0,windcatcher,
1074937571190243348,,,,,,,,,,,,,,28912437e0390d34d050af4b1a730171,,,,,,,,,,,,,,,,,0,,,,,,0,Virmel,208425244128444418,,,,,,0,virmel,,1065455243204231238,,are you drinking this day? <@175488352949108736>,2023-02-14T06:18:08.346Z,,,0,,,false,,,8770eb821819855269d55dc90cde4a5b,,,,,,0,,0,Bussley,175488352949108736,,0,bussley,,,,,,,false,36,,,,,,,,,,,,,,,,,,,,,,,,,,,,,,,,,,,,,,,,,,,,,,,,,,,,,,,,,,,,,,,,,,,,,,,,,,,,,,,,,,,,,,,2023-02-14T06:18:08.346000+00:00,false,0,virmel,
1072992541101793410,,,,,,,,,,,,,,8770eb821819855269d55dc90cde4a5b,,,,,,,,,,,,,,,,,0,,,,,,0,Bussley,175488352949108736,,,,,,0,bussley,,1065455243204231238,,I don't mind,2023-02-08T21:29:17.036Z,,,0,,,false,,,,,,,,,,,,,,,,,,,,,,,false,35,,,,,,,,,,,,,,,,,,,,,,,,,,,,,,,,,,,,,,,,,,,,,,,,,,,,,,,,,,,,,,,,,,,,,,,,,,,,,,,,,,,,,,,2023-02-08T21:29:17.036000+00:00,false,0,bussley,
1072976148864180235,,,,,,,,,,,,,,d970d6b2608498a58d5138a98a247e19,,,,,,,,,,,,,,,,,0,,,,,,0,DaVinci Resolve Addict,208404668026454016,,,,,,0,snipzar,,1065455243204231238,,Ayyye good for you 👍,2023-02-08T20:24:08.822Z,,,0,,,false,,,,,,,,,,,,,,,,,,,,,,,false,34,,,,,,,,,,,,,,,,,,,,,,,,,,,,,,,,,,,,,,,,,,,,,,,,,,,,,,,,,,,,,,,,,,,,,,,,,,,,,,,,,,,,,,,2023-02-08T20:24:08.822000+00:00,false,0,snipzar,
1072975986708201564,,,,,,,,,,,,,,fd5d7882c963b825e1400c338781c32c,,a_8552f9857793aed0cf816f370e2df3be,,1232071712695386162,,,,,,,,,,,,,0,,,,,,0,NekoRyan,200067001035653131,,,,,,0,nekoryan,,1065455243204231238,,yes sir,2023-02-08T20:23:30.161Z,,,0,,,false,,,d970d6b2608498a58d5138a98a247e19,,,,,,0,,0,DaVinci Resolve Addict,208404668026454016,,0,snipzar,,1065455243204231238,208425771172102144,1072970817023000706,0,,false,33,,,,,,,,,,,,,,,,,,,,,,,,,d970d6b2608498a58d5138a98a247e19,,,,,,0,,0,DaVinci Resolve Addict,208404668026454016,,0,snipzar,1065455243204231238,,Oh shit she's your girlfriend now?,,,0,1072970817023000706,false,,,false,32,2023-02-08T20:02:57.612000+00:00,false,0,,,,,,,,,,,,,,,,,,,,,,,,,,,,,,,,,,2023-02-08T20:23:30.161000+00:00,false,19,nekoryan,
1072970817023000706,,,,,,,,,,,,,,d970d6b2608498a58d5138a98a247e19,,,,,,,,,,,,,,,,,0,,,,,,0,DaVinci Resolve Addict,208404668026454016,,,,,,0,snipzar,,1065455243204231238,,Oh shit she's your girlfriend now?,2023-02-08T20:02:57.612Z,,,0,,,false,,,,,,,,,,,,,,,,,,,,,,,false,32,,,,,,,,,,,,,,,,,,,,,,,,,,,,,,,,,,,,,,,,,,,,,,,,,,,,,,,,,,,,,,,,,,,,,,,,,,,,,,,,,,,,,,,2023-02-08T20:02:57.612000+00:00,false,0,snipzar,
1072970268206710915,,,,,,,,,,,,,,28912437e0390d34d050af4b1a730171,,,,,,,,,,,,,,,,,0,,,,,,0,Virmel,208425244128444418,,,,,,0,virmel,,1065455243204231238,,<@175488352949108736>,2023-02-08T20:00:46.764Z,,,0,,,false,,,8770eb821819855269d55dc90cde4a5b,,,,,,0,,0,Bussley,175488352949108736,,0,bussley,,,,,,,false,31,,,,,,,,,,,,,,,,,,,,,,,,,,,,,,,,,,,,,,,,,,,,,,,,,,,,,,,,,,,,,,,,,,,,,,,,,,,,,,,,,,,,,,,2023-02-08T20:00:46.764000+00:00,false,0,virmel,
1072969940266659930,,,,,,,,,,,,,,fd5d7882c963b825e1400c338781c32c,,a_8552f9857793aed0cf816f370e2df3be,,1232071712695386162,,,,,,,,,,,,,0,,,,,,0,NekoRyan,200067001035653131,,,,,,0,nekoryan,,1065455243204231238,,Am I allowed to bring my gf or is it just a mee invite cool with whatever answer just wanted to ask,2023-02-08T19:59:28.577Z,,,0,,,false,,,,,,,,,,,,,,,,,,,,,,,false,30,,,,,,,,,,,,,,,,,,,,,,,,,,,,,,,,,,,,,,,,,,,,,,,,,,,,,,,,,,,,,,,,,,,,,,,,,,,,,,,,,,,,,,,2023-02-08T19:59:28.577000+00:00,false,0,nekoryan,
1072961153820528692,,,,,,,,,,,,,,2f6ca3c05030fc9aab3c3d5ba3ef8d3a,,,,,,,,,,,,,,,,,0,,,,,,0,Jerred,160509172704739328,,,,,,0,sjerred,,1065455243204231238,,that one is actually true,2023-02-08T19:24:33.725Z,,,0,,,false,,,,,,,,,,,,,,,,,,,,,,,false,29,,,,,,,,,,,,,,,,,,,,,,,,,,,,,,,,,,,,,,,,,,,,,,,,,,,,,,,,,,,,,,,,,,,,,,,,,,,,,,,,,,,,,,,2023-02-08T19:24:33.725000+00:00,false,0,sjerred,
1072952310608703558,,,,,,,,,,,,,,d970d6b2608498a58d5138a98a247e19,,,,,,,,,,,,,,,,,0,,,,,,0,DaVinci Resolve Addict,208404668026454016,,,,,,0,snipzar,,1065455243204231238,,"""jerred hosts the best 4th of July parties""",2023-02-08T18:49:25.339Z,,,0,,,false,,,,,,,,,,,,,,,,,,,,,,,false,28,,,,,,,,,,,,,,,,,,,,,,,,,,,,,,,,,,,,,,,,,,,,,,,,,,,,,,,,,,,,,,,,,,,,,,,,,,,,,,,,,,,,,,,2023-02-08T18:49:25.339000+00:00,false,0,snipzar,
1072949219238891620,,,,,,,,,,,,,,d970d6b2608498a58d5138a98a247e19,,,,,,,,,,,,,,,,,0,,,,,,0,DaVinci Resolve Addict,208404668026454016,,,,,,0,snipzar,,1065455243204231238,,"""Jerred sucks at Jax""",2023-02-08T18:37:08.299Z,,,0,,,false,,,,,,,,,,,,,,,,,,,,,,,false,27,,,0,false,1,0,1,,😢,true,false,,,,,,,,,,,,,,,,,,,,,,,,,,,,,,,,,,,,,,,,,,,,,,,,,,,,,,,,,,,,,,,,,,,,,,,,,,,,2023-02-08T18:37:08.299000+00:00,false,0,snipzar,
1072949131145908264,,,,,,,,,,,,,,d970d6b2608498a58d5138a98a247e19,,,,,,,,,,,,,,,,,0,,,,,,0,DaVinci Resolve Addict,208404668026454016,,,,,,0,snipzar,,1065455243204231238,,I can say whatever I want,2023-02-08T18:36:47.296Z,,,0,,,false,,,,,,,,,,,,,,,,,,,,,,,false,26,,,,,,,,,,,,,,,,,,,,,,,,,,,,,,,,,,,,,,,,,,,,,,,,,,,,,,,,,,,,,,,,,,,,,,,,,,,,,,,,,,,,,,,2023-02-08T18:36:47.296000+00:00,false,0,snipzar,
1072948965454127174,,,,,,,,,,,,,,2f6ca3c05030fc9aab3c3d5ba3ef8d3a,,,,,,,,,,,,,,,,,0,,,,,,0,Jerred,160509172704739328,,,,,,0,sjerred,,1065455243204231238,,dude you can't say that about us,2023-02-08T18:36:07.792Z,,,0,,,false,,,d970d6b2608498a58d5138a98a247e19,,,,,,0,,0,DaVinci Resolve Addict,208404668026454016,,0,snipzar,,1065455243204231238,208425771172102144,1072928491592499282,0,,false,25,,,,,,,,,,,,,,,,,,,,,,,,,d970d6b2608498a58d5138a98a247e19,,,,,,0,,0,DaVinci Resolve Addict,208404668026454016,,0,snipzar,1065455243204231238,,I can be a sitter. Shrooms don't mix well with mental health disabilities,,,0,1072928491592499282,false,,,false,14,2023-02-08T17:14:46.443000+00:00,false,0,,,,,,,,,,,,,,,,,,,,,,,,,,,,,,,,,,2023-02-08T18:36:07.792000+00:00,false,19,sjerred,
1072939410439548930,,,,,,,,,,,,,,d970d6b2608498a58d5138a98a247e19,,,,,,,,,,,,,,,,,0,,,,,,0,DaVinci Resolve Addict,208404668026454016,,,,,,0,snipzar,,1065455243204231238,,Night time brings the ghosts 👻,2023-02-08T17:58:09.699Z,,,0,,,false,,,,,,,,,,,,,,,,,,,,,,,false,24,,,0,false,1,0,1,,👻,true,false,,0,false,1,0,1,,😱,true,false,,,,,,,,,,,,,,,,,,,,,,,,,,,,,,,,,,,,,,,,,,,,,,,,,,,,,,,,,,,,,,,,,,2023-02-08T17:58:09.699000+00:00,false,0,snipzar,
1072939339157348472,,,,,,,,,,,,,,d970d6b2608498a58d5138a98a247e19,,,,,,,,,,,,,,,,,0,,,,,,0,DaVinci Resolve Addict,208404668026454016,,,,,,0,snipzar,,1065455243204231238,,Definitely during the day,2023-02-08T17:57:52.704Z,,,0,,,false,,,,,,,,,,,,,,,,,,,,,,,false,23,,,,,,,,,,,,,,,,,,,,,,,,,,,,,,,,,,,,,,,,,,,,,,,,,,,,,,,,,,,,,,,,,,,,,,,,,,,,,,,,,,,,,,,2023-02-08T17:57:52.704000+00:00,false,0,snipzar,
1072938687320559757,,,,,,,,,,,,,,4332e1b0406caf9c2131c873dfcb53a5,,a_89cd445201a0c6c64d46876503d0e90e,1777013999,1226939756617793606,,,,,,,,,,,,,0,,,,,,0,irfan,410595870380392458,,,,,,0,wishingenie,,1065455243204231238,,At the beginning right?,2023-02-08T17:55:17.294Z,,,0,,,false,,,,,,,,,,,,,,,,,,,,,,,false,22,,,,,,,,,,,,,,,,,,,,,,,,,,,,,,,,,,,,,,,,,,,,,,,,,,,,,,,,,,,,,,,,,,,,,,,,,,,,,,,,,,,,,,,2023-02-08T17:55:17.294000+00:00,false,0,wishingenie,
1072934280289857667,,,,,,,,,,,,,,28912437e0390d34d050af4b1a730171,,,,,,,,,,,,,,,,,0,,,,,,0,Virmel,208425244128444418,,,,,,0,virmel,,1065455243204231238,,when would you take shrooms during this event?,2023-02-08T17:37:46.576Z,,,0,,,false,,,,,,,,,,,,,,,,,,,,,,,false,21,,,,,,,,,,,,,,,,,,,,,,,,,,,,,,,,,,,,,,,,,,,,,,,,,,,,,,,,,,,,,,,,,,,,,,,,,,,,,,,,,,,,,,,2023-02-08T17:37:46.576000+00:00,false,0,virmel,
1072933710359445575,,,,,,,,,,,,,,d970d6b2608498a58d5138a98a247e19,,,,,,,,,,,,,,,,,0,,,,,,0,DaVinci Resolve Addict,208404668026454016,,,,,,0,snipzar,,1065455243204231238,,Wanna take a Xanax as well,2023-02-08T17:35:30.694Z,,,0,,,false,,,,,,,,,,,,,,,,,,,,,,,false,20,,,,,,,,,,,,,,,,,,,,,,,,,,,,,,,,,,,,,,,,,,,,,,,,,,,,,,,,,,,,,,,,,,,,,,,,,,,,,,,,,,,,,,,2023-02-08T17:35:30.694000+00:00,false,0,snipzar,
1072931920150790216,,,,,,,,,,,,,,e7b2142c8e29f794f4d81eb360d57221,,,,,,,,,,,,,,,,,0,,,,,,0,Streameast Bartender,263577791105073152,,,,,,0,dannydelito.,,1065455243204231238,,im serious. think it could make the whole thing really memorable,2023-02-08T17:28:23.875Z,,,0,,,false,,,,,,,,,,,,,,,,,,,,,,,false,19,,,,,,,,,,,,,,,,,,,,,,,,,,,,,,,,,,,,,,,,,,,,,,,,,,,,,,,,,,,,,,,,,,,,,,,,,,,,,,,,,,,,,,,2023-02-08T17:28:23.875000+00:00,false,0,dannydelito.,
1072931755641815060,,,,,,,,,,,,,,438f329cf77c137086671b969a39d2b1,,,,,,,,,,491296025953173514,,,,,,,0,,,,,,0,yuzka,528096854831792159,,,,491296025953173514,,0,yuzka,,1065455243204231238,,I thought you said you were done with shrooms?,2023-02-08T17:27:44.653Z,,,0,,,false,,,,,,,,,,,,,,,,,,,,,,,false,18,,,,,,,,,,,,,,,,,,,,,,,,,,,,,,,,,,,,,,,,,,,,,,,,,,,,,,,,,,,,,,,,,,,,,,,,,,,,,,,,,,,,,,,2023-02-08T17:27:44.653000+00:00,false,0,yuzka,
1072931675924869130,,,,,,,,,,,,,,bb395c4e94e69555bb42e5e58f0ec4cf,,,,,,,,,,,,,,,,,0,,,,,,64,lisalisa,138906561895464960,,,,,,64,auchie,,1065455243204231238,,but shroom?,2023-02-08T17:27:25.647Z,,,0,,,false,,,,,,,,,,,,,,,,,,,,,,,false,17,,,,,,,,,,,,,,,,,,,,,,,,,,,,,,,,,,,,,,,,,,,,,,,,,,,,,,,,,,,,,,,,,,,,,,,,,,,,,,,,,,,,,,,2023-02-08T17:27:25.647000+00:00,false,0,auchie,
1072931668572242040,,,,,,,,,,,,,,bb395c4e94e69555bb42e5e58f0ec4cf,,,,,,,,,,,,,,,,,0,,,,,,64,lisalisa,138906561895464960,,,,,,64,auchie,,1065455243204231238,,,2023-02-08T17:27:23.894Z,,,0,,,false,,,,,,,,,,,,,,,,,,,,,,,false,16,,,,,,,,,,,,,,,,,,,,,,,,,,,,,,,,,,,,,,,,,,,,,,,,,,,,,,,,,1,1059658702669479988,shot?,,,,,,,,,,,,,,,,,,,,,,,,,,,,2023-02-08T17:27:23.894000+00:00,false,0,auchie,
1072931588943392899,,,,,,,,,,,,,,bb395c4e94e69555bb42e5e58f0ec4cf,,,,,,,,,,,,,,,,,0,,,,,,64,lisalisa,138906561895464960,,,,,,64,auchie,,1065455243204231238,,are we serious about the shrooms,2023-02-08T17:27:04.909Z,,,0,,,false,,,,,,,,,,,,,,,,,,,,,,,false,15,,,,,,,,,,,,,,,,,,,,,,,,,,,,,,,,,,,,,,,,,,,,,,,,,,,,,,,,,,,,,,,,,,,,,,,,,,,,,,,,,,,,,,,2023-02-08T17:27:04.909000+00:00,false,0,auchie,
1072928491592499282,,,,,,,,,,,,,,d970d6b2608498a58d5138a98a247e19,,,,,,,,,,,,,,,,,0,,,,,,0,DaVinci Resolve Addict,208404668026454016,,,,,,0,snipzar,,1065455243204231238,,I can be a sitter. Shrooms don't mix well with mental health disabilities,2023-02-08T17:14:46.443Z,,,0,,,false,,,,,,,,,,,,,,,,,,,,,,,false,14,,,,,,,,,,,,,,,,,,,,,,,,,,,,,,,,,,,,,,,,,,,,,,,,,,,,,,,,,,,,,,,,,,,,,,,,,,,,,,,,,,,,,,,2023-02-08T17:14:46.443000+00:00,false,0,snipzar,
1072926309883318352,,,,,,,,,,,,,,e7b2142c8e29f794f4d81eb360d57221,,,,,,,,,,,,,,,,,0,,,,,,0,Streameast Bartender,263577791105073152,,,,,,0,dannydelito.,,1065455243204231238,,you guys wanna do shrooms on this day?,2023-02-08T17:06:06.283Z,,,0,,,false,,,,,,,,,,,,,,,,,,,,,,,false,13,,,,,,,,,,,,,,,,,,,,,,,,,,,,,,,,,,,,,,,,,,,,,,,,,,,,,,,,,,,,,,,,,,,,,,,,,,,,,,,,,,,,,,,2023-02-08T17:06:06.283000+00:00,false,0,dannydelito.,
1069693801762934784,,,,,,,,,,,,,,d970d6b2608498a58d5138a98a247e19,,,,,,,,,,,,,,,,,0,,,,,,0,DaVinci Resolve Addict,208404668026454016,,,,,,0,snipzar,,1065455243204231238,,You continue to climb the sus ladder every day. You might overcome Justin at this rate,2023-01-30T19:01:16.290Z,,,0,,,false,,,2f6ca3c05030fc9aab3c3d5ba3ef8d3a,,,,,,0,,0,Jerred,160509172704739328,,0,sjerred,,1065455243204231238,208425771172102144,1069677521563549856,0,,false,12,,,0,false,5,0,5,,😢,true,false,,,,,,,,,,,,,,2f6ca3c05030fc9aab3c3d5ba3ef8d3a,,,,,,0,,0,Jerred,160509172704739328,,0,sjerred,1065455243204231238,,who wants to go on a romantic walk with me in the arboretum?,,,0,1069677521563549856,false,,,false,11,2023-01-30T17:56:34.788000+00:00,false,0,,,,,,,,,,,,,,,,,,,,,,,,,,,,,,,,,,2023-01-30T19:01:16.290000+00:00,false,19,snipzar,
1069677521563549856,,,,,,,,,,,,,,2f6ca3c05030fc9aab3c3d5ba3ef8d3a,,,,,,,,,,,,,,,,,0,,,,,,0,Jerred,160509172704739328,,,,,,0,sjerred,,1065455243204231238,,who wants to go on a romantic walk with me in the arboretum?,2023-01-30T17:56:34.788Z,,,0,,,false,,,,,,,,,,,,,,,,,,,,,,,false,11,,,,,,,,,,,,,,,,,,,,,,,,,,,,,,,,,,,,,,,,,,,,,,,,,,,,,,,,,,,,,,,,,,,,,,,,,,,,,,,,,,,,,,,2023-01-30T17:56:34.788000+00:00,false,0,sjerred,
1069677390646755440,,,,,,,,,,,,,,2f6ca3c05030fc9aab3c3d5ba3ef8d3a,,,,,,,,,,,,,,,,,0,,,,,,0,Jerred,160509172704739328,,,,,,0,sjerred,,1065455243204231238,,ooo this sounds very fun,2023-01-30T17:56:03.575Z,,,0,,,false,,,,,,,,,,,,,,,,,,,,,,,false,10,,,,,,,,,,,,,,,,,,,,,,,,,,,,,,,,,,,,,,,,,,,,,,,,,,,,,,,,,,,,,,,,,,,,,,,,,,,,,,,,,,,,,,,2023-01-30T17:56:03.575000+00:00,false,0,sjerred,
1069524799489056768,,,,,,,,,,,,,,28912437e0390d34d050af4b1a730171,,,,,,,,,,,,,,,,,0,,,,,,0,Virmel,208425244128444418,,,,,,0,virmel,,1065455243204231238,,<:thumbsup2:640366767360966676>,2023-01-30T07:49:43.008Z,,,0,,,false,,,,,,,,,,,,,,,,,,,,,,,false,9,,,0,false,1,0,1,,😈,false,false,,,,,,,,,,,,,,,,,,,,,,,,,,,,,,,,,,,,,,,,,,,,,,,,,,,,,,,,,,,,,,,,,,,,,,,,,,,,2023-01-30T07:49:43.008000+00:00,false,0,virmel,
1069523534281449542,,,,,,,,,,,,,,8770eb821819855269d55dc90cde4a5b,,,,,,,,,,,,,,,,,0,,,,,,0,Bussley,175488352949108736,,,,,,0,bussley,,1065455243204231238,,"Morning to Noon:
Eat at Lost Lake Cafe or Skillet diner
Shop in stores around capital hill and/or sight see (Open to recommendations) 
    - Atelier (Will need to push in a appointment for people to go in)
    - Liklihood

Afternoon to evening:
Picnic at Washington Park Arboretum
    - Relax
    - Play with a frisbee/football
    - Electric long board around

Evening to Night:
    - Seattle Dogs
    - inside passage for some karaoke
    - Start the party
    - Vue? Other club or bar?",2023-01-30T07:44:41.359Z,2023-01-30T07:55:54.758000+00:00,,0,,,false,,,,,,,,,,,,,,,,,,,,,,,false,8,,,,,,,,,,,,,,,,,,,,,,,,,,,,,,,,,,,,,,,,,,,,,,,,,,,,,,,,,,,,,,,,,,,,,,,,,,,,,,,,,,,,,,,2023-01-30T07:44:41.359000+00:00,false,0,bussley,
1065773141823074335,,,,,,,,,,,,,,8770eb821819855269d55dc90cde4a5b,,,,,,,,,,,,,,,,,0,,,,,,0,Bussley,175488352949108736,,,,,,0,bussley,,1065455243204231238,,I don't mind,2023-01-19T23:21:58.118Z,,,0,,,false,,,,,,,,,,,,,,,,,,,,,,,false,7,,,,,,,,,,,,,,,,,,,,,,,,,,,,,,,,,,,,,,,,,,,,,,,,,,,,,,,,,,,,,,,,,,,,,,,,,,,,,,,,,,,,,,,2023-01-19T23:21:58.118000+00:00,false,0,bussley,
1065733418287116311,,,,,,,,,,,,,,d970d6b2608498a58d5138a98a247e19,,,,,,,,,,,,,,,,,0,,,,,,0,DaVinci Resolve Addict,208404668026454016,,,,,,0,snipzar,,1065455243204231238,,Can I bring my mom?,2023-01-19T20:44:07.289Z,,,0,,,false,,,,,,,,,,,,,,,,,,,,,,,false,6,,,,,,,,,,,,,,,,,,,,,,,,,,,,,,,,,,,,,,,,,,,,,,,,,,,,,,,,,,,,,,,,,,,,,,,,,,,,,,,,,,,,,,,2023-01-19T20:44:07.289000+00:00,false,0,snipzar,
1065486695321059369,,,,,,,,,,,,,,8770eb821819855269d55dc90cde4a5b,,,,,,,,,,,,,,,,,0,,,,,,0,Bussley,175488352949108736,,,,,,0,bussley,,1065455243204231238,,<@&889360299172446252>,2023-01-19T04:23:43.950Z,,,0,,,false,,,,,,,,,,,,,,,,,,,,,,,false,5,,,,,,,,,,,,,,,,,,,,,,,,,,,,,,,,,,,,,,,,,,,,,,,,,,,,,,,,,,,,,,,,,,,,,,,,,,,,,,,,,,,,,,,2023-01-19T04:23:43.950000+00:00,false,0,bussley,
1065456928672710657,,,,,,,,,,,,,,28912437e0390d34d050af4b1a730171,,,,,,,,,,,,,,,,,0,,,,,,0,Virmel,208425244128444418,,,,,,0,virmel,,1065455243204231238,,see this thread *,2023-01-19T02:25:27.028Z,,,0,,,false,,,,,,,,,,,,,,,,,,,,,,,false,4,,,,,,,,,,,,,,,,,,,,,,,,,,,,,,,,,,,,,,,,,,,,,,,,,,,,,,,,,,,,,,,,,,,,,,,,,,,,,,,,,,,,,,,2023-01-19T02:25:27.028000+00:00,false,0,virmel,
1065456848519577710,,,,,,,,,,,,,,28912437e0390d34d050af4b1a730171,,,,,,,,,,,,,,,,,0,,,,,,0,Virmel,208425244128444418,,,,,,0,virmel,,1065455243204231238,,"also, you should probably @ people here so people can see this",2023-01-19T02:25:07.918Z,,,0,,,false,,,,,,,,,,,,,,,,,,,,,,,false,3,,,,,,,,,,,,,,,,,,,,,,,,,,,,,,,,,,,,,,,,,,,,,,,,,,,,,,,,,,,,,,,,,,,,,,,,,,,,,,,,,,,,,,,2023-01-19T02:25:07.918000+00:00,false,0,virmel,
1065456777191247954,,,,,,,,,,,,,,28912437e0390d34d050af4b1a730171,,,,,,,,,,,,,,,,,0,,,,,,0,Virmel,208425244128444418,,,,,,0,virmel,,1065455243204231238,,that's cool,2023-01-19T02:24:50.912Z,,,0,,,false,,,,,,,,,,,,,,,,,,,,,,,false,2,,,,,,,,,,,,,,,,,,,,,,,,,,,,,,,,,,,,,,,,,,,,,,,,,,,,,,,,,,,,,,,,,,,,,,,,,,,,,,,,,,,,,,,2023-01-19T02:24:50.912000+00:00,false,0,virmel,
1065455414336045098,,,,,image/jpeg,image0.jpg,534,1065455414046621727,https://media.discordapp.net/attachments/1065455243204231238/1065455414046621727/image0.jpg?ex=6923c0ad&is=69226f2d&hm=3613eef1e46a267a19f28b999162ca6afec0dc933523ad5edc0497b43c674287&,26546,https://cdn.discordapp.com/attachments/1065455243204231238/1065455414046621727/image0.jpg?ex=6923c0ad&is=69226f2d&hm=3613eef1e46a267a19f28b999162ca6afec0dc933523ad5edc0497b43c674287&,608,,8770eb821819855269d55dc90cde4a5b,,,,,,,,,,,,,,,,,0,,,,,,0,Bussley,175488352949108736,,,,,,0,bussley,,1065455243204231238,,I also bought a 90s camcorder to record the day. Wanted to edit it and make a home movie style type thing.,2023-01-19T02:19:25.982Z,,,0,,,false,,,,,,,,,,,,,,,,,,,,,,,false,1,,,,,,,,,,,,,,,,,,,,,,,,,,,,,,,,,,,,,,,,,,,,,,,,,,,,,,,,,,,,,,,,,,,,,,,,,,,,,,,,,,,,,,,2023-01-19T02:19:25.982000+00:00,false,0,bussley,
1065455245817303051,,,,,,,,,,,,,,8770eb821819855269d55dc90cde4a5b,,,,,,,,,,,,,,,,,0,,,,,,0,Bussley,175488352949108736,,,,,,0,bussley,,1065455243204231238,,So I have it as February 18th as the day to hangout outside. We can change it earlier in the month if it is sunny on the weekend. Or later.,2023-01-19T02:18:45.804Z,,,0,,,false,,,,,,,,,,,,,,,,,,,,,,,false,,,,,,,,,,,,,,,,,,,,,,,,,,,,,,,,,,,,,,,,,,,,,,,,,,,,,,,,,,,,,,,,,,,,,,,,,,,,,,,,,,,,,,,,2023-01-19T02:18:45.804000+00:00,false,0,bussley,
1065455243204231238,,,,,,,,,,,,,,8770eb821819855269d55dc90cde4a5b,,,,,,,,,,,,,,,,,0,,,,,,0,Bussley,175488352949108736,,,,,,0,bussley,,208425771172102144,,February Hangout,2023-01-19T02:18:45.181Z,,,32,,,false,,,,,,,,,,,,,,,,,,1065455243204231238,208425771172102144,,0,,false,,,,,,,,,,,,,,,,,,,,,,,,,,,,,,,,,,,,,,,,,,,,,,,,,,,,,,,,,,,,,,,64000,0,208425771172102144,1065455243204231238,1076775073890959410,13,200067001035653131,208425244128444418,192392483383017472,126546653665558528,189534213391908865,131,February Hangout,175488352949108736,208425771172102144,0,,2023-02-20T17:57:39.857000+00:00,true,10080,2023-01-19T02:18:45.181000+00:00,false,131,11,0,2023-01-19T02:18:45.181000+00:00,false,18,bussley,