id,activity,application,application_id,attachments,author.accent_color,author.avatar,author.avatar_decoration_data,author.avatar_decoration_data.asset,author.avatar_decoration_data.expires_at,author.avatar_decoration_data.sku_id,author.banner,author.banner_color,author.clan,author.clan.badge,author.clan.identity_enabled,author.clan.identity_guild_id,author.clan.tag,author.collectibles,author.discriminator,author.display_name_styles,author.flags,author.global_name,author.id,author.primary_guild,author.primary_guild.badge,author.primary_guild.identity_enabled,author.primary_guild.identity_guild_id,author.primary_guild.tag,author.public_flags,author.username,call,channel_id,components,content,date,edited_timestamp,embeds,embeds.0.author.name,embeds.0.author.url,embeds.0.color,embeds.0.description,embeds.0.provider.name,embeds.0.provider.url,embeds.0.thumbnail.content_type,embeds.0.thumbnail.flags,embeds.0.thumbnail.height,embeds.0.thumbnail.proxy_url,embeds.0.thumbnail.url,embeds.0.thumbnail.width,embeds.0.title,embeds.0.type,embeds.0.url,embeds.0.video.content_type,embeds.0.video.flags,embeds.0.video.height,embeds.0.video.url,embeds.0.video.width,flags,interaction,mention_channels,mention_everyone,mentions,mentions.0.accent_color,mentions.0.avatar,mentions.0.avatar_decoration_data,mentions.0.banner,mentions.0.banner_color,mentions.0.clan,mentions.0.collectibles,mentions.0.discriminator,mentions.0.display_name_styles,mentions.0.flags,mentions.0.global_name,mentions.0.id,mentions.0.primary_guild,mentions.0.public_flags,mentions.0.username,message_reference,message_reference.channel_id,message_reference.guild_id,message_reference.type,nonce,pinned,position,reactions,reactions.0.burst_colors,reactions.0.burst_count,reactions.0.burst_me,reactions.0.count,reactions.0.count_details.burst,reactions.0.count_details.normal,reactions.0.emoji.id,reactions.0.emoji.name,reactions.0.me,reactions.0.me_burst,referenced_message,resolved,role_subscription_data,sticker_items,stickers,thread,thread.bitrate,thread.flags,thread.guild_id,thread.id,thread.last_message_id,thread.member_count,thread.member_ids_preview.0,thread.member_ids_preview.1,thread.member_ids_preview.2,thread.message_count,thread.name,thread.owner_id,thread.parent_id,thread.rate_limit_per_user,thread.rtc_region,thread.thread_metadata.archive_timestamp,thread.thread_metadata.archived,thread.thread_metadata.auto_archive_duration,thread.thread_metadata.create_timestamp,thread.thread_metadata.locked,thread.total_message_sent,thread.type,thread.user_limit,timestamp,tts,type,userName,webhook_id
1030618002934202368,,,,,,73956ea2a04264c919274ee7456d8e56,,,,,,,,,,,,,0,,0,som,327908907714478080,,,,,,0,nathansom,,1003902919202046002,,oh i should get a passport,2022-10-14T23:07:59.856Z,,,,,,,,,,,,,,,,,,,,,,,0,,,false,,,,,,,,,,,,,,,,,,,,,,false,26,,,,,,,,,,,,,,,,,,,,,,,,,,,,,,,,,,,,,,,,,2022-10-14T23:07:59.856000+00:00,false,0,nathansom,
1030548290061737996,,,,,,42595d65ea5f89086c8b516f56203bbf,,,,,,,,,,,,,0,,0,Justin,189534213391908865,,,,,,0,skiup,,1003902919202046002,,<@327908907714478080>,2022-10-14T18:30:59.012Z,,,,,,,,,,,,,,,,,,,,,,,0,,,false,,,73956ea2a04264c919274ee7456d8e56,,,,,,0,,0,som,327908907714478080,,0,nathansom,,,,,,false,24,,,,,,,,,,,,,,,,,,,,,,,,,,,,,,,,,,,,,,,,,2022-10-14T18:30:59.012000+00:00,false,0,skiup,
1030534788819460197,,,,,,4332e1b0406caf9c2131c873dfcb53a5,,a_89cd445201a0c6c64d46876503d0e90e,1777013999,1226939756617793606,,,,,,,,,0,,0,irfan,410595870380392458,,,,,,0,wishingenie,,1003902919202046002,,and renewing an indonesian passport in the US is a pain in the ass,2022-10-14T17:37:20.065Z,,,,,,,,,,,,,,,,,,,,,,,0,,,false,,,,,,,,,,,,,,,,,,,,,,false,23,,,,,,,,,,,,,,,,,,,,,,,,,,,,,,,,,,,,,,,,,2022-10-14T17:37:20.065000+00:00,false,0,wishingenie,
1030534675493568563,,,,,,4332e1b0406caf9c2131c873dfcb53a5,,a_89cd445201a0c6c64d46876503d0e90e,1777013999,1226939756617793606,,,,,,,,,0,,0,irfan,410595870380392458,,,,,,0,wishingenie,,1003902919202046002,,yeah I think september/fall was what I got too. But if we delayed to october I might not be able to go,2022-10-14T17:36:53.046Z,,,,,,,,,,,,,,,,,,,,,,,0,,,false,,,,,,,,,,,,,,,,,,,,,,false,22,,,,,,,,,,,,,,,,,,,,,,,,,,,,,,,,,,,,,,,,,2022-10-14T17:36:53.046000+00:00,false,0,wishingenie,
1030534573655867472,,,,,,28912437e0390d34d050af4b1a730171,,,,,,,,,,,,,0,,0,Virmel,208425244128444418,,,,,,0,virmel,,1003902919202046002,,Last time we spoke I think September was the general vibe i was getting,2022-10-14T17:36:28.766Z,,,,,,,,,,,,,,,,,,,,,,,0,,,false,,,,,,,,,,,,,,,,,,,,,,false,21,,,,,,,,,,,,,,,,,,,,,,,,,,,,,,,,,,,,,,,,,2022-10-14T17:36:28.766000+00:00,false,0,virmel,
1030533599474225284,,,,,,4332e1b0406caf9c2131c873dfcb53a5,,a_89cd445201a0c6c64d46876503d0e90e,1777013999,1226939756617793606,,,,,,,,,0,,0,irfan,410595870380392458,,,,,,0,wishingenie,,1003902919202046002,,September is the latest month I can go I think. My passport expires 6 months after october,2022-10-14T17:32:36.503Z,,,,,,,,,,,,,,,,,,,,,,,0,,,false,,,,,,,,,,,,,,,,,,,,,,false,20,,,,,,,,,,,,,,,,,,,,,,,,,,,,,,,,,,,,,,,,,2022-10-14T17:32:36.503000+00:00,false,0,wishingenie,
1030533491873566883,,,,,,4332e1b0406caf9c2131c873dfcb53a5,,a_89cd445201a0c6c64d46876503d0e90e,1777013999,1226939756617793606,,,,,,,,,0,,0,irfan,410595870380392458,,,,,,0,wishingenie,,1003902919202046002,,Did we decide on what month to go?,2022-10-14T17:32:10.849Z,,,,,,,,,,,,,,,,,,,,,,,0,,,false,,,,,,,,,,,,,,,,,,,,,,false,19,,,,,,,,,,,,,,,,,,,,,,,,,,,,,,,,,,,,,,,,,2022-10-14T17:32:10.849000+00:00,false,0,wishingenie,
1015619111721635882,,,,,,4b41f96917b94ff40877ae157febcee4,,,,,,,,e929e1c0111f2acf104ba53aefc5ee44,true,753738215482982410,BABA,,0,,0,Son of Krystillia,171455587517857796,,e929e1c0111f2acf104ba53aefc5ee44,true,753738215482982410,BABA,0,acrooz,,1003902919202046002,,I'm getting Connor on it,2022-09-03T13:47:45.525Z,,,,,,,,,,,,,,,,,,,,,,,0,,,false,,,,,,,,,,,,,,,,,,,,,,false,18,,,,,,,,,,,,,,,,,,,,,,,,,,,,,,,,,,,,,,,,,2022-09-03T13:47:45.525000+00:00,false,0,acrooz,
1015471112974512148,,,,,,28912437e0390d34d050af4b1a730171,,,,,,,,,,,,,0,,0,Virmel,208425244128444418,,,,,,0,virmel,,1003902919202046002,,you gotta talk to justin about it,2022-09-03T03:59:39.874Z,,,,,,,,,,,,,,,,,,,,,,,0,,,false,,,,,,,,,,,,,,,,,,,,,,false,17,,,,,,,,,,,,,,,,,,,,,,,,,,,,,,,,,,,,,,,,,2022-09-03T03:59:39.874000+00:00,false,0,virmel,
1015471009719136329,,,,,,8770eb821819855269d55dc90cde4a5b,,,,,,,,,,,,,0,,0,Bussley,175488352949108736,,,,,,0,bussley,,1003902919202046002,,wait is this really happening?,2022-09-03T03:59:15.256Z,,,,,,,,,,,,,,,,,,,,,,,0,,,false,,,,,,,,,,,,,,,,,,,,,,false,16,,,,,,,,,,,,,,,,,,,,,,,,,,,,,,,,,,,,,,,,,2022-09-03T03:59:15.256000+00:00,false,0,bussley,
1014334809679597568,,,,,,42595d65ea5f89086c8b516f56203bbf,,,,,,,,,,,,,0,,0,Justin,189534213391908865,,,,,,0,skiup,,1003902919202046002,,"hm this thread got activated though, surely someone's coming",2022-08-31T00:44:24.057Z,,,,,,,,,,,,,,,,,,,,,,,0,,,false,,,,,,,,,,,,,,,,,,,,,,false,15,,,,,,,,,,,,,,,,,,,,,,,,,,,,,,,,,,,,,,,,,2022-08-31T00:44:24.057000+00:00,false,0,skiup,
1014330283249639536,,,,,,a48241fa1af665d5133ddb54cf71f225,,,,,,,,,,,,,0,,0,blohsh,202595851678384137,,,,,,0,billibillie.,,1003902919202046002,,just talk to my lil dude,2022-08-31T00:26:24.872Z,,,,,,,,,,,,,,,,,,,,,,,0,,,false,,,,,,,,,,,,,,,,,,,,,,false,14,,,,,,,,,,,,,,,,,,,,,,,,,,,,,,,,,,,,,,,,,2022-08-31T00:26:24.872000+00:00,false,0,billibillie.,
1014330061463236729,,,,,,28912437e0390d34d050af4b1a730171,,,,,,,,,,,,,0,,0,Virmel,208425244128444418,,,,,,0,virmel,,1003902919202046002,,"not sure. he started yelling playboi carti lyrics..

“i gotta know who you fucked in this room” x3

then he left",2022-08-31T00:25:31.994Z,2022-08-31T00:25:41.937000+00:00,,,,,,,,,,,,,,,,,,,,,,0,,,false,,,,,,,,,,,,,,,,,,,,,,false,13,,,0,false,1,0,1,,🔥,false,false,,,,,,,,,,,,,,,,,,,,,,,,,,,,,,2022-08-31T00:25:31.994000+00:00,false,0,virmel,
1014329691424960614,,,,,,a48241fa1af665d5133ddb54cf71f225,,,,,,,,,,,,,0,,0,blohsh,202595851678384137,,,,,,0,billibillie.,,1003902919202046002,,NO!!!!!!!!!!!!!!!!!!!!!!!!!!!!!!!!!!!!!!!!!!!!!!!!!!!!!!,2022-08-31T00:24:03.770Z,,,,,,,,,,,,,,,,,,,,,,,0,,,false,,,,,,,,,,,,,,,,,,,,,,false,12,,,,,,,,,,,,,,,,,,,,,,,,,,,,,,,,,,,,,,,,,2022-08-31T00:24:03.770000+00:00,false,0,billibillie.,
1014325047789375558,,,,,,42595d65ea5f89086c8b516f56203bbf,,,,,,,,,,,,,0,,0,Justin,189534213391908865,,,,,,0,skiup,,1003902919202046002,,oh is <@202595851678384137> coming?,2022-08-31T00:05:36.641Z,,,,,,,,,,,,,,,,,,,,,,,0,,,false,,,a48241fa1af665d5133ddb54cf71f225,,,,,,0,,0,blohsh,202595851678384137,,0,billibillie.,,,,,,false,11,,,,,,,,,,,,,,,,,,,,,,,,,,,,,,,,,,,,,,,,,2022-08-31T00:05:36.641000+00:00,false,0,skiup,
1014316189775831101,,,,,,28912437e0390d34d050af4b1a730171,,,,,,,,,,,,,0,,0,Virmel,208425244128444418,,,,,,0,virmel,,1003902919202046002,,bump,2022-08-30T23:30:24.726Z,,,,,,,,,,,,,,,,,,,,,,,0,,,false,,,,,,,,,,,,,,,,,,,,,,false,10,,,,,,,,,,,,,,,,,,,,,,,,,,,,,,,,,,,,,,,,,2022-08-30T23:30:24.726000+00:00,false,0,virmel,
1014316181441761382,,,,,,28912437e0390d34d050af4b1a730171,,,,,,,,,,,,,0,,0,Virmel,208425244128444418,,,,,,0,virmel,,1003902919202046002,,here,2022-08-30T23:30:22.739Z,,,,,,,,,,,,,,,,,,,,,,,0,,,false,,,,,,,,,,,,,,,,,,,,,,false,9,,,,,,,,,,,,,,,,,,,,,,,,,,,,,,,,,,,,,,,,,2022-08-30T23:30:22.739000+00:00,false,0,virmel,
1004174069345828894,,,,,,42595d65ea5f89086c8b516f56203bbf,,,,,,,,,,,,,0,,0,Justin,189534213391908865,,,,,,0,skiup,,1003902919202046002,,https://docs.google.com/document/d/1c2KcF61TowKNuRgyDO9gTb4ks_HunbMqqbJUZWUYCu4/edit?usp=sharing,2022-08-02T23:49:14.784Z,2022-08-02T23:49:37.424000+00:00,,,,,Japan 2023  When: April or September 2023 (Best seasons weather wise due to no rain + Cherry Blossoms + Autumn leaves)   How Long: 10-14 days  Transportation: Subway + Google Maps  Places To Visit:  Must Visits (Multiple Days Tokyo (3-4 days) Biggest city  Lots to do Osaka (2-3 days) Origin...,Google Docs,,,0,630,https://images-ext-1.discordapp.net/external/jwoQuhVKhYoJeJ7AQnbxlIKb6fK81MrisyCBYO-UC-o/https/lh6.googleusercontent.com/E8JIcrFrjUlGnYHt7-ynx7iolvRBK9_0hliFkSRNh9-DVg8ClNDwIhiq37AtsO3Zhj-u9rANEUlyQw%3Dw1200-h630-p,https://lh6.googleusercontent.com/E8JIcrFrjUlGnYHt7-ynx7iolvRBK9_0hliFkSRNh9-DVg8ClNDwIhiq37AtsO3Zhj-u9rANEUlyQw=w1200-h630-p,1200,Japan Trip,link,https://docs.google.com/document/d/1c2KcF61TowKNuRgyDO9gTb4ks_HunbMqqbJUZWUYCu4/edit?usp=sharing,,,,,,0,,,false,,,,,,,,,,,,,,,,,,,,,,false,8,,,,,,,,,,,,,,,,,,,,,,,,,,,,,,,,,,,,,,,,,2022-08-02T23:49:14.784000+00:00,false,0,skiup,
1004082119271796816,,,,,,42595d65ea5f89086c8b516f56203bbf,,,,,,,,,,,,,0,,0,Justin,189534213391908865,,,,,,0,skiup,,1003902919202046002,,"was looking to go in april, probably got time",2022-08-02T17:43:52.178Z,,,,,,,,,,,,,,,,,,,,,,,0,,,false,,,,,,,,,,,,,,,,,,,,,,false,7,,,,,,,,,,,,,,,,,,,,,,,,,,,,,,,,,,,,,,,,,2022-08-02T17:43:52.178000+00:00,false,0,skiup,
1004076721068314828,,,,,,4332e1b0406caf9c2131c873dfcb53a5,,a_89cd445201a0c6c64d46876503d0e90e,1777013999,1226939756617793606,,,,,,,,,0,,0,irfan,410595870380392458,,,,,,0,wishingenie,,1003902919202046002,,Hmm I wonder how far in advance I'd have to get a travel visa,2022-08-02T17:22:25.146Z,,,,,,,,,,,,,,,,,,,,,,,0,,,false,,,,,,,,,,,,,,,,,,,,,,false,6,,,,,,,,,,,,,,,,,,,,,,,,,,,,,,,,,,,,,,,,,2022-08-02T17:22:25.146000+00:00,false,0,wishingenie,
1003907442096222338,,,,,,a48241fa1af665d5133ddb54cf71f225,,,,,,,,,,,,,0,,0,blohsh,202595851678384137,,,,,,0,billibillie.,,1003902919202046002,,https://www.youtube.com/watch?v=XGsEaHgr0yE,2022-08-02T06:09:45.894Z,,,Cheap Japan,https://www.youtube.com/channel/UCQLqPXsa-xYLQM-ARncva7w,16711680,"Name: eZONe Dennou Kuukan
Fee: 17USD / 2,110JPY
Location: 7 min walk from Ebisucho sta. (Osaka Metro Sakaisuji line)

Accommodation fee may vary depending on
when and how you book.

Check-in: 4:00PM - 12:00AM
Check-out: 10:00AM

Fee ⭐️⭐️⭐️
Privacy ⭐️⭐️
Cleanliness ⭐️⭐️⭐️
Facility ⭐️⭐️
Location ⭐️⭐️

There is a female only floor,
it's cheaper and...",YouTube,https://www.youtube.com,,0,720,https://images-ext-1.discordapp.net/external/RdxRp2JyIWEei3qZkxV0StGpcySgHYllytAjO-ERThM/https/i.ytimg.com/vi/XGsEaHgr0yE/maxresdefault.jpg,https://i.ytimg.com/vi/XGsEaHgr0yE/maxresdefault.jpg,1280,"Shady Hackers' Capsule Hotel in Osaka, Japan - eZONe Dennou Kuukan",video,https://www.youtube.com/watch?v=XGsEaHgr0yE,,0,720,https://www.youtube.com/embed/XGsEaHgr0yE,1280,0,,,false,,,,,,,,,,,,,,,,,,,,,,false,5,,,,,,,,,,,,,,,,,,,,,,,,,,,,,,,,,,,,,,,,,2022-08-02T06:09:45.894000+00:00,false,0,billibillie.,
1003904119179845685,,,,,,28912437e0390d34d050af4b1a730171,,,,,,,,,,,,,0,,0,Virmel,208425244128444418,,,,,,0,virmel,,1003902919202046002,,https://www.twitch.tv/ploo,2022-08-02T05:56:33.649Z,,,,,,back from hard summer festival :'D | Gen.G !corsair,Twitch,,image/png,0,300,https://images-ext-1.discordapp.net/external/gLXwaBX0XbFYLGcFc_gK0tca6hBXHvLI1b359duMA5E/https/static-cdn.jtvnw.net/jtv_user_pictures/f070dd08-b075-4dec-bc5e-e71391897630-profile_image-300x300.png,https://static-cdn.jtvnw.net/jtv_user_pictures/f070dd08-b075-4dec-bc5e-e71391897630-profile_image-300x300.png,300,ploo - Twitch,video,https://www.twitch.tv/ploo,text/html,0,378,https://player.twitch.tv/?channel=ploo&player=facebook&autoplay=true&parent=meta.tag,620,0,,,false,,,,,,,,,,,,,,,,,,,,,,false,4,,,,,,,,,,,,,,,,,,,,,,,,,,,,,,,,,,,,,,,,,2022-08-02T05:56:33.649000+00:00,false,0,virmel,
1003903951466401914,,,,,,42595d65ea5f89086c8b516f56203bbf,,,,,,,,,,,,,0,,0,Justin,189534213391908865,,,,,,0,skiup,,1003902919202046002,,"Let's visit this village
https://naruto.fandom.com/wiki/Konohagakure",2022-08-02T05:55:53.663Z,,,,,,"Konohagakure (木ノ葉隠れの里, Konohagakure no Sato, English TV: ""Village Hidden in the Leaves"" or ""Hidden Leaf Village"", literally meaning: Village Hidden by Tree Leaves) is the hidden village of the Land of Fire. As the village of one of the Five Great Shinobi Countries, Konohagakure has a Kage as its leader known as the Hokage, of which there have be...",Narutopedia,,image/png,0,675,https://images-ext-1.discordapp.net/external/jmqVE1vh2JjCoo0uoYZwMqJEYChpr9QmfFUsxKUPCX0/%3Fcb%3D20160728115517/https/static.wikia.nocookie.net/naruto/images/3/34/Konohagakure.png/revision/latest/scale-to-width-down/1200,https://static.wikia.nocookie.net/naruto/images/3/34/Konohagakure.png/revision/latest/scale-to-width-down/1200?cb=20160728115517,1200,Konohagakure,article,https://naruto.fandom.com/wiki/Konohagakure,,,,,,0,,,false,,,,,,,,,,,,,,,,,,,,,,false,3,,,,,,,,,,,,,,,,,,,,,,,,,,,,,,,,,,,,,,,,,2022-08-02T05:55:53.663000+00:00,false,0,skiup,
1003903501967040552,,,,,,a48241fa1af665d5133ddb54cf71f225,,,,,,,,,,,,,0,,0,blohsh,202595851678384137,,,,,,0,billibillie.,,1003902919202046002,,https://www.esports.com/en/esports-hotel-opens-in-japan-106749,2022-08-02T05:54:06.494Z,,,,,6710886,Japan's very first esports hotel has opened in Osaka. The hotel e-ZONe caters to esports and gaming enthusiasts and is in walking distance to Nipponbashi,esports.com,,image/jpeg,0,384,https://images-ext-1.discordapp.net/external/6Pces4Rl3-xtk1vsZkexXD-XU4muG7RDelEBtrnMIu8/https/s3-eu-central-1.amazonaws.com/www-staging.esports.com/WP%2520Media%2520Folder%2520-%2520esports-com/var/app/current/web/app/uploads/2020/07/e-zone-hotel-720x384.jpg,https://s3-eu-central-1.amazonaws.com/www-staging.esports.com/WP%20Media%20Folder%20-%20esports-com//var/app/current/web/app/uploads/2020/07/e-zone-hotel-720x384.jpg,720,Esports Hotel opens in Japan - | esports.com,article,https://www.esports.com/en/esports-hotel-opens-in-japan-106749,,,,,,0,,,false,,,,,,,,,,,,,,,,,,,,,,false,2,,,,,,,,,,,,,,,,,,,,,,,,,,,,,,,,,,,,,,,,,2022-08-02T05:54:06.494000+00:00,false,0,billibillie.,
1003903499802771536,,,,,,a48241fa1af665d5133ddb54cf71f225,,,,,,,,,,,,,0,,0,blohsh,202595851678384137,,,,,,0,billibillie.,,1003902919202046002,,lets stay at this hotel,2022-08-02T05:54:05.978Z,,,,,,,,,,,,,,,,,,,,,,,0,,,false,,,,,,,,,,,,,,,,,,,,,,false,1,,,,,,,,,,,,,,,,,,,,,,,,,,,,,,,,,,,,,,,,,2022-08-02T05:54:05.978000+00:00,false,0,billibillie.,
1003902921592803458,,,,,,28912437e0390d34d050af4b1a730171,,,,,,,,,,,,,0,,0,Virmel,208425244128444418,,,,,,0,virmel,,1003902919202046002,,Let's talk in here about potentially going international next year.,2022-08-02T05:51:48.122Z,,,,,,,,,,,,,,,,,,,,,,,0,,,false,,,,,,,,,,,,,,,,,,,,,,false,,,,,,,,,,,,,,,,,,,,,,,,,,,,,,,,,,,,,,,,,,2022-08-02T05:51:48.122000+00:00,false,0,virmel,
1003902919202046002,,,,,,28912437e0390d34d050af4b1a730171,,,,,,,,,,,,,0,,0,Virmel,208425244128444418,,,,,,0,virmel,,208425771172102144,,Glitter Japan Trip 2023,2022-08-02T05:51:47.552Z,,,,,,,,,,,,,,,,,,,,,,,32,,,false,,,,,,,,,,,,,,,,,,1003902919202046002,208425771172102144,0,,false,,,,,,,,,,,,,,,,,,,64000,0,208425771172102144,1003902919202046002,1030618002934202368,3,208425244128444418,189534213391908865,327908907714478080,26,Glitter Japan Trip 2023,208425244128444418,208425771172102144,0,,2023-01-01T08:10:49.149000+00:00,true,1440,2022-08-02T05:51:47.552000+00:00,false,27,11,0,2022-08-02T05:51:47.552000+00:00,false,18,virmel,