id,activity,application,application_id,attachments,author.accent_color,author.avatar,author.avatar_decoration_data,author.avatar_decoration_data.asset,author.avatar_decoration_data.expires_at,author.avatar_decoration_data.sku_id,author.banner,author.banner_color,author.clan,author.clan.badge,author.clan.identity_enabled,author.clan.identity_guild_id,author.clan.tag,author.collectibles,author.discriminator,author.display_name_styles,author.flags,author.global_name,author.id,author.primary_guild,author.primary_guild.badge,author.primary_guild.identity_enabled,author.primary_guild.identity_guild_id,author.primary_guild.tag,author.public_flags,author.username,call,channel_id,components,content,date,edited_timestamp,embeds,flags,interaction,mention_channels,mention_everyone,mentions,mentions.0.accent_color,mentions.0.avatar,mentions.0.avatar_decoration_data,mentions.0.avatar_decoration_data.asset,mentions.0.avatar_decoration_data.expires_at,mentions.0.avatar_decoration_data.sku_id,mentions.0.banner,mentions.0.banner_color,mentions.0.clan,mentions.0.clan.badge,mentions.0.clan.identity_enabled,mentions.0.clan.identity_guild_id,mentions.0.clan.tag,mentions.0.collectibles,mentions.0.discriminator,mentions.0.display_name_styles,mentions.0.flags,mentions.0.global_name,mentions.0.id,mentions.0.primary_guild,mentions.0.primary_guild.badge,mentions.0.primary_guild.identity_enabled,mentions.0.primary_guild.identity_guild_id,mentions.0.primary_guild.tag,mentions.0.public_flags,mentions.0.username,mentions.1.accent_color,mentions.1.avatar,mentions.1.avatar_decoration_data,mentions.1.banner,mentions.1.banner_color,mentions.1.clan,mentions.1.collectibles,mentions.1.discriminator,mentions.1.display_name_styles,mentions.1.flags,mentions.1.global_name,mentions.1.id,mentions.1.primary_guild,mentions.1.public_flags,mentions.1.username,message_reference,message_reference.channel_id,message_reference.guild_id,message_reference.message_id,message_reference.type,nonce,pinned,position,reactions,reactions.0.burst_colors,reactions.0.burst_count,reactions.0.burst_me,reactions.0.count,reactions.0.count_details.burst,reactions.0.count_details.normal,reactions.0.emoji.id,reactions.0.emoji.name,reactions.0.me,reactions.0.me_burst,referenced_message,referenced_message.attachments,referenced_message.author.accent_color,referenced_message.author.avatar,referenced_message.author.avatar_decoration_data,referenced_message.author.banner,referenced_message.author.banner_color,referenced_message.author.clan,referenced_message.author.collectibles,referenced_message.author.discriminator,referenced_message.author.display_name_styles,referenced_message.author.flags,referenced_message.author.global_name,referenced_message.author.id,referenced_message.author.primary_guild,referenced_message.author.public_flags,referenced_message.author.username,referenced_message.channel_id,referenced_message.components,referenced_message.content,referenced_message.edited_timestamp,referenced_message.embeds,referenced_message.flags,referenced_message.id,referenced_message.mention_everyone,referenced_message.mention_roles,referenced_message.mentions,referenced_message.pinned,referenced_message.position,referenced_message.timestamp,referenced_message.tts,referenced_message.type,resolved,role_subscription_data,sticker_items,stickers,thread,thread.bitrate,thread.flags,thread.guild_id,thread.id,thread.last_message_id,thread.member_count,thread.member_ids_preview.0,thread.member_ids_preview.1,thread.member_ids_preview.2,thread.member_ids_preview.3,thread.member_ids_preview.4,thread.message_count,thread.name,thread.owner_id,thread.parent_id,thread.rate_limit_per_user,thread.rtc_region,thread.thread_metadata.archive_timestamp,thread.thread_metadata.archived,thread.thread_metadata.auto_archive_duration,thread.thread_metadata.create_timestamp,thread.thread_metadata.locked,thread.total_message_sent,thread.type,thread.user_limit,timestamp,tts,type,userName,webhook_id
1266278492870545542,,,,,,2620d6fc28a291f88524ccd3b900cb3f,,,,,,,,,,,,,0,,0,Tony two tons,108659981309468672,,,,,,0,iminatunnel,,1265101049048600700,,When the jeep finally gets fixed should be on here,2024-07-26T06:18:39.017Z,,,0,,,false,,,,,,,,,,,,,,,,,,,,,,,,,,,,,,,,,,,,,,,,,,,,,,,,,false,55,,,,,,,,,,,,,,,,,,,,,,,,,,,,,,,,,,,,,,,,,,,,,,,,,,,,,,,,,,,,,,,,,,,,,,,,,,2024-07-26T06:18:39.017000+00:00,false,0,iminatunnel,
1266243501264339025,,,,,,28912437e0390d34d050af4b1a730171,,,,,,,,,,,,,0,,0,Virmel,208425244128444418,,,,,,0,virmel,,1265101049048600700,,"```
Customs every day - March 2020
Burger hut Glitter x 3.0 squad
Capitol Hill every weekend in the summer (2021)
Brian, Nathan, and Martice visiting Seattle
Valheim - September/October 2021
Nick coming to Virmel day - October 2021
Coupeville 2022 New Years
New York - May 2022
Rock climbing at SBP - Dec 2022
Racial draft - Spring 2023
New York - May 2023
Bing AI generation
NekoRyan Ashe ban incident
Palworld
Jerred leaves Glitter - March 2024
Joel buying Little Caesar's
Experts only Denny's
AwkwardYoshi leaving
```",2024-07-26T03:59:36.368Z,,,0,,,false,,,,,,,,,,,,,,,,,,,,,,,,,,,,,,,,,,,,,,,,,,,,,,,,,false,54,,,,,,,,,,,,,,,,,,,,,,,,,,,,,,,,,,,,,,,,,,,,,,,,,,,,,,,,,,,,,,,,,,,,,,,,,,2024-07-26T03:59:36.368000+00:00,false,0,virmel,
1266243493311942726,,,,,,438f329cf77c137086671b969a39d2b1,,,,,,,,,,491296025953173514,,,0,,0,yuzka,528096854831792159,,,,491296025953173514,,0,yuzka,,1265101049048600700,,I'll join in like 15,2024-07-26T03:59:34.472Z,,,0,,,false,,,,,,,,,,,,,,,,,,,,,,,,,,,,,,,,,,,,,,,,,,,,,,,,,false,53,,,,,,,,,,,,,,,,,,,,,,,,,,,,,,,,,,,,,,,,,,,,,,,,,,,,,,,,,,,,,,,,,,,,,,,,,,2024-07-26T03:59:34.472000+00:00,false,0,yuzka,
1266243482335449229,,,,,,28912437e0390d34d050af4b1a730171,,,,,,,,,,,,,0,,0,Virmel,208425244128444418,,,,,,0,virmel,,1265101049048600700,,This is what I have so far,2024-07-26T03:59:31.855Z,,,0,,,false,,,,,,,,,,,,,,,,,,,,,,,,,,,,,,,,,,,,,,,,,,,,,,,,,false,52,,,,,,,,,,,,,,,,,,,,,,,,,,,,,,,,,,,,,,,,,,,,,,,,,,,,,,,,,,,,,,,,,,,,,,,,,,2024-07-26T03:59:31.855000+00:00,false,0,virmel,
1266243441185263658,,,,,,42595d65ea5f89086c8b516f56203bbf,,,,,,,,,,,,,0,,0,Justin,189534213391908865,,,,,,0,skiup,,1265101049048600700,,i'm streaming the creation process,2024-07-26T03:59:22.044Z,,,0,,,false,,,,,,,,,,,,,,,,,,,,,,,,,,,,,,,,,,,,,,,,,,,,,,,,,false,51,,,,,,,,,,,,,,,,,,,,,,,,,,,,,,,,,,,,,,,,,,,,,,,,,,,,,,,,,,,,,,,,,,,,,,,,,,2024-07-26T03:59:22.044000+00:00,false,0,skiup,
1266243322595250239,,,,,,438f329cf77c137086671b969a39d2b1,,,,,,,,,,491296025953173514,,,0,,0,yuzka,528096854831792159,,,,491296025953173514,,0,yuzka,,1265101049048600700,,"Instead of AD, are we doing AJ?",2024-07-26T03:58:53.770Z,,,0,,,false,,,,,,,,,,,,,,,,,,,,,,,,,,,,,,,,,,,,,,,,,,,,,,,,,false,50,,,,,,,,,,,,,,,,,,,,,,,,,,,,,,,,,,,,,,,,,,,,,,,,,,,,,,,,,,,,,,,,,,,,,,,,,,2024-07-26T03:58:53.770000+00:00,false,0,yuzka,
1266243248012136479,,,,,,42595d65ea5f89086c8b516f56203bbf,,,,,,,,,,,,,0,,0,Justin,189534213391908865,,,,,,0,skiup,,1265101049048600700,,When was the server created?,2024-07-26T03:58:35.988Z,,,0,,,false,,,,,,,,,,,,,,,,,,,,,,,,,,,,,,,,,,,,,,,,,,,,,,,,,false,49,,,,,,,,,,,,,,,,,,,,,,,,,,,,,,,,,,,,,,,,,,,,,,,,,,,,,,,,,,,,,,,,,,,,,,,,,,2024-07-26T03:58:35.988000+00:00,false,0,skiup,
1266243029107478611,,,,,,42595d65ea5f89086c8b516f56203bbf,,,,,,,,,,,,,0,,0,Justin,189534213391908865,,,,,,0,skiup,,1265101049048600700,,March,2024-07-26T03:57:43.797Z,,,0,,,false,,,,,,,,,,,,,,,,,,,,,,,,,,,,,,,,,,,,,,,,,,,,,,,,,false,48,,,,,,,,,,,,,,,,,,,,,,,,,,,,,,,,,,,,,,,,,,,,,,,,,,,,,,,,,,,,,,,,,,,,,,,,,,2024-07-26T03:57:43.797000+00:00,false,0,skiup,
1266242350980792411,,,,,,28912437e0390d34d050af4b1a730171,,,,,,,,,,,,,0,,0,Virmel,208425244128444418,,,,,,0,virmel,,1265101049048600700,,When did Jerred leave,2024-07-26T03:55:02.119Z,,,0,,,false,,,,,,,,,,,,,,,,,,,,,,,,,,,,,,,,,,,,,,,,,,,,,,,,,false,47,,,,,,,,,,,,,,,,,,,,,,,,,,,,,,,,,,,,,,,,,,,,,,,,,,,,,,,,,,,,,,,,,,,,,,,,,,2024-07-26T03:55:02.119000+00:00,false,0,virmel,
1266241068001660969,,,,,,42595d65ea5f89086c8b516f56203bbf,,,,,,,,,,,,,0,,0,Justin,189534213391908865,,,,,,0,skiup,,1265101049048600700,,We can start with the main events that'll help,2024-07-26T03:49:56.233Z,,,0,,,false,,,,,,,,,,,,,,,,,,,,,,,,,,,,,,,,,,,,,,,,,,,,,,,,,false,46,,,,,,,,,,,,,,,,,,,,,,,,,,,,,,,,,,,,,,,,,,,,,,,,,,,,,,,,,,,,,,,,,,,,,,,,,,2024-07-26T03:49:56.233000+00:00,false,0,skiup,
1266240991162007664,,,,,,28912437e0390d34d050af4b1a730171,,,,,,,,,,,,,0,,0,Virmel,208425244128444418,,,,,,0,virmel,,1265101049048600700,,i think we need more stories,2024-07-26T03:49:37.913Z,,,0,,,false,,,,,,,,,,,,,,,,,,,,,,,,,,,,,,,,,,,,,,,,,,,,,,,,,false,45,,,,,,,,,,,,,,,,,,,,,,,,,,,,,,,,,,,,,,,,,,,,,,,,,,,,,,,,,,,,,,,,,,,,,,,,,,2024-07-26T03:49:37.913000+00:00,false,0,virmel,
1266240940566253638,,,,,,42595d65ea5f89086c8b516f56203bbf,,,,,,,,,,,,,0,,0,Justin,189534213391908865,,,,,,0,skiup,,1265101049048600700,,I'm down for a working session I found a timeline generator,2024-07-26T03:49:25.850Z,,,0,,,false,,,,,,,,,,,,,,,,,,,,,,,,,,,,,,,,,,,,,,,,,,,,,,,,,false,44,,,,,,,,,,,,,,,,,,,,,,,,,,,,,,,,,,,,,,,,,,,,,,,,,,,,,,,,,,,,,,,,,,,,,,,,,,2024-07-26T03:49:25.850000+00:00,false,0,skiup,
1266240859586826334,,,,,,28912437e0390d34d050af4b1a730171,,,,,,,,,,,,,0,,0,Virmel,208425244128444418,,,,,,0,virmel,,1265101049048600700,,pretty sparse atm,2024-07-26T03:49:06.543Z,,,0,,,false,,,,,,,,,,,,,,,,,,,,,,,,,,,,,,,,,,,,,,,,,,,,,,,,,false,43,,,,,,,,,,,,,,,,,,,,,,,,,,,,,,,,,,,,,,,,,,,,,,,,,,,,,,,,,,,,,,,,,,,,,,,,,,2024-07-26T03:49:06.543000+00:00,false,0,virmel,
1266240471966023721,,,,,,42595d65ea5f89086c8b516f56203bbf,,,,,,,,,,,,,0,,0,Justin,189534213391908865,,,,,,0,skiup,,1265101049048600700,,any updates on the timeline/doc? <@208425244128444418>,2024-07-26T03:47:34.127Z,,,0,,,false,,,28912437e0390d34d050af4b1a730171,,,,,,,,,,,,,0,,0,Virmel,208425244128444418,,,,,,0,virmel,,,,,,,,,,,,,,,,,,,,,,false,42,,,,,,,,,,,,,,,,,,,,,,,,,,,,,,,,,,,,,,,,,,,,,,,,,,,,,,,,,,,,,,,,,,,,,,,,,,2024-07-26T03:47:34.127000+00:00,false,0,skiup,
1265704702352298127,,,,,,a_ef0cc7130731d6e9e75b9074484bad70,,a_c3cffc19e9784f7d0b005eecdf1b566e,,1212569433839636530,,,,,,1206060678197018654,,,0,,0,,789611016903721000,,,,1206060678197018654,,0,bigpapi4220,,1265101049048600700,,What happened to my glitter boys 😩😩,2024-07-24T16:18:36.697Z,,,0,,,false,,,,,,,,,,,,,,,,,,,,,,,,,,,,,,,,,,,,,,,,,,,,,,,,,false,41,,,,,,,,,,,,,,,,,,,,,,,,,,,,,,,,,,,,,,,,,,,,,,,,,,,,,,,,,,,,,,,,,,,,,,,,,,2024-07-24T16:18:36.697000+00:00,false,0,bigpapi4220,
1265704584777826448,,,,,,a_ef0cc7130731d6e9e75b9074484bad70,,a_c3cffc19e9784f7d0b005eecdf1b566e,,1212569433839636530,,,,,,1206060678197018654,,,0,,0,,789611016903721000,,,,1206060678197018654,,0,bigpapi4220,,1265101049048600700,,I wish everyone just get along 🥺,2024-07-24T16:18:08.665Z,,,0,,,false,,,,,,,,,,,,,,,,,,,,,,,,,,,,,,,,,,,,,,,,,,,,,,,,,false,40,,,,,,,,,,,,,,,,,,,,,,,,,,,,,,,,,,,,,,,,,,,,,,,,,,,,,,,,,,,,,,,,,,,,,,,,,,2024-07-24T16:18:08.665000+00:00,false,0,bigpapi4220,
1265704342028288000,,,,,,a_ef0cc7130731d6e9e75b9074484bad70,,a_c3cffc19e9784f7d0b005eecdf1b566e,,1212569433839636530,,,,,,1206060678197018654,,,0,,0,,789611016903721000,,,,1206060678197018654,,0,bigpapi4220,,1265101049048600700,,Lmao,2024-07-24T16:17:10.789Z,,,0,,,false,,,,,,,,,,,,,,,,,,,,,,,,,,,,,,,,,,,,,,,,,,,,,,,,,false,39,,,,,,,,,,,,,,,,,,,,,,,,,,,,,,,,,,,,,,,,,,,,,,,,,,,,,,,,,,,,,,,,,,,,,,,,,,2024-07-24T16:17:10.789000+00:00,false,0,bigpapi4220,
1265501792230182912,,,,,,42595d65ea5f89086c8b516f56203bbf,,,,,,,,,,,,,0,,0,Justin,189534213391908865,,,,,,0,skiup,,1265101049048600700,,nekoryan gets mad comes back to this server,2024-07-24T02:52:19.154Z,,,0,,,false,,,,,,,,,,,,,,,,,,,,,,,,,,,,,,,,,,,,,,,,,,,,,,,,,false,38,,,,,,,,,,,,,,,,,,,,,,,,,,,,,,,,,,,,,,,,,,,,,,,,,,,,,,,,,,,,,,,,,,,,,,,,,,2024-07-24T02:52:19.154000+00:00,false,0,skiup,
1265501697078464649,,,,,,42595d65ea5f89086c8b516f56203bbf,,,,,,,,,,,,,0,,0,Justin,189534213391908865,,,,,,0,skiup,,1265101049048600700,,"jerred got mad, made his own server",2024-07-24T02:51:56.468Z,,,0,,,false,,,,,,,,,,,,,,,,,,,,,,,,,,,,,,,,,,,,,,,,,,,,,,,,,false,37,,,,,,,,,,,,,,,,,,,,,,,,,,,,,,,,,,,,,,,,,,,,,,,,,,,,,,,,,,,,,,,,,,,,,,,,,,2024-07-24T02:51:56.468000+00:00,false,0,skiup,
1265493701229281310,,,,,,2620d6fc28a291f88524ccd3b900cb3f,,,,,,,,,,,,,0,,0,Tony two tons,108659981309468672,,,,,,0,iminatunnel,,1265101049048600700,,Bert and Ernie,2024-07-24T02:20:10.109Z,,,0,,,false,,,,,,,,,,,,,,,,,,,,,,,,,,,,,,,,,,,,,,,,,,,,,,,,,false,36,,,0,false,4,0,4,,💀,false,false,,,,,,,,,,,,,,,,,,,,,,,,,,,,,,,,,,,,,,,,,,,,,,,,,,,,,,,,,,,,,,,2024-07-24T02:20:10.109000+00:00,false,0,iminatunnel,
1265383359857819728,,,,,,28912437e0390d34d050af4b1a730171,,,,,,,,,,,,,0,,0,Virmel,208425244128444418,,,,,,0,virmel,,1265101049048600700,,awkwardyoshi,2024-07-23T19:01:42.676Z,,,0,,,false,,,,,,,,,,,,,,,,,,,,,,,,,,,,,,,,,,,,,,,,,,,,,,,,,false,35,,,,,,,,,,,,,,,,,,,,,,,,,,,,,,,,,,,,,,,,,,,,,,,,,,,,,,,,,,,,,,,,,,,,,,,,,,2024-07-23T19:01:42.676000+00:00,false,0,virmel,
1265383312533360790,,,,,,28912437e0390d34d050af4b1a730171,,,,,,,,,,,,,0,,0,Virmel,208425244128444418,,,,,,0,virmel,,1265101049048600700,,racial draft,2024-07-23T19:01:31.393Z,,,0,,,false,,,,,,,,,,,,,,,,,,,,,,,,,,,,,,,,,,,,,,,,,,,,,,,,,false,34,,,,,,,,,,,,,,,,,,,,,,,,,,,,,,,,,,,,,,,,,,,,,,,,,,,,,,,,,,,,,,,,,,,,,,,,,,2024-07-23T19:01:31.393000+00:00,false,0,virmel,
1265383201187037286,,,,,,42595d65ea5f89086c8b516f56203bbf,,,,,,,,,,,,,0,,0,Justin,189534213391908865,,,,,,0,skiup,,1265101049048600700,,covid when we played customs literally every night,2024-07-23T19:01:04.846Z,,,0,,,false,,,,,,,,,,,,,,,,,,,,,,,,,,,,,,,,,,,,,,,,,,,,,,,,,false,33,,,,,,,,,,,,,,,,,,,,,,,,,,,,,,,,,,,,,,,,,,,,,,,,,,,,,,,,,,,,,,,,,,,,,,,,,,2024-07-23T19:01:04.846000+00:00,false,0,skiup,
1265381799660359742,,,,,,2620d6fc28a291f88524ccd3b900cb3f,,,,,,,,,,,,,0,,0,Tony two tons,108659981309468672,,,,,,0,iminatunnel,,1265101049048600700,,The cock search,2024-07-23T18:55:30.696Z,,,0,,,false,,,,,,,,,,,,,,,,,,,,,,,,,,,,,,,,,,,,,,,,,,,,,,,,,false,32,,,,,,,,,,,,,,,,,,,,,,,,,,,,,,,,,,,,,,,,,,,,,,,,,,,,,,,,,,,,,,,,,,,,,,,,,,2024-07-23T18:55:30.696000+00:00,false,0,iminatunnel,
1265374827485724723,,,,,,28912437e0390d34d050af4b1a730171,,,,,,,,,,,,,0,,0,Virmel,208425244128444418,,,,,,0,virmel,,1265101049048600700,,* E-pals customs special guests - Shaco main and others,2024-07-23T18:27:48.400Z,,,0,,,false,,,,,,,,,,,,,,,,,,,,,,,,,,,,,,,,,,,,,,,,,,,,,,,,,false,31,,,,,,,,,,,,,,,,,,,,,,,,,,,,,,,,,,,,,,,,,,,,,,,,,,,,,,,,,,,,,,,,,,,,,,,,,,2024-07-23T18:27:48.400000+00:00,false,0,virmel,
1265374271715278970,,,,,,a48241fa1af665d5133ddb54cf71f225,,,,,,,,,,,,,0,,0,blohsh,202595851678384137,,,,,,0,billibillie.,,1265101049048600700,,<@108659981309468672> server moderator,2024-07-23T18:25:35.894Z,,,0,,,false,,,2620d6fc28a291f88524ccd3b900cb3f,,,,,,,,,,,,,0,,0,Tony two tons,108659981309468672,,,,,,0,iminatunnel,,,,,,,,,,,,,,,,,,,,,,false,30,,,,,,,,,,,,,,,,,,,,,,,,,,,,,,,,,,,,,,,,,,,,,,,,,,,,,,,,,,,,,,,,,,,,,,,,,,2024-07-23T18:25:35.894000+00:00,false,0,billibillie.,
1265324535947853864,,,,,,28912437e0390d34d050af4b1a730171,,,,,,,,,,,,,0,,0,Virmel,208425244128444418,,,,,,0,virmel,,1265101049048600700,,trapped in the closet was fun,2024-07-23T15:07:57.963Z,,,0,,,false,,,,,,,,,,,,,,,,,,,,,,,,,,,,,,,,,,,,,,,,,,,,,,,,,false,29,,,,,,,,,,,,,,,,,,,,,,,,,,,,,,,,,,,,,,,,,,,,,,,,,,,,,,,,,,,,,,,,,,,,,,,,,,2024-07-23T15:07:57.963000+00:00,false,0,virmel,
1265185326708559945,,,,,,4b41f96917b94ff40877ae157febcee4,,,,,,,,e929e1c0111f2acf104ba53aefc5ee44,true,753738215482982410,BABA,,0,,0,Son of Krystillia,171455587517857796,,e929e1c0111f2acf104ba53aefc5ee44,true,753738215482982410,BABA,0,acrooz,,1265101049048600700,,microsoft girl,2024-07-23T05:54:47.894Z,,,0,,,false,,,,,,,,,,,,,,,,,,,,,,,,,,,,,,,,,,,,,,,,,,,,,,,,,false,28,,,,,,,,,,,,,,,,,,,,,,,,,,,,,,,,,,,,,,,,,,,,,,,,,,,,,,,,,,,,,,,,,,,,,,,,,,2024-07-23T05:54:47.894000+00:00,false,0,acrooz,
1265185226674536551,,,,,,4b41f96917b94ff40877ae157febcee4,,,,,,,,e929e1c0111f2acf104ba53aefc5ee44,true,753738215482982410,BABA,,0,,0,Son of Krystillia,171455587517857796,,e929e1c0111f2acf104ba53aefc5ee44,true,753738215482982410,BABA,0,acrooz,,1265101049048600700,,and is it too obvious to say ocean shores?,2024-07-23T05:54:24.044Z,,,0,,,false,,,,,,,,,,,,,,,,,,,,,,,,,,,,,,,,,,,,,,,,,,,,,,,,,false,27,,,,,,,,,,,,,,,,,,,,,,,,,,,,,,,,,,,,,,,,,,,,,,,,,,,,,,,,,,,,,,,,,,,,,,,,,,2024-07-23T05:54:24.044000+00:00,false,0,acrooz,
1265185042905432167,,,,,,4b41f96917b94ff40877ae157febcee4,,,,,,,,e929e1c0111f2acf104ba53aefc5ee44,true,753738215482982410,BABA,,0,,0,Son of Krystillia,171455587517857796,,e929e1c0111f2acf104ba53aefc5ee44,true,753738215482982410,BABA,0,acrooz,,1265101049048600700,,trapped in the closet was a very important moment in this server,2024-07-23T05:53:40.230Z,,,0,,,false,,,,,,,,,,,,,,,,,,,,,,,,,,,,,,,,,,,,,,,,,,,,,,,,,false,26,,,0,false,1,0,1,973358964056137869,this,false,false,,,,,,,,,,,,,,,,,,,,,,,,,,,,,,,,,,,,,,,,,,,,,,,,,,,,,,,,,,,,,,,2024-07-23T05:53:40.230000+00:00,false,0,acrooz,
1265145731774287943,,,,,,42595d65ea5f89086c8b516f56203bbf,,,,,,,,,,,,,0,,0,Justin,189534213391908865,,,,,,0,skiup,,1265101049048600700,,nekoryan with all of naptime in this server,2024-07-23T03:17:27.726Z,,,0,,,false,,,,,,,,,,,,,,,,,,,,,,,,,,,,,,,,,,,,,,,,,,,,,,,,,false,25,,,0,false,2,0,2,,🐱,false,false,,,,,,,,,,,,,,,,,,,,,,,,,,,,,,,,,,,,,,,,,,,,,,,,,,,,,,,,,,,,,,,2024-07-23T03:17:27.726000+00:00,false,0,skiup,
1265140945259728968,,,,,,a_ef0cc7130731d6e9e75b9074484bad70,,a_c3cffc19e9784f7d0b005eecdf1b566e,,1212569433839636530,,,,,,1206060678197018654,,,0,,0,,789611016903721000,,,,1206060678197018654,,0,bigpapi4220,,1265101049048600700,,I’m down,2024-07-23T02:58:26.532Z,,,0,,,false,,,,,,,,,,,,,,,,,,,,,,,,,,,,,,,,,,,,,,,,,,,,,,,,,false,24,,,,,,,,,,,,,,,,,,,,,,,,,,,,,,,,,,,,,,,,,,,,,,,,,,,,,,,,,,,,,,,,,,,,,,,,,,2024-07-23T02:58:26.532000+00:00,false,0,bigpapi4220,
1265140737000083468,,,,,,438f329cf77c137086671b969a39d2b1,,,,,,,,,,491296025953173514,,,0,,0,yuzka,528096854831792159,,,,491296025953173514,,0,yuzka,,1265101049048600700,,HORSE with <@789611016903721000> and <@202595851678384137>,2024-07-23T02:57:36.879Z,,,0,,,false,,,a_ef0cc7130731d6e9e75b9074484bad70,,a_c3cffc19e9784f7d0b005eecdf1b566e,,1212569433839636530,,,,,,1206060678197018654,,,0,,0,,789611016903721000,,,,1206060678197018654,,0,bigpapi4220,,a48241fa1af665d5133ddb54cf71f225,,,,,,0,,0,blohsh,202595851678384137,,0,billibillie.,,,,,,,false,23,,,,,,,,,,,,,,,,,,,,,,,,,,,,,,,,,,,,,,,,,,,,,,,,,,,,,,,,,,,,,,,,,,,,,,,,,,2024-07-23T02:57:36.879000+00:00,false,0,yuzka,
1265128706935095399,,,,,,28912437e0390d34d050af4b1a730171,,,,,,,,,,,,,0,,0,Virmel,208425244128444418,,,,,,0,virmel,,1265101049048600700,,* Brian and Stella Artois,2024-07-23T02:09:48.688Z,,,0,,,false,,,,,,,,,,,,,,,,,,,,,,,,,,,,,,,,,,,,,,,,,,,,,,,,,false,22,,,,,,,,,,,,,,,,,,,,,,,,,,,,,,,,,,,,,,,,,,,,,,,,,,,,,,,,,,,,,,,,,,,,,,,,,,2024-07-23T02:09:48.688000+00:00,false,0,virmel,
1265127768824217755,,,,,,42595d65ea5f89086c8b516f56203bbf,,,,,,,,,,,,,0,,0,Justin,189534213391908865,,,,,,0,skiup,,1265101049048600700,,"nyc 1, nyc 2",2024-07-23T02:06:05.025Z,,,0,,,false,,,,,,,,,,,,,,,,,,,,,,,,,,,,,,,,,,,,,,,,,,,,,,,,,false,21,,,,,,,,,,,,,,,,,,,,,,,,,,,,,,,,,,,,,,,,,,,,,,,,,,,,,,,,,,,,,,,,,,,,,,,,,,2024-07-23T02:06:05.025000+00:00,false,0,skiup,
1265125521046638623,,,,,,28912437e0390d34d050af4b1a730171,,,,,,,,,,,,,0,,0,Virmel,208425244128444418,,,,,,0,virmel,,1265101049048600700,,* Experts only Denny's after Justin's,2024-07-23T01:57:09.113Z,,,0,,,false,,,,,,,,,,,,,,,,,,,,,,,,,,,,,,,,,,,,,,,,,,,,,,,,,false,20,,,,,,,,,,,,,,,,,,,,,,,,,,,,,,,,,,,,,,,,,,,,,,,,,,,,,,,,,,,,,,,,,,,,,,,,,,2024-07-23T01:57:09.113000+00:00,false,0,virmel,
1265125428780077108,,,,,,438f329cf77c137086671b969a39d2b1,,,,,,,,,,491296025953173514,,,0,,0,yuzka,528096854831792159,,,,491296025953173514,,0,yuzka,,1265101049048600700,,Glitter x Bing AI,2024-07-23T01:56:47.115Z,2024-07-23T01:57:02.655000+00:00,,0,,,false,,,,,,,,,,,,,,,,,,,,,,,,,,,,,,,,,,,,,,,,,,,,,,,,,false,19,,,,,,,,,,,,,,,,,,,,,,,,,,,,,,,,,,,,,,,,,,,,,,,,,,,,,,,,,,,,,,,,,,,,,,,,,,2024-07-23T01:56:47.115000+00:00,false,0,yuzka,
1265125266016047115,,,,,,28912437e0390d34d050af4b1a730171,,,,,,,,,,,,,0,,0,Virmel,208425244128444418,,,,,,0,virmel,,1265101049048600700,,* Joel buying out Little Caesar's for our snack after drinking,2024-07-23T01:56:08.309Z,,,0,,,false,,,,,,,,,,,,,,,,,,,,,,,,,,,,,,,,,,,,,,,,,,,,,,,,,false,18,,,,,,,,,,,,,,,,,,,,,,,,,,,,,,,,,,,,,,,,,,,,,,,,,,,,,,,,,,,,,,,,,,,,,,,,,,2024-07-23T01:56:08.309000+00:00,false,0,virmel,
1265124543031410761,,,,,,42595d65ea5f89086c8b516f56203bbf,,,,,,,,,,,,,0,,0,Justin,189534213391908865,,,,,,0,skiup,,1265101049048600700,,coupeville,2024-07-23T01:53:15.936Z,,,0,,,false,,,,,,,,,,,,,,,,,,,,,,,,,,,,,,,,,,,,,,,,,,,,,,,,,false,17,,,,,,,,,,,,,,,,,,,,,,,,,,,,,,,,,,,,,,,,,,,,,,,,,,,,,,,,,,,,,,,,,,,,,,,,,,2024-07-23T01:53:15.936000+00:00,false,0,skiup,
1265111838660628593,,,,,,42595d65ea5f89086c8b516f56203bbf,,,,,,,,,,,,,0,,0,Justin,189534213391908865,,,,,,0,skiup,,1265101049048600700,,it was summer 2022 thru literally nyc 2023,2024-07-23T01:02:46.978Z,,,0,,,false,,,28912437e0390d34d050af4b1a730171,,,,,,,,,,,,,0,,0,Virmel,208425244128444418,,,,,,0,virmel,,,,,,,,,,,,,,,,,1265101049048600700,208425771172102144,1265102295046029352,0,,false,16,,,,,,,,,,,,,,,28912437e0390d34d050af4b1a730171,,,,,,0,,0,Virmel,208425244128444418,,0,virmel,1265101049048600700,,* That one summer where we legit went out to Capitol Hill every weekend. 2021 I think,,,0,1265102295046029352,false,,,false,6,2024-07-23T00:24:51.603000+00:00,false,0,,,,,,,,,,,,,,,,,,,,,,,,,,,,,,,2024-07-23T01:02:46.978000+00:00,false,19,skiup,
1265106373088383117,,,,,,438f329cf77c137086671b969a39d2b1,,,,,,,,,,491296025953173514,,,0,,0,yuzka,528096854831792159,,,,491296025953173514,,0,yuzka,,1265101049048600700,,Glitter x 3.0 Burger Hut meetup,2024-07-23T00:41:03.884Z,,,0,,,false,,,,,,,,,,,,,,,,,,,,,,,,,,,,,,,,,,,,,,,,,,,,,,,,,false,15,,,,,,,,,,,,,,,,,,,,,,,,,,,,,,,,,,,,,,,,,,,,,,,,,,,,,,,,,,,,,,,,,,,,,,,,,,2024-07-23T00:41:03.884000+00:00,false,0,yuzka,
1265106022368809091,,,,,,28912437e0390d34d050af4b1a730171,,,,,,,,,,,,,0,,0,Virmel,208425244128444418,,,,,,0,virmel,,1265101049048600700,,* Nick coming to Virmel day,2024-07-23T00:39:40.266Z,,,0,,,false,,,,,,,,,,,,,,,,,,,,,,,,,,,,,,,,,,,,,,,,,,,,,,,,,false,14,,,,,,,,,,,,,,,,,,,,,,,,,,,,,,,,,,,,,,,,,,,,,,,,,,,,,,,,,,,,,,,,,,,,,,,,,,2024-07-23T00:39:40.266000+00:00,false,0,virmel,
1265105289036824708,,,,,,28912437e0390d34d050af4b1a730171,,,,,,,,,,,,,0,,0,Virmel,208425244128444418,,,,,,0,virmel,,1265101049048600700,,I think arcs and stories are good. Anything that would jog people’s memories,2024-07-23T00:36:45.426Z,,,0,,,false,,,,,,,,,,,,,,,,,,,,,,,,,,,,,,,,,,,,,,,,,,,,,,,,,false,13,,,,,,,,,,,,,,,,,,,,,,,,,,,,,,,,,,,,,,,,,,,,,,,,,,,,,,,,,,,,,,,,,,,,,,,,,,2024-07-23T00:36:45.426000+00:00,false,0,virmel,
1265105084635680810,,,,,,438f329cf77c137086671b969a39d2b1,,,,,,,,,,491296025953173514,,,0,,0,yuzka,528096854831792159,,,,491296025953173514,,0,yuzka,,1265101049048600700,,Are we only listing off arcs or do we do events too,2024-07-23T00:35:56.693Z,,,0,,,false,,,,,,,,,,,,,,,,,,,,,,,,,,,,,,,,,,,,,,,,,,,,,,,,,false,12,,,,,,,,,,,,,,,,,,,,,,,,,,,,,,,,,,,,,,,,,,,,,,,,,,,,,,,,,,,,,,,,,,,,,,,,,,2024-07-23T00:35:56.693000+00:00,false,0,yuzka,
1265104419419062344,,,,,,,,,,,,,,,,,,,0,,0,dangeem,1188444179655819354,,,,,,0,dankyon,,1265101049048600700,,Does the ashe ban count as an arc?,2024-07-23T00:33:18.093Z,,,0,,,false,,,,,,,,,,,,,,,,,,,,,,,,,,,,,,,,,,,,,,,,,,,,,,,,,false,11,,,,,,,,,,,,,,,,,,,,,,,,,,,,,,,,,,,,,,,,,,,,,,,,,,,,,,,,,,,,,,,,,,,,,,,,,,2024-07-23T00:33:18.093000+00:00,false,0,dankyon,
1265103338949836952,,,,,,28912437e0390d34d050af4b1a730171,,,,,,,,,,,,,0,,0,Virmel,208425244128444418,,,,,,0,virmel,,1265101049048600700,,Someone list off all the NekoRyan arcs,2024-07-23T00:29:00.489Z,,,0,,,false,,,,,,,,,,,,,,,,,,,,,,,,,,,,,,,,,,,,,,,,,,,,,,,,,false,10,,,,,,,,,,,,,,,,,,,,,,,,,,,,,,,,,,,,,,,,,,,,,,,,,,,,,,,,,,,,,,,,,,,,,,,,,,2024-07-23T00:29:00.489000+00:00,false,0,virmel,
1265102948359471174,,,,,,28912437e0390d34d050af4b1a730171,,,,,,,,,,,,,0,,0,Virmel,208425244128444418,,,,,,0,virmel,,1265101049048600700,,* Customs happening very frequently in either March 2020 or 2021,2024-07-23T00:27:27.365Z,,,0,,,false,,,,,,,,,,,,,,,,,,,,,,,,,,,,,,,,,,,,,,,,,,,,,,,,,false,9,,,,,,,,,,,,,,,,,,,,,,,,,,,,,,,,,,,,,,,,,,,,,,,,,,,,,,,,,,,,,,,,,,,,,,,,,,2024-07-23T00:27:27.365000+00:00,false,0,virmel,
1265102609480548476,,,,,,28912437e0390d34d050af4b1a730171,,,,,,,,,,,,,0,,0,Virmel,208425244128444418,,,,,,0,virmel,,1265101049048600700,,"that was pretty lengthy. that rivaled Valheim for playtime, I think",2024-07-23T00:26:06.570Z,,,0,,,false,,,,,,,,,,,,,,,,,,,,,,,,,,,,,,,,,,,,,,,,,,,,,,,,,false,8,,,,,,,,,,,,,,,,,,,,,,,,,,,,,,,,,,,,,,,,,,,,,,,,,,,,,,,,,,,,,,,,,,,,,,,,,,2024-07-23T00:26:06.570000+00:00,false,0,virmel,
1265102449279111283,,,,,,438f329cf77c137086671b969a39d2b1,,,,,,,,,,491296025953173514,,,0,,0,yuzka,528096854831792159,,,,491296025953173514,,0,yuzka,,1265101049048600700,,fake pokemon for like 2 weeks before jerred bought a new server so we could all play only for us to stop playing,2024-07-23T00:25:28.375Z,2024-07-23T00:25:46.903000+00:00,,0,,,false,,,,,,,,,,,,,,,,,,,,,,,,,,,,,,,,,,,,,,,,,,,,,,,,,false,7,,,,,,,,,,,,,,,,,,,,,,,,,,,,,,,,,,,,,,,,,,,,,,,,,,,,,,,,,,,,,,,,,,,,,,,,,,2024-07-23T00:25:28.375000+00:00,false,0,yuzka,
1265102295046029352,,,,,,28912437e0390d34d050af4b1a730171,,,,,,,,,,,,,0,,0,Virmel,208425244128444418,,,,,,0,virmel,,1265101049048600700,,* That one summer where we legit went out to Capitol Hill every weekend. 2021 I think,2024-07-23T00:24:51.603Z,,,0,,,false,,,,,,,,,,,,,,,,,,,,,,,,,,,,,,,,,,,,,,,,,,,,,,,,,false,6,,,0,false,1,0,1,,😹,false,false,,,,,,,,,,,,,,,,,,,,,,,,,,,,,,,,,,,,,,,,,,,,,,,,,,,,,,,,,,,,,,,2024-07-23T00:24:51.603000+00:00,false,0,virmel,
1265102182404063242,,,,,,28912437e0390d34d050af4b1a730171,,,,,,,,,,,,,0,,0,Virmel,208425244128444418,,,,,,0,virmel,,1265101049048600700,,* Valheim,2024-07-23T00:24:24.747Z,,,0,,,false,,,,,,,,,,,,,,,,,,,,,,,,,,,,,,,,,,,,,,,,,,,,,,,,,false,5,,,,,,,,,,,,,,,,,,,,,,,,,,,,,,,,,,,,,,,,,,,,,,,,,,,,,,,,,,,,,,,,,,,,,,,,,,2024-07-23T00:24:24.747000+00:00,false,0,virmel,
1265101352242122812,,,,,,28912437e0390d34d050af4b1a730171,,,,,,,,,,,,,0,,0,Virmel,208425244128444418,,,,,,0,virmel,,1265101049048600700,,* Rock climbing at SBP,2024-07-23T00:21:06.821Z,2024-07-23T00:21:43.051000+00:00,,0,,,false,,,,,,,,,,,,,,,,,,,,,,,,,,,,,,,,,,,,,,,,,,,,,,,,,false,4,,,,,,,,,,,,,,,,,,,,,,,,,,,,,,,,,,,,,,,,,,,,,,,,,,,,,,,,,,,,,,,,,,,,,,,,,,2024-07-23T00:21:06.821000+00:00,false,0,virmel,
1265101213956046858,,,,,,28912437e0390d34d050af4b1a730171,,,,,,,,,,,,,0,,0,Virmel,208425244128444418,,,,,,0,virmel,,1265101049048600700,,Maybe I'll try to keep a master sheet that will try to lay everything in order,2024-07-23T00:20:33.851Z,,,0,,,false,,,,,,,,,,,,,,,,,,,,,,,,,,,,,,,,,,,,,,,,,,,,,,,,,false,3,,,,,,,,,,,,,,,,,,,,,,,,,,,,,,,,,,,,,,,,,,,,,,,,,,,,,,,,,,,,,,,,,,,,,,,,,,2024-07-23T00:20:33.851000+00:00,false,0,virmel,
1265101171584929823,,,,,,438f329cf77c137086671b969a39d2b1,,,,,,,,,,491296025953173514,,,0,,0,yuzka,528096854831792159,,,,491296025953173514,,0,yuzka,,1265101049048600700,,50/50 either it will or it won't,2024-07-23T00:20:23.749Z,,,0,,,false,,,,,,,,,,,,,,,,,,,,,,,,,,,,,,,,,,,,,,,,,,,,,,,,,false,2,,,,,,,,,,,,,,,,,,,,,,,,,,,,,,,,,,,,,,,,,,,,,,,,,,,,,,,,,,,,,,,,,,,,,,,,,,2024-07-23T00:20:23.749000+00:00,false,0,yuzka,
1265101106674008134,,,,,,28912437e0390d34d050af4b1a730171,,,,,,,,,,,,,0,,0,Virmel,208425244128444418,,,,,,0,virmel,,1265101049048600700,,Someone start us off,2024-07-23T00:20:08.273Z,,,0,,,false,,,,,,,,,,,,,,,,,,,,,,,,,,,,,,,,,,,,,,,,,,,,,,,,,false,1,,,,,,,,,,,,,,,,,,,,,,,,,,,,,,,,,,,,,,,,,,,,,,,,,,,,,,,,,,,,,,,,,,,,,,,,,,2024-07-23T00:20:08.273000+00:00,false,0,virmel,
1265101051745538049,,,,,,28912437e0390d34d050af4b1a730171,,,,,,,,,,,,,0,,0,Virmel,208425244128444418,,,,,,0,virmel,,1265101049048600700,,Let's use this thread to remember/record arcs that have happened in this server,2024-07-23T00:19:55.177Z,,,0,,,false,,,,,,,,,,,,,,,,,,,,,,,,,,,,,,,,,,,,,,,,,,,,,,,,,false,,,,,,,,,,,,,,,,,,,,,,,,,,,,,,,,,,,,,,,,,,,,,,,,,,,,,,,,,,,,,,,,,,,,,,,,,,,2024-07-23T00:19:55.177000+00:00,false,0,virmel,
1265101049048600700,,,,,,28912437e0390d34d050af4b1a730171,,,,,,,,,,,,,0,,0,Virmel,208425244128444418,,,,,,0,virmel,,208425771172102144,,Glitter lore,2024-07-23T00:19:54.534Z,,,32,,,false,,,,,,,,,,,,,,,,,,,,,,,,,,,,,,,,,,,,,,,,,,,,1265101049048600700,208425771172102144,,0,,false,,,,,,,,,,,,,,,,,,,,,,,,,,,,,,,,,,,,,,,,,,,,,,,,,,64000,0,208425771172102144,1265101049048600700,1266278492870545542,5,208425244128444418,108659981309468672,789611016903721000,189534213391908865,202595851678384137,56,Glitter lore,208425244128444418,208425771172102144,0,,2024-08-25T06:24:00.418000+00:00,true,10080,2024-07-23T00:19:54.534000+00:00,false,56,11,0,2024-07-23T00:19:54.534000+00:00,false,18,virmel,