id,activity,application,application_id,attachments,author.accent_color,author.avatar,author.avatar_decoration_data,author.avatar_decoration_data.asset,author.avatar_decoration_data.expires_at,author.avatar_decoration_data.sku_id,author.banner,author.banner_color,author.clan,author.clan.badge,author.clan.identity_enabled,author.clan.identity_guild_id,author.clan.tag,author.collectibles,author.collectibles.nameplate.asset,author.collectibles.nameplate.label,author.collectibles.nameplate.palette,author.collectibles.nameplate.sku_id,author.discriminator,author.display_name_styles,author.display_name_styles.colors.0,author.display_name_styles.colors.1,author.display_name_styles.effect_id,author.display_name_styles.font_id,author.flags,author.global_name,author.id,author.primary_guild,author.primary_guild.badge,author.primary_guild.identity_enabled,author.primary_guild.identity_guild_id,author.primary_guild.tag,author.public_flags,author.username,call,channel_id,components,content,date,edited_timestamp,embeds,flags,interaction,mention_channels,mention_everyone,mentions,mentions.0.accent_color,mentions.0.avatar,mentions.0.avatar_decoration_data,mentions.0.banner,mentions.0.banner_color,mentions.0.clan,mentions.0.collectibles,mentions.0.discriminator,mentions.0.display_name_styles,mentions.0.flags,mentions.0.global_name,mentions.0.id,mentions.0.primary_guild,mentions.0.public_flags,mentions.0.username,mentions.1.accent_color,mentions.1.avatar,mentions.1.avatar_decoration_data,mentions.1.banner,mentions.1.banner_color,mentions.1.clan,mentions.1.collectibles,mentions.1.discriminator,mentions.1.display_name_styles,mentions.1.flags,mentions.1.global_name,mentions.1.id,mentions.1.primary_guild,mentions.1.public_flags,mentions.1.username,message_reference,message_reference.channel_id,message_reference.guild_id,message_reference.message_id,message_reference.type,nonce,pinned,position,reactions,reactions.0.burst_colors,reactions.0.burst_count,reactions.0.burst_me,reactions.0.count,reactions.0.count_details.burst,reactions.0.count_details.normal,reactions.0.emoji.id,reactions.0.emoji.name,reactions.0.me,reactions.0.me_burst,referenced_message,referenced_message.attachments,referenced_message.author.accent_color,referenced_message.author.avatar,referenced_message.author.avatar_decoration_data,referenced_message.author.banner,referenced_message.author.banner_color,referenced_message.author.clan,referenced_message.author.collectibles,referenced_message.author.discriminator,referenced_message.author.display_name_styles,referenced_message.author.flags,referenced_message.author.global_name,referenced_message.author.id,referenced_message.author.primary_guild,referenced_message.author.public_flags,referenced_message.author.username,referenced_message.channel_id,referenced_message.components,referenced_message.content,referenced_message.edited_timestamp,referenced_message.embeds,referenced_message.flags,referenced_message.id,referenced_message.mention_everyone,referenced_message.mention_roles,referenced_message.mentions,referenced_message.pinned,referenced_message.position,referenced_message.timestamp,referenced_message.tts,referenced_message.type,resolved,role_subscription_data,sticker_items,stickers,thread,thread.bitrate,thread.flags,thread.guild_id,thread.id,thread.last_message_id,thread.member_count,thread.member_ids_preview.0,thread.member_ids_preview.1,thread.member_ids_preview.2,thread.member_ids_preview.3,thread.member_ids_preview.4,thread.message_count,thread.name,thread.owner_id,thread.parent_id,thread.rate_limit_per_user,thread.rtc_region,thread.thread_metadata.archive_timestamp,thread.thread_metadata.archived,thread.thread_metadata.auto_archive_duration,thread.thread_metadata.create_timestamp,thread.thread_metadata.locked,thread.total_message_sent,thread.type,thread.user_limit,timestamp,tts,type,userName,webhook_id
1134670800859963534,,,,,,ff2d052609f7c33ac7e6fa9d3f660267,,,,,,,,,,,,,,,,,0,,,,,,0,ZackGPT,609191587473391631,,,,,,0,spicyzaddy,,1134635975893598278,,I got a new e-bike if anyone wants to take it for a spin lol,2023-07-29T02:16:40.089Z,,,0,,,false,,,,,,,,,,,,,,,,,,,,,,,,,,,,,,,,,,,,,,false,27,,,0,false,2,0,2,,❤️,false,false,,,,,,,,,,,,,,,,,,,,,,,,,,,,,,,,,,,,,,,,,,,,,,,,,,,,,,,,,,,,,,,2023-07-29T02:16:40.089000+00:00,false,0,spicyzaddy,
1134669802342973490,,,,,,42595d65ea5f89086c8b516f56203bbf,,,,,,,,,,,,,,,,,0,,,,,,0,Justin,189534213391908865,,,,,,0,skiup,,1134635975893598278,,we can drink and talk about things,2023-07-29T02:12:42.024Z,,,0,,,false,,,,,,,,,,,,,,,,,,,,,,,,,,,,,,,,,,,,,,false,26,,,0,false,3,0,3,,❗,false,false,,,,,,,,,,,,,,,,,,,,,,,,,,,,,,,,,,,,,,,,,,,,,,,,,,,,,,,,,,,,,,,2023-07-29T02:12:42.024000+00:00,false,0,skiup,
1134669685913309334,,,,,,28912437e0390d34d050af4b1a730171,,,,,,,,,,,,,,,,,0,,,,,,0,Virmel,208425244128444418,,,,,,0,virmel,,1134635975893598278,,yeah i agree that timing would be tight,2023-07-29T02:12:14.265Z,,,0,,,false,,,,,,,,,,,,,,,,,,,,,,,,,,,,,,,,,,,,,,false,25,,,,,,,,,,,,,,,,,,,,,,,,,,,,,,,,,,,,,,,,,,,,,,,,,,,,,,,,,,,,,,,,,,,,,,,,,,2023-07-29T02:12:14.265000+00:00,false,0,virmel,
1134669527758671922,,,,,,ff2d052609f7c33ac7e6fa9d3f660267,,,,,,,,,,,,,,,,,0,,,,,,0,ZackGPT,609191587473391631,,,,,,0,spicyzaddy,,1134635975893598278,,"I think so, unless we wanna try to hit a bar before we leave to Vue . I’m close to Rein Haus and Tavern but idk if the timing works.

Pregame is at 300 10th Ave, Seattle, WA 98122 if any of you rascals want to join",2023-07-29T02:11:36.558Z,,,0,,,false,,,,,,,,,,,,,,,,,,,,,,,,,,,,,,,,,,,,,,false,24,,,,,,,,,,,,,,,,,,,,,,,,,,,,,,,,,,,,,,,,,,,,,,,,,,,,,,,,,,,,,,,,,,,,,,,,,,2023-07-29T02:11:36.558000+00:00,false,0,spicyzaddy,
1134666979802886195,,,,,,28912437e0390d34d050af4b1a730171,,,,,,,,,,,,,,,,,0,,,,,,0,Virmel,208425244128444418,,,,,,0,virmel,,1134635975893598278,,you guys going straight from the pregame to vue?,2023-07-29T02:01:29.078Z,,,0,,,false,,,,,,,,,,,,,,,,,,,,,,,,,,,,,,,,,,,,,,false,23,,,,,,,,,,,,,,,,,,,,,,,,,,,,,,,,,,,,,,,,,,,,,,,,,,,,,,,,,,,,,,,,,,,,,,,,,,2023-07-29T02:01:29.078000+00:00,false,0,virmel,
1134665001064472577,,,,,,42595d65ea5f89086c8b516f56203bbf,,,,,,,,,,,,,,,,,0,,,,,,0,Justin,189534213391908865,,,,,,0,skiup,,1134635975893598278,,i got a bottle,2023-07-29T01:53:37.310Z,,,0,,,false,,,,,,,,,,,,,,,,,,,,,,,,,,,,,,,,,,,,,,false,22,,,,,,,,,,,,,,,,,,,,,,,,,,,,,,,,,,,,,,,,,,,,,,,,,,,,,,,,,,,,,,,,,,,,,,,,,,2023-07-29T01:53:37.310000+00:00,false,0,skiup,
1134664832700928030,,,,,,42595d65ea5f89086c8b516f56203bbf,,,,,,,,,,,,,,,,,0,,,,,,0,Justin,189534213391908865,,,,,,0,skiup,,1134635975893598278,,come pregame,2023-07-29T01:52:57.169Z,,,0,,,false,,,28912437e0390d34d050af4b1a730171,,,,,,0,,0,Virmel,208425244128444418,,0,virmel,,,,,,,,,,,,,,,,,1134635975893598278,208425771172102144,1134659215970009219,0,,false,21,,,,,,,,,,,,,,,28912437e0390d34d050af4b1a730171,,,,,,0,,0,Virmel,208425244128444418,,0,virmel,1134635975893598278,,if there's any drinking in cap hill ill join,,,0,1134659215970009219,false,,,false,18,2023-07-29T01:30:38.036000+00:00,false,0,,,,,,,,,,,,,,,,,,,,,,,,,,,,,,,2023-07-29T01:52:57.169000+00:00,false,19,skiup,
1134659306554396822,,,,,,28912437e0390d34d050af4b1a730171,,,,,,,,,,,,,,,,,0,,,,,,0,Virmel,208425244128444418,,,,,,0,virmel,,1134635975893598278,,™️,2023-07-29T01:30:59.633Z,,,0,,,false,,,,,,,,,,,,,,,,,,,,,,,,,,,,,,,,,,,,,,false,19,,,0,false,2,0,2,,™️,true,false,,,,,,,,,,,,,,,,,,,,,,,,,,,,,,,,,,,,,,,,,,,,,,,,,,,,,,,,,,,,,,,2023-07-29T01:30:59.633000+00:00,false,0,virmel,
1134659215970009219,,,,,,28912437e0390d34d050af4b1a730171,,,,,,,,,,,,,,,,,0,,,,,,0,Virmel,208425244128444418,,,,,,0,virmel,,1134635975893598278,,if there's any drinking in cap hill ill join,2023-07-29T01:30:38.036Z,,,0,,,false,,,,,,,,,,,,,,,,,,,,,,,,,,,,,,,,,,,,,,false,18,,,,,,,,,,,,,,,,,,,,,,,,,,,,,,,,,,,,,,,,,,,,,,,,,,,,,,,,,,,,,,,,,,,,,,,,,,2023-07-29T01:30:38.036000+00:00,false,0,virmel,
1134642325105152020,,,,,,ff2d052609f7c33ac7e6fa9d3f660267,,,,,,,,,,,,,,,,,0,,,,,,0,ZackGPT,609191587473391631,,,,,,0,spicyzaddy,,1134635975893598278,,"we pregaming at my place in first hill ~~8:30, gonna make it to vue before 10:30",2023-07-29T00:23:30.940Z,,,0,,,false,,,,,,,,,,,,,,,,,,,,,,,,,,,,,,,,,,,,,,false,17,,,,,,,,,,,,,,,,,,,,,,,,,,,,,,,,,,,,,,,,,,,,,,,,,,,,,,,,,,,,,,,,,,,,,,,,,,2023-07-29T00:23:30.940000+00:00,false,0,spicyzaddy,
1134642282759454792,,,,,,438f329cf77c137086671b969a39d2b1,,,,,,,,,,491296025953173514,,,,,,,0,,,,,,0,yuzka,528096854831792159,,,,491296025953173514,,0,yuzka,,1134635975893598278,,<@160509172704739328>,2023-07-29T00:23:20.844Z,,,0,,,false,,,2f6ca3c05030fc9aab3c3d5ba3ef8d3a,,,,,,0,,0,Jerred,160509172704739328,,0,sjerred,,,,,,,,,,,,,,,,,,,,,,false,16,,,,,,,,,,,,,,,,,,,,,,,,,,,,,,,,,,,,,,,,,,,,,,,,,,,,,,,,,,,,,,,,,,,,,,,,,,2023-07-29T00:23:20.844000+00:00,false,0,yuzka,
1134642239939813406,,,,,,42595d65ea5f89086c8b516f56203bbf,,,,,,,,,,,,,,,,,0,,,,,,0,Justin,189534213391908865,,,,,,0,skiup,,1134635975893598278,,<@138906561895464960> vue,2023-07-29T00:23:10.635Z,,,0,,,false,,,bb395c4e94e69555bb42e5e58f0ec4cf,,,,,,0,,64,lisalisa,138906561895464960,,64,auchie,,,,,,,,,,,,,,,,,,,,,,false,15,,,,,,,,,,,,,,,,,,,,,,,,,,,,,,,,,,,,,,,,,,,,,,,,,,,,,,,,,,,,,,,,,,,,,,,,,,2023-07-29T00:23:10.635000+00:00,false,0,skiup,
1134642109492776980,,,,,,d970d6b2608498a58d5138a98a247e19,,,,,,,,,,,,,,,,,0,,,,,,0,DaVinci Resolve Addict,208404668026454016,,,,,,0,snipzar,,1134635975893598278,,<@189534213391908865> <@609191587473391631> are most likely gonna pregame somewhere,2023-07-29T00:22:39.534Z,,,0,,,false,,,42595d65ea5f89086c8b516f56203bbf,,,,,,0,,0,Justin,189534213391908865,,0,skiup,,ff2d052609f7c33ac7e6fa9d3f660267,,,,,,0,,0,ZackGPT,609191587473391631,,0,spicyzaddy,,,,,,,false,14,,,,,,,,,,,,,,,,,,,,,,,,,,,,,,,,,,,,,,,,,,,,,,,,,,,,,,,,,,,,,,,,,,,,,,,,,,2023-07-29T00:22:39.534000+00:00,false,0,snipzar,
1134642019533344788,,,,,,d970d6b2608498a58d5138a98a247e19,,,,,,,,,,,,,,,,,0,,,,,,0,DaVinci Resolve Addict,208404668026454016,,,,,,0,snipzar,,1134635975893598278,,Free entry before 10:30pm,2023-07-29T00:22:18.086Z,,,0,,,false,,,,,,,,,,,,,,,,,,,,,,,,,,,,,,,,,,,,,,false,13,,,,,,,,,,,,,,,,,,,,,,,,,,,,,,,,,,,,,,,,,,,,,,,,,,,,,,,,,,,,,,,,,,,,,,,,,,2023-07-29T00:22:18.086000+00:00,false,0,snipzar,
1134641617693855754,,,,,,fd5d7882c963b825e1400c338781c32c,,a_8552f9857793aed0cf816f370e2df3be,,1232071712695386162,,,,,,,,,,,,,0,,,,,,0,NekoRyan,200067001035653131,,,,,,0,nekoryan,,1134635975893598278,,What time?,2023-07-29T00:20:42.280Z,,,0,,,false,,,,,,,,,,,,,,,,,,,,,,,,,,,,,,,,,,,,,,false,12,,,,,,,,,,,,,,,,,,,,,,,,,,,,,,,,,,,,,,,,,,,,,,,,,,,,,,,,,,,,,,,,,,,,,,,,,,2023-07-29T00:20:42.280000+00:00,false,0,nekoryan,
1134641492024119317,,,,,,d970d6b2608498a58d5138a98a247e19,,,,,,,,,,,,,,,,,0,,,,,,0,DaVinci Resolve Addict,208404668026454016,,,,,,0,snipzar,,1134635975893598278,,Wanna meet us at Vue?,2023-07-29T00:20:12.318Z,,,0,,,false,,,,,,,,,,,,,,,,,,,,,,,,,,,,,,,,,,,,,,false,11,,,,,,,,,,,,,,,,,,,,,,,,,,,,,,,,,,,,,,,,,,,,,,,,,,,,,,,,,,,,,,,,,,,,,,,,,,2023-07-29T00:20:12.318000+00:00,false,0,snipzar,
1134637477152424096,,,,,,438f329cf77c137086671b969a39d2b1,,,,,,,,,,491296025953173514,,,,,,,0,,,,,,0,yuzka,528096854831792159,,,,491296025953173514,,0,yuzka,,1134635975893598278,,I find it hard to believe that there are more than 2 people that spell that name with 2 Ls and no E,2023-07-29T00:04:15.098Z,,,0,,,false,,,,,,,,,,,,,,,,,,,,,,,,,,,,,,,,,,,,,,false,10,,,,,,,,,,,,,,,,,,,,,,,,,,,,,,,,,,,,,,,,,,,,,,,,,,,,,,,,,,,,,,,,,,,,,,,,,,2023-07-29T00:04:15.098000+00:00,false,0,yuzka,
1134637257664516126,,,,,,fd5d7882c963b825e1400c338781c32c,,a_8552f9857793aed0cf816f370e2df3be,,1232071712695386162,,,,,,,,,,,,,0,,,,,,0,NekoRyan,200067001035653131,,,,,,0,nekoryan,,1134635975893598278,,Yeah,2023-07-29T00:03:22.768Z,,,0,,,false,,,,,,,,,,,,,,,,,,,,,,,,,,,,,,,,,,,,,,false,9,,,,,,,,,,,,,,,,,,,,,,,,,,,,,,,,,,,,,,,,,,,,,,,,,,,,,,,,,,,,,,,,,,,,,,,,,,2023-07-29T00:03:22.768000+00:00,false,0,nekoryan,
1134637234172198912,,,,,,438f329cf77c137086671b969a39d2b1,,,,,,,,,,491296025953173514,,,,,,,0,,,,,,0,yuzka,528096854831792159,,,,491296025953173514,,0,yuzka,,1134635975893598278,,ashllyS?,2023-07-29T00:03:17.167Z,,,0,,,false,,,,,,,,,,,,,,,,,,,,,,,,,,,,,,,,,,,,,,false,8,,,,,,,,,,,,,,,,,,,,,,,,,,,,,,,,,,,,,,,,,,,,,,,,,,,,,,,,,,,,,,,,,,,,,,,,,,2023-07-29T00:03:17.167000+00:00,false,0,yuzka,
1134636461988249650,,,,,,fd5d7882c963b825e1400c338781c32c,,a_8552f9857793aed0cf816f370e2df3be,,1232071712695386162,,,,,,,,,,,,,0,,,,,,0,NekoRyan,200067001035653131,,,,,,0,nekoryan,,1134635975893598278,,They said you should have stayed in Washington and gotten lit,2023-07-29T00:00:13.064Z,,,0,,,false,,,,,,,,,,,,,,,,,,,,,,,,,,,,,,,,,,,,,,false,7,,,,,,,,,,,,,,,,,,,,,,,,,,,,,,,,,,,,,,,,,,,,,,,,,,,,,,,,,,,,,,,,,,,,,,,,,,2023-07-29T00:00:13.064000+00:00,false,0,nekoryan,
1134636379448545372,,,,,,c52e4bdd2e7a2b96437062c91810043d,,a_cb8bbe431a4c3b88c11096ff8b46907a,,1365410896029159607,,,,79dae93b4acc456cc8aaf6ed2accc540,true,1368972275608453170,OVRW,,nameplates/nameplates/cat_beans/,COLLECTIBLES_NAMEPLATES_CAT_BEANS_A11Y,violet,1349849614143979540,0,,5113856,12165795,2,11,0,Windcatcher,331238905619677185,,79dae93b4acc456cc8aaf6ed2accc540,true,1368972275608453170,OVRW,0,windcatcher,,1134635975893598278,,Would’ve gotten lit,2023-07-28T23:59:53.385Z,,,0,,,false,,,,,,,,,,,,,,,,,,,,,,,,,,,,,,,,,,,,,,false,6,,,,,,,,,,,,,,,,,,,,,,,,,,,,,,,,,,,,,,,,,,,,,,,,,,,,,,,,,,,,,,,,,,,,,,,,,,2023-07-28T23:59:53.385000+00:00,false,0,windcatcher,
1134636363979960380,,,,,,c52e4bdd2e7a2b96437062c91810043d,,a_cb8bbe431a4c3b88c11096ff8b46907a,,1365410896029159607,,,,79dae93b4acc456cc8aaf6ed2accc540,true,1368972275608453170,OVRW,,nameplates/nameplates/cat_beans/,COLLECTIBLES_NAMEPLATES_CAT_BEANS_A11Y,violet,1349849614143979540,0,,5113856,12165795,2,11,0,Windcatcher,331238905619677185,,79dae93b4acc456cc8aaf6ed2accc540,true,1368972275608453170,OVRW,0,windcatcher,,1134635975893598278,,You guys should’ve came to Idaho,2023-07-28T23:59:49.697Z,,,0,,,false,,,,,,,,,,,,,,,,,,,,,,,,,,,,,,,,,,,,,,false,5,,,,,,,,,,,,,,,,,,,,,,,,,,,,,,,,,,,,,,,,,,,,,,,,,,,,,,,,,,,,,,,,,,,,,,,,,,2023-07-28T23:59:49.697000+00:00,false,0,windcatcher,
1134636308246057000,,,,,,c52e4bdd2e7a2b96437062c91810043d,,a_cb8bbe431a4c3b88c11096ff8b46907a,,1365410896029159607,,,,79dae93b4acc456cc8aaf6ed2accc540,true,1368972275608453170,OVRW,,nameplates/nameplates/cat_beans/,COLLECTIBLES_NAMEPLATES_CAT_BEANS_A11Y,violet,1349849614143979540,0,,5113856,12165795,2,11,0,Windcatcher,331238905619677185,,79dae93b4acc456cc8aaf6ed2accc540,true,1368972275608453170,OVRW,0,windcatcher,,1134635975893598278,,I miss them also,2023-07-28T23:59:36.409Z,,,0,,,false,,,,,,,,,,,,,,,,,,,,,,,,,,,,,,,,,,,,,,false,4,,,,,,,,,,,,,,,,,,,,,,,,,,,,,,,,,,,,,,,,,,,,,,,,,,,,,,,,,,,,,,,,,,,,,,,,,,2023-07-28T23:59:36.409000+00:00,false,0,windcatcher,
1134636285491957820,,,,,,fd5d7882c963b825e1400c338781c32c,,a_8552f9857793aed0cf816f370e2df3be,,1232071712695386162,,,,,,,,,,,,,0,,,,,,0,NekoRyan,200067001035653131,,,,,,0,nekoryan,,1134635975893598278,,The Ashlly's miss you,2023-07-28T23:59:30.984Z,,,0,,,false,,,,,,,,,,,,,,,,,,,,,,,,,,,,,,,,,,,,,,false,3,,,,,,,,,,,,,,,,,,,,,,,,,,,,,,,,,,,,,,,,,,,,,,,,,,,,,,,,,,,,,,,,,,,,,,,,,,2023-07-28T23:59:30.984000+00:00,false,0,nekoryan,
1134636264759513210,,,,,,fd5d7882c963b825e1400c338781c32c,,a_8552f9857793aed0cf816f370e2df3be,,1232071712695386162,,,,,,,,,,,,,0,,,,,,0,NekoRyan,200067001035653131,,,,,,0,nekoryan,,1134635975893598278,,Yeah again.....,2023-07-28T23:59:26.041Z,,,0,,,false,,,,,,,,,,,,,,,,,,,,,,,,,,,,,,,,,,,,,,false,2,,,,,,,,,,,,,,,,,,,,,,,,,,,,,,,,,,,,,,,,,,,,,,,,,,,,,,,,,,,,,,,,,,,,,,,,,,2023-07-28T23:59:26.041000+00:00,false,0,nekoryan,
1134636215346417814,,,,,,c52e4bdd2e7a2b96437062c91810043d,,a_cb8bbe431a4c3b88c11096ff8b46907a,,1365410896029159607,,,,79dae93b4acc456cc8aaf6ed2accc540,true,1368972275608453170,OVRW,,nameplates/nameplates/cat_beans/,COLLECTIBLES_NAMEPLATES_CAT_BEANS_A11Y,violet,1349849614143979540,0,,5113856,12165795,2,11,0,Windcatcher,331238905619677185,,79dae93b4acc456cc8aaf6ed2accc540,true,1368972275608453170,OVRW,0,windcatcher,,1134635975893598278,,Again?,2023-07-28T23:59:14.260Z,,,0,,,false,,,,,,,,,,,,,,,,,,,,,,,,,,,,,,,,,,,,,,false,1,,,,,,,,,,,,,,,,,,,,,,,,,,,,,,,,,,,,,,,,,,,,,,,,,,,,,,,,,,,,,,,,,,,,,,,,,,2023-07-28T23:59:14.260000+00:00,false,0,windcatcher,
1134635982508007434,,,,,,fd5d7882c963b825e1400c338781c32c,,a_8552f9857793aed0cf816f370e2df3be,,1232071712695386162,,,,,,,,,,,,,0,,,,,,0,NekoRyan,200067001035653131,,,,,,0,nekoryan,,1134635975893598278,,<@&889360299172446252> anyone one wanna go out to bars tonight?,2023-07-28T23:58:18.747Z,,,0,,,false,,,,,,,,,,,,,,,,,,,,,,,,,,,,,,,,,,,,,,false,,,,,,,,,,,,,,,,,,,,,,,,,,,,,,,,,,,,,,,,,,,,,,,,,,,,,,,,,,,,,,,,,,,,,,,,,,,2023-07-28T23:58:18.747000+00:00,false,0,nekoryan,
1134635975893598278,,,,,,fd5d7882c963b825e1400c338781c32c,,a_8552f9857793aed0cf816f370e2df3be,,1232071712695386162,,,,,,,,,,,,,0,,,,,,0,NekoRyan,200067001035653131,,,,,,0,nekoryan,,208425771172102144,,Going out?,2023-07-28T23:58:17.170Z,,,32,,,false,,,,,,,,,,,,,,,,,,,,,,,,,,,,,,,,,1134635975893598278,208425771172102144,,0,,false,,,,,,,,,,,,,,,,,,,,,,,,,,,,,,,,,,,,,,,,,,,,,,,,,,64000,0,208425771172102144,1134635975893598278,1134670800859963534,17,200067001035653131,108659981309468672,126546653665558528,138906561895464960,189534213391908865,27,Going out?,200067001035653131,208425771172102144,0,,2024-02-26T04:54:36.445000+00:00,true,10080,2023-07-28T23:58:17.170000+00:00,false,28,11,0,2023-07-28T23:58:17.170000+00:00,false,18,nekoryan,