id,activity,application,application_id,attachments,author.accent_color,author.avatar,author.avatar_decoration_data,author.avatar_decoration_data.asset,author.avatar_decoration_data.expires_at,author.avatar_decoration_data.sku_id,author.banner,author.banner_color,author.clan,author.collectibles,author.discriminator,author.display_name_styles,author.flags,author.global_name,author.id,author.primary_guild,author.public_flags,author.username,call,channel_id,components,content,date,edited_timestamp,embeds,embeds.0.description,embeds.0.provider.name,embeds.0.thumbnail.content_type,embeds.0.thumbnail.flags,embeds.0.thumbnail.height,embeds.0.thumbnail.proxy_url,embeds.0.thumbnail.url,embeds.0.thumbnail.width,embeds.0.title,embeds.0.type,embeds.0.url,flags,interaction,mention_channels,mention_everyone,mentions,mentions.0.accent_color,mentions.0.avatar,mentions.0.avatar_decoration_data,mentions.0.avatar_decoration_data.asset,mentions.0.avatar_decoration_data.expires_at,mentions.0.avatar_decoration_data.sku_id,mentions.0.banner,mentions.0.banner_color,mentions.0.clan,mentions.0.collectibles,mentions.0.discriminator,mentions.0.display_name_styles,mentions.0.flags,mentions.0.global_name,mentions.0.id,mentions.0.primary_guild,mentions.0.public_flags,mentions.0.username,message_reference,message_reference.channel_id,message_reference.guild_id,message_reference.message_id,message_reference.type,nonce,pinned,position,reactions,reactions.0.burst_colors,reactions.0.burst_count,reactions.0.burst_me,reactions.0.count,reactions.0.count_details.burst,reactions.0.count_details.normal,reactions.0.emoji.id,reactions.0.emoji.name,reactions.0.me,reactions.0.me_burst,referenced_message,referenced_message.attachments,referenced_message.author.accent_color,referenced_message.author.avatar,referenced_message.author.avatar_decoration_data,referenced_message.author.banner,referenced_message.author.banner_color,referenced_message.author.clan,referenced_message.author.collectibles,referenced_message.author.discriminator,referenced_message.author.display_name_styles,referenced_message.author.flags,referenced_message.author.global_name,referenced_message.author.id,referenced_message.author.primary_guild,referenced_message.author.public_flags,referenced_message.author.username,referenced_message.channel_id,referenced_message.components,referenced_message.content,referenced_message.edited_timestamp,referenced_message.embeds,referenced_message.flags,referenced_message.id,referenced_message.mention_everyone,referenced_message.mention_roles,referenced_message.mentions,referenced_message.mentions.0.accent_color,referenced_message.mentions.0.avatar,referenced_message.mentions.0.avatar_decoration_data,referenced_message.mentions.0.banner,referenced_message.mentions.0.banner_color,referenced_message.mentions.0.clan,referenced_message.mentions.0.collectibles,referenced_message.mentions.0.discriminator,referenced_message.mentions.0.display_name_styles,referenced_message.mentions.0.flags,referenced_message.mentions.0.global_name,referenced_message.mentions.0.id,referenced_message.mentions.0.primary_guild,referenced_message.mentions.0.public_flags,referenced_message.mentions.0.username,referenced_message.message_reference.channel_id,referenced_message.message_reference.guild_id,referenced_message.message_reference.message_id,referenced_message.message_reference.type,referenced_message.pinned,referenced_message.position,referenced_message.timestamp,referenced_message.tts,referenced_message.type,resolved,role_subscription_data,sticker_items,stickers,thread,thread.bitrate,thread.flags,thread.guild_id,thread.id,thread.last_message_id,thread.member_count,thread.member_ids_preview.0,thread.member_ids_preview.1,thread.member_ids_preview.2,thread.member_ids_preview.3,thread.message_count,thread.name,thread.owner_id,thread.parent_id,thread.rate_limit_per_user,thread.rtc_region,thread.thread_metadata.archive_timestamp,thread.thread_metadata.archived,thread.thread_metadata.auto_archive_duration,thread.thread_metadata.create_timestamp,thread.thread_metadata.locked,thread.total_message_sent,thread.type,thread.user_limit,timestamp,tts,type,userName,webhook_id
1180217520381243432,,,,,,2f6ca3c05030fc9aab3c3d5ba3ef8d3a,,,,,,,,,0,,0,Jerred,160509172704739328,,0,sjerred,,1178763559639973902,,what's up guys,2023-12-01T18:43:04.240Z,,,,,,,,,,,,,,0,,,false,,,,,,,,,,,,,,,,,,,,,,,,,,false,25,,,,,,,,,,,,,,,,,,,,,,,,,,,,,,,,,,,,,,,,,,,,,,,,,,,,,,,,,,,,,,,,,,,,,,,,,,,,,,,,,,,,,,,,,,,,2023-12-01T18:43:04.240000+00:00,false,0,sjerred,
1180211034406015039,,,,,,73956ea2a04264c919274ee7456d8e56,,,,,,,,,0,,0,som,327908907714478080,,0,nathansom,,1178763559639973902,,I blame jerred,2023-12-01T18:17:17.863Z,,,,,,,,,,,,,,0,,,false,,,,,,,,,,,,,,,,,,,,,,,,,,false,24,,,0,false,1,0,1,,👍,true,false,,,,,,,,,,,,,,,,,,,,,,,,,,,,,,,,,,,,,,,,,,,,,,,,,,,,,,,,,,,,,,,,,,,,,,,,,,,,,,,,,2023-12-01T18:17:17.863000+00:00,false,0,nathansom,
1180208851174297682,,,,,,4332e1b0406caf9c2131c873dfcb53a5,,a_89cd445201a0c6c64d46876503d0e90e,1777013999,1226939756617793606,,,,,0,,0,irfan,410595870380392458,,0,wishingenie,,1178763559639973902,,RIP bali trip,2023-12-01T18:08:37.340Z,,,,,,,,,,,,,,0,,,false,,,,,,,,,,,,,,,,,,,,,,,,,,false,23,,,,,,,,,,,,,,,,,,,,,,,,,,,,,,,,,,,,,,,,,,,,,,,,,,,,,,,,,,,,,,,,,,,,,,,,,,,,,,,,,,,,,,,,,,,,2023-12-01T18:08:37.340000+00:00,false,0,wishingenie,
1178785670953713745,,,,,,d970d6b2608498a58d5138a98a247e19,,,,,,,,,0,,0,DaVinci Resolve Addict,208404668026454016,,0,snipzar,,1178763559639973902,,Out in ..... ______ _____,2023-11-27T19:53:24.734Z,,,,,,,,,,,,,,0,,,false,,,,,,,,,,,,,,,,,,,,,,,,,,false,22,,,0,false,1,0,1,,🔥,false,false,,,,,,,,,,,,,,,,,,,,,,,,,,,,,,,,,,,,,,,,,,,,,,,,,,,,,,,,,,,,,,,,,,,,,,,,,,,,,,,,,2023-11-27T19:53:24.734000+00:00,false,0,snipzar,
1178785627395854417,,,,,,d970d6b2608498a58d5138a98a247e19,,,,,,,,,0,,0,DaVinci Resolve Addict,208404668026454016,,0,snipzar,,1178763559639973902,,There's nothing we can't do,2023-11-27T19:53:14.349Z,,,,,,,,,,,,,,0,,,false,,,,,,,,,,,,,,,,,,,,,,,,,,false,21,,,,,,,,,,,,,,,,,,,,,,,,,,,,,,,,,,,,,,,,,,,,,,,,,,,,,,,,,,,,,,,,,,,,,,,,,,,,,,,,,,,,,,,,,,,,2023-11-27T19:53:14.349000+00:00,false,0,snipzar,
1178785609037381852,,,,,,d970d6b2608498a58d5138a98a247e19,,,,,,,,,0,,0,DaVinci Resolve Addict,208404668026454016,,0,snipzar,,1178763559639973902,,Concrete jungle where dreams are made of,2023-11-27T19:53:09.972Z,,,,,,,,,,,,,,0,,,false,,,,,,,,,,,,,,,,,,,,,,,,,,false,20,,,,,,,,,,,,,,,,,,,,,,,,,,,,,,,,,,,,,,,,,,,,,,,,,,,,,,,,,,,,,,,,,,,,,,,,,,,,,,,,,,,,,,,,,,,,2023-11-27T19:53:09.972000+00:00,false,0,snipzar,
1178785571414487052,,,,,,d970d6b2608498a58d5138a98a247e19,,,,,,,,,0,,0,DaVinci Resolve Addict,208404668026454016,,0,snipzar,,1178763559639973902,,New yoooooork,2023-11-27T19:53:01.002Z,,,,,,,,,,,,,,0,,,false,,,,,,,,,,,,,,,,,,,,,,,,,,false,19,,,,,,,,,,,,,,,,,,,,,,,,,,,,,,,,,,,,,,,,,,,,,,,,,,,,,,,,,,,,,,,,,,,,,,,,,,,,,,,,,,,,,,,,,,,,2023-11-27T19:53:01.002000+00:00,false,0,snipzar,
1178774217391620166,,,,,,4332e1b0406caf9c2131c873dfcb53a5,,a_89cd445201a0c6c64d46876503d0e90e,1777013999,1226939756617793606,,,,,0,,0,irfan,410595870380392458,,0,wishingenie,,1178763559639973902,,oh perfect i have a companion pass i need to burn,2023-11-27T19:07:53.992Z,,,,,,,,,,,,,,0,,,false,,,,,,,,,,,,,,,,,,,,,,,,,,false,18,,,,,,,,,,,,,,,,,,,,,,,,,,,,,,,,,,,,,,,,,,,,,,,,,,,,,,,,,,,,,,,,,,,,,,,,,,,,,,,,,,,,,,,,,,,,2023-11-27T19:07:53.992000+00:00,false,0,wishingenie,
1178774118875807935,,,,,,2f6ca3c05030fc9aab3c3d5ba3ef8d3a,,,,,,,,,0,,0,Jerred,160509172704739328,,0,sjerred,,1178763559639973902,,yeah ik. I'd be down for a trip next year,2023-11-27T19:07:30.504Z,,,,,,,,,,,,,,0,,,false,,,,,,,,,,,,,,,,,,,,,,,,,,false,17,,,,,,,,,,,,,,,,,,,,,,,,,,,,,,,,,,,,,,,,,,,,,,,,,,,,,,,,,,,,,,,,,,,,,,,,,,,,,,,,,,,,,,,,,,,,2023-11-27T19:07:30.504000+00:00,false,0,sjerred,
1178773981365547090,,,,,,42595d65ea5f89086c8b516f56203bbf,,,,,,,,,0,,0,Justin,189534213391908865,,0,skiup,,1178763559639973902,,oh new york we wouldn’t have to decide today,2023-11-27T19:06:57.719Z,,,,,,,,,,,,,,0,,,false,,,2f6ca3c05030fc9aab3c3d5ba3ef8d3a,,,,,,,,,0,,0,Jerred,160509172704739328,,0,sjerred,,1178763559639973902,208425771172102144,1178773871428632628,0,,false,16,,,,,,,,,,,,,,,2f6ca3c05030fc9aab3c3d5ba3ef8d3a,,,,,,0,,0,Jerred,160509172704739328,,0,sjerred,1178763559639973902,,maybe? but I would want more time to plan things than one day lol,,,0,1178773871428632628,false,,,,42595d65ea5f89086c8b516f56203bbf,,,,,,0,,0,Justin,189534213391908865,,0,skiup,1178763559639973902,208425771172102144,1178770550974337144,0,false,14,2023-11-27T19:06:31.508000+00:00,false,19,,,,,,,,,,,,,,,,,,,,,,,,,,,,,,2023-11-27T19:06:57.719000+00:00,false,19,skiup,
1178773941003767828,,,,,,4332e1b0406caf9c2131c873dfcb53a5,,a_89cd445201a0c6c64d46876503d0e90e,1777013999,1226939756617793606,,,,,0,,0,irfan,410595870380392458,,0,wishingenie,,1178763559639973902,,i don't think this deal is for ny right?,2023-11-27T19:06:48.096Z,,,,,,,,,,,,,,0,,,false,,,,,,,,,,,,,,,,,,,,,,,,,,false,15,,,,,,,,,,,,,,,,,,,,,,,,,,,,,,,,,,,,,,,,,,,,,,,,,,,,,,,,,,,,,,,,,,,,,,,,,,,,,,,,,,,,,,,,,,,,2023-11-27T19:06:48.096000+00:00,false,0,wishingenie,
1178773871428632628,,,,,,2f6ca3c05030fc9aab3c3d5ba3ef8d3a,,,,,,,,,0,,0,Jerred,160509172704739328,,0,sjerred,,1178763559639973902,,maybe? but I would want more time to plan things than one day lol,2023-11-27T19:06:31.508Z,,,,,,,,,,,,,,0,,,false,,,42595d65ea5f89086c8b516f56203bbf,,,,,,,,,0,,0,Justin,189534213391908865,,0,skiup,,1178763559639973902,208425771172102144,1178770550974337144,0,,false,14,,,,,,,,,,,,,,,42595d65ea5f89086c8b516f56203bbf,,,,,,0,,0,Justin,189534213391908865,,0,skiup,1178763559639973902,,what about new york on the same exact days,,,0,1178770550974337144,false,,,,2f6ca3c05030fc9aab3c3d5ba3ef8d3a,,,,,,0,,0,Jerred,160509172704739328,,0,sjerred,1178763559639973902,208425771172102144,1178769179172667392,0,false,12,2023-11-27T18:53:19.850000+00:00,false,19,,,,,,,,,,,,,,,,,,,,,,,,,,,,,,2023-11-27T19:06:31.508000+00:00,false,19,sjerred,
1178771938622050355,,,,,,73956ea2a04264c919274ee7456d8e56,,,,,,,,,0,,0,som,327908907714478080,,0,nathansom,,1178763559639973902,,Sure,2023-11-27T18:58:50.691Z,,,,,,,,,,,,,,0,,,false,,,,,,,,,,,,,,,,,,,,,,,,,,false,13,,,,,,,,,,,,,,,,,,,,,,,,,,,,,,,,,,,,,,,,,,,,,,,,,,,,,,,,,,,,,,,,,,,,,,,,,,,,,,,,,,,,,,,,,,,,2023-11-27T18:58:50.691000+00:00,false,0,nathansom,
1178770550974337144,,,,,,42595d65ea5f89086c8b516f56203bbf,,,,,,,,,0,,0,Justin,189534213391908865,,0,skiup,,1178763559639973902,,what about new york on the same exact days,2023-11-27T18:53:19.850Z,,,,,,,,,,,,,,0,,,false,,,2f6ca3c05030fc9aab3c3d5ba3ef8d3a,,,,,,,,,0,,0,Jerred,160509172704739328,,0,sjerred,,1178763559639973902,208425771172102144,1178769179172667392,0,,false,12,,,,,,,,,,,,,,,2f6ca3c05030fc9aab3c3d5ba3ef8d3a,,,,,,0,,0,Jerred,160509172704739328,,0,sjerred,1178763559639973902,,probably a no for me,,,0,1178769179172667392,false,,,,,,,,,,,,,,,,,,,,,,false,11,2023-11-27T18:47:52.787000+00:00,false,0,,,,,,,,,,,,,,,,,,,,,,,,,,,,,,2023-11-27T18:53:19.850000+00:00,false,19,skiup,
1178769179172667392,,,,,,2f6ca3c05030fc9aab3c3d5ba3ef8d3a,,,,,,,,,0,,0,Jerred,160509172704739328,,0,sjerred,,1178763559639973902,,probably a no for me,2023-11-27T18:47:52.787Z,,,,,,,,,,,,,,0,,,false,,,,,,,,,,,,,,,,,,,,,,,,,,false,11,,,0,false,2,0,2,692565276524412978,missing,false,false,,,,,,,,,,,,,,,,,,,,,,,,,,,,,,,,,,,,,,,,,,,,,,,,,,,,,,,,,,,,,,,,,,,,,,,,,,,,,,,,,2023-11-27T18:47:52.787000+00:00,false,0,sjerred,
1178768404652495020,,,,,,4332e1b0406caf9c2131c873dfcb53a5,,a_89cd445201a0c6c64d46876503d0e90e,1777013999,1226939756617793606,,,,,0,,0,irfan,410595870380392458,,0,wishingenie,,1178763559639973902,,i wonder if i need a visa for thailand. i don't think i do for singapore,2023-11-27T18:44:48.127Z,,,,,,,,,,,,,,0,,,false,,,,,,,,,,,,,,,,,,,,,,,,,,false,10,,,,,,,,,,,,,,,,,,,,,,,,,,,,,,,,,,,,,,,,,,,,,,,,,,,,,,,,,,,,,,,,,,,,,,,,,,,,,,,,,,,,,,,,,,,,2023-11-27T18:44:48.127000+00:00,false,0,wishingenie,
1178768257965097030,,,,,,42595d65ea5f89086c8b516f56203bbf,,,,,,,,,0,,0,Justin,189534213391908865,,0,skiup,,1178763559639973902,,bali -> singapore -> thailand?,2023-11-27T18:44:13.154Z,,,,,,,,,,,,,,0,,,false,,,,,,,,,,,,,,,,,,,,,,,,,,false,9,,,,,,,,,,,,,,,,,,,,,,,,,,,,,,,,,,,,,,,,,,,,,,,,,,,,,,,,,,,,,,,,,,,,,,,,,,,,,,,,,,,,,,,,,,,,2023-11-27T18:44:13.154000+00:00,false,0,skiup,
1178767866355515552,,,,,,42595d65ea5f89086c8b516f56203bbf,,,,,,,,,0,,0,Justin,189534213391908865,,0,skiup,,1178763559639973902,,<@186665676134547461>,2023-11-27T18:42:39.787Z,,,,,,,,,,,,,,0,,,false,,,24f4375b862cff2cddeba1c2c28ae90f,,a_be6c77adcaa4aa3ed641f6c78de0dbb8,,1432427447093039205,,,,,0,,0,Gex,186665676134547461,,0,gexisangry,,,,,,,false,8,,,,,,,,,,,,,,,,,,,,,,,,,,,,,,,,,,,,,,,,,,,,,,,,,,,,,,,,,,,,,,,,,,,,,,,,,,,,,,,,,,,,,,,,,,,,2023-11-27T18:42:39.787000+00:00,false,0,skiup,
1178767645949034506,,,,,,42595d65ea5f89086c8b516f56203bbf,,,,,,,,,0,,0,Justin,189534213391908865,,0,skiup,,1178763559639973902,,<@327908907714478080>,2023-11-27T18:41:47.238Z,,,,,,,,,,,,,,0,,,false,,,73956ea2a04264c919274ee7456d8e56,,,,,,,,,0,,0,som,327908907714478080,,0,nathansom,,,,,,,false,7,,,,,,,,,,,,,,,,,,,,,,,,,,,,,,,,,,,,,,,,,,,,,,,,,,,,,,,,,,,,,,,,,,,,,,,,,,,,,,,,,,,,,,,,,,,,2023-11-27T18:41:47.238000+00:00,false,0,skiup,
1178767506429706260,,,,,,42595d65ea5f89086c8b516f56203bbf,,,,,,,,,0,,0,Justin,189534213391908865,,0,skiup,,1178763559639973902,,<@202595851678384137>,2023-11-27T18:41:13.974Z,,,,,,,,,,,,,,0,,,false,,,a48241fa1af665d5133ddb54cf71f225,,,,,,,,,0,,0,blohsh,202595851678384137,,0,billibillie.,,,,,,,false,6,,,,,,,,,,,,,,,,,,,,,,,,,,,,,,,,,,,,,,,,,,,,,,,,,,,,,,,,,,,,,,,,,,,,,,,,,,,,,,,,,,,,,,,,,,,,2023-11-27T18:41:13.974000+00:00,false,0,skiup,
1178767267400519710,,,,,,28912437e0390d34d050af4b1a730171,,,,,,,,,0,,0,Virmel,208425244128444418,,0,virmel,,1178763559639973902,,<@160509172704739328>,2023-11-27T18:40:16.985Z,,,,,,,,,,,,,,0,,,false,,,2f6ca3c05030fc9aab3c3d5ba3ef8d3a,,,,,,,,,0,,0,Jerred,160509172704739328,,0,sjerred,,,,,,,false,5,,,,,,,,,,,,,,,,,,,,,,,,,,,,,,,,,,,,,,,,,,,,,,,,,,,,,,,,,,,,,,,,,,,,,,,,,,,,,,,,,,,,,,,,,,,,2023-11-27T18:40:16.985000+00:00,false,0,virmel,
1178767092992974880,,,,,,4332e1b0406caf9c2131c873dfcb53a5,,a_89cd445201a0c6c64d46876503d0e90e,1777013999,1226939756617793606,,,,,0,,0,irfan,410595870380392458,,0,wishingenie,,1178763559639973902,,probably i think the other months are the rainy season in indonesia,2023-11-27T18:39:35.403Z,,,,,,,,,,,,,,0,,,false,,,,,,,,,,,,,,,,,,,,,,,,,,false,4,,,,,,,,,,,,,,,,,,,,,,,,,,,,,,,,,,,,,,,,,,,,,,,,,,,,,,,,,,,,,,,,,,,,,,,,,,,,,,,,,,,,,,,,,,,,2023-11-27T18:39:35.403000+00:00,false,0,wishingenie,
1178766920179261561,,,,,,42595d65ea5f89086c8b516f56203bbf,,,,,,,,,0,,0,Justin,189534213391908865,,0,skiup,,1178763559639973902,,it says best time to go is april-october is this true?,2023-11-27T18:38:54.201Z,,,,,,,,,,,,,,0,,,false,,,,,,,,,,,,,,,,,,,,,,,,,,false,3,,,,,,,,,,,,,,,,,,,,,,,,,,,,,,,,,,,,,,,,,,,,,,,,,,,,,,,,,,,,,,,,,,,,,,,,,,,,,,,,,,,,,,,,,,,,2023-11-27T18:38:54.201000+00:00,false,0,skiup,
1178765697581596673,,,,,,4332e1b0406caf9c2131c873dfcb53a5,,a_89cd445201a0c6c64d46876503d0e90e,1777013999,1226939756617793606,,,,,0,,0,irfan,410595870380392458,,0,wishingenie,,1178763559639973902,,lets go to bali?,2023-11-27T18:34:02.711Z,,,,,,,,,,,,,,0,,,false,,,,,,,,,,,,,,,,,,,,,,,,,,false,2,,,,,,,,,,,,,,,,,,,,,,,,,,,,,,,,,,,,,,,,,,,,,,,,,,,,,,,,,,,,,,,,,,,,,,,,,,,,,,,,,,,,,,,,,,,,2023-11-27T18:34:02.711000+00:00,false,0,wishingenie,
1178763790381232248,,,,,,42595d65ea5f89086c8b516f56203bbf,,,,,,,,,0,,0,Justin,189534213391908865,,0,skiup,,1178763559639973902,,"So singapore airlines is having basically half off plane ticket deals for manchester, frankfurt, bali, thailand, and vietnam. Downside is we gotta decide and book by tomorrow",2023-11-27T18:26:27.999Z,2023-11-27T18:26:35.841000+00:00,,,,,,,,,,,,,0,,,false,,,,,,,,,,,,,,,,,,,,,,,,,,false,1,,,,,,,,,,,,,,,,,,,,,,,,,,,,,,,,,,,,,,,,,,,,,,,,,,,,,,,,,,,,,,,,,,,,,,,,,,,,,,,,,,,,,,,,,,,,2023-11-27T18:26:27.999000+00:00,false,0,skiup,
1178763562877988997,,,,,,42595d65ea5f89086c8b516f56203bbf,,,,,,,,,0,,0,Justin,189534213391908865,,0,skiup,,1178763559639973902,,https://slickdeals.net/share/iphone_app/fp/894469,2023-11-27T18:25:33.758Z,,,"Singapore Airlines offers RT Airfares from LAX, SFO, Seattle, NY & Houston to Asia & Europe Destinations for prices starting from $597. Book travel by November 28, 2023.Note: All classes o ...",Slickdeals,image/png,0,183,https://images-ext-1.discordapp.net/external/OBfr1jlJtTg_7yZmkooqZch1ji3UILMgNUh-o4kBm_E/https/static.slickdealscdn.com/attachment/1/7/8/1/9/14595127.attach,https://static.slickdealscdn.com/attachment/1/7/8/1/9/14595127.attach,275,"Singapore Airlines RT Airfares from LAX, SFO, Seattle, NY & Houston...",link,https://slickdeals.net/share/iphone_app/fp/894469,0,,,false,,,,,,,,,,,,,,,,,,,,,,,,,,false,,,,,,,,,,,,,,,,,,,,,,,,,,,,,,,,,,,,,,,,,,,,,,,,,,,,,,,,,,,,,,,,,,,,,,,,,,,,,,,,,,,,,,,,,,,,,2023-11-27T18:25:33.758000+00:00,false,0,skiup,
1178763559639973902,,,,,,42595d65ea5f89086c8b516f56203bbf,,,,,,,,,0,,0,Justin,189534213391908865,,0,skiup,,208425771172102144,,International Travel (URGENT),2023-11-27T18:25:32.986Z,,,,,,,,,,,,,,32,,,false,,,,,,,,,,,,,,,,,,,,,1178763559639973902,208425771172102144,,0,,false,,,,,,,,,,,,,,,,,,,,,,,,,,,,,,,,,,,,,,,,,,,,,,,,,,,,,,,,,,,,,,,,,,,,,64000,0,208425771172102144,1178763559639973902,1180217520381243432,4,208425244128444418,189534213391908865,327908907714478080,186665676134547461,26,International Travel (URGENT),189534213391908865,208425771172102144,0,,2023-12-04T21:29:02.628000+00:00,true,4320,2023-11-27T18:25:32.986000+00:00,false,26,11,0,2023-11-27T18:25:32.986000+00:00,false,18,skiup,