id,activity,application,application_id,attachments,author.accent_color,author.avatar,author.avatar_decoration_data,author.banner,author.banner_color,author.clan,author.collectibles,author.discriminator,author.display_name_styles,author.flags,author.global_name,author.id,author.primary_guild,author.public_flags,author.username,call,channel_id,components,content,date,edited_timestamp,embeds,flags,interaction,mention_channels,mention_everyone,mentions,mentions.0.accent_color,mentions.0.avatar,mentions.0.avatar_decoration_data,mentions.0.banner,mentions.0.banner_color,mentions.0.clan,mentions.0.collectibles,mentions.0.discriminator,mentions.0.display_name_styles,mentions.0.flags,mentions.0.global_name,mentions.0.id,mentions.0.primary_guild,mentions.0.public_flags,mentions.0.username,mentions.1.accent_color,mentions.1.avatar,mentions.1.avatar_decoration_data,mentions.1.banner,mentions.1.banner_color,mentions.1.clan,mentions.1.collectibles,mentions.1.discriminator,mentions.1.display_name_styles,mentions.1.flags,mentions.1.global_name,mentions.1.id,mentions.1.primary_guild,mentions.1.public_flags,mentions.1.username,message_reference,message_reference.channel_id,message_reference.guild_id,message_reference.type,nonce,pinned,position,reactions,referenced_message,resolved,role_subscription_data,sticker_items,stickers,thread,thread.bitrate,thread.flags,thread.guild_id,thread.id,thread.last_message_id,thread.member_count,thread.member_ids_preview.0,thread.member_ids_preview.1,thread.message_count,thread.name,thread.owner_id,thread.parent_id,thread.rate_limit_per_user,thread.rtc_region,thread.thread_metadata.archive_timestamp,thread.thread_metadata.archived,thread.thread_metadata.auto_archive_duration,thread.thread_metadata.create_timestamp,thread.thread_metadata.locked,thread.total_message_sent,thread.type,thread.user_limit,timestamp,tts,type,userName,webhook_id
1037444042658676879,,,,,,d970d6b2608498a58d5138a98a247e19,,,,,,0,,0,DaVinci Resolve Addict,208404668026454016,,0,snipzar,,1037443668317057095,,It's good weather as well for Saturday,2022-11-02T19:12:14.548Z,,,0,,,false,,,,,,,,,,,,,,,,,,,,,,,,,,,,,,,,,,,,,false,2,,,,,,,,,,,,,,,,,,,,,,,,,,,,,,2022-11-02T19:12:14.548000+00:00,false,0,snipzar,
1037444001839722516,,,,,,d970d6b2608498a58d5138a98a247e19,,,,,,0,,0,DaVinci Resolve Addict,208404668026454016,,0,snipzar,,1037443668317057095,,"Itinerary: 1:00pm - 3:00pm - Exploring the Graffiti Pit and the ruins in the area
3:00pm - Chambers Bay Park, flying kites, longboarding and day drinking?
After Dark: Headed to 6th ave to go bar hopping",2022-11-02T19:12:04.816Z,,,0,,,false,,,,,,,,,,,,,,,,,,,,,,,,,,,,,,,,,,,,,false,1,,,,,,,,,,,,,,,,,,,,,,,,,,,,,,2022-11-02T19:12:04.816000+00:00,false,0,snipzar,
1037443671521497088,,,,,,d970d6b2608498a58d5138a98a247e19,,,,,,0,,0,DaVinci Resolve Addict,208404668026454016,,0,snipzar,,1037443668317057095,,"Hey, ya'll. Just wanted to open an invite for people to come see <@263577791105073152> <@208425244128444418> and I's hometown of Lakewood!",2022-11-02T19:10:46.062Z,,,0,,,false,,,e7b2142c8e29f794f4d81eb360d57221,,,,,,0,,0,Streameast Bartender,263577791105073152,,0,dannydelito.,,28912437e0390d34d050af4b1a730171,,,,,,0,,0,Virmel,208425244128444418,,0,virmel,,,,,,false,,,,,,,,,,,,,,,,,,,,,,,,,,,,,,,2022-11-02T19:10:46.062000+00:00,false,0,snipzar,
1037443668317057095,,,,,,d970d6b2608498a58d5138a98a247e19,,,,,,0,,0,DaVinci Resolve Addict,208404668026454016,,0,snipzar,,208425771172102144,,Lakewood Trip - Abandoned Water Mill - Saturday,2022-11-02T19:10:45.298Z,,,32,,,false,,,,,,,,,,,,,,,,,,,,,,,,,,,,,,,,,1037443668317057095,208425771172102144,0,,false,,,,,,,,,64000,0,208425771172102144,1037443668317057095,1037444042658676879,2,208425244128444418,263577791105073152,3,Lakewood Trip - Abandoned Water Mill - Saturday,208404668026454016,208425771172102144,0,,2022-11-09T19:16:59.117000+00:00,true,1440,2022-11-02T19:10:45.298000+00:00,false,3,11,0,2022-11-02T19:10:45.298000+00:00,false,18,snipzar,