id,activity,application,application_id,attachments,author.accent_color,author.avatar,author.avatar_decoration_data,author.banner,author.banner_color,author.clan,author.collectibles,author.discriminator,author.display_name_styles,author.flags,author.global_name,author.id,author.primary_guild,author.public_flags,author.username,call,channel_id,components,content,date,edited_timestamp,embeds,flags,interaction,mention_channels,mention_everyone,mentions,message_reference,message_reference.channel_id,message_reference.guild_id,message_reference.type,nonce,pinned,position,reactions,referenced_message,resolved,role_subscription_data,sticker_items,stickers,thread,thread.bitrate,thread.flags,thread.guild_id,thread.id,thread.last_message_id,thread.member_count,thread.member_ids_preview.0,thread.member_ids_preview.1,thread.member_ids_preview.2,thread.member_ids_preview.3,thread.member_ids_preview.4,thread.message_count,thread.name,thread.owner_id,thread.parent_id,thread.rate_limit_per_user,thread.rtc_region,thread.thread_metadata.archive_timestamp,thread.thread_metadata.archived,thread.thread_metadata.auto_archive_duration,thread.thread_metadata.create_timestamp,thread.thread_metadata.locked,thread.total_message_sent,thread.type,thread.user_limit,timestamp,tts,type,userName,webhook_id
1075534806034694164,,,,,,28912437e0390d34d050af4b1a730171,,,,,,0,,0,Virmel,208425244128444418,,0,virmel,,1075532975187443783,,huh,2023-02-15T21:51:20.229Z,,,0,,,false,,,,,,,false,7,,,,,,,,,,,,,,,,,,,,,,,,,,,,,,,,,2023-02-15T21:51:20.229000+00:00,false,0,virmel,
1075534778868174848,,,,,,42595d65ea5f89086c8b516f56203bbf,,,,,,0,,0,Justin,189534213391908865,,0,skiup,,1075532975187443783,,i would go but imma probably be broke by then,2023-02-15T21:51:13.752Z,,,0,,,false,,,,,,,false,6,,,,,,,,,,,,,,,,,,,,,,,,,,,,,,,,,2023-02-15T21:51:13.752000+00:00,false,0,skiup,
1075534670822912040,,,,,,28912437e0390d34d050af4b1a730171,,,,,,0,,0,Virmel,208425244128444418,,0,virmel,,1075532975187443783,,wtf i did not know it was on a Tuesday,2023-02-15T21:50:47.992Z,,,0,,,false,,,,,,,false,5,,,,,,,,,,,,,,,,,,,,,,,,,,,,,,,,,2023-02-15T21:50:47.992000+00:00,false,0,virmel,
1075534531232276601,,,,,,28912437e0390d34d050af4b1a730171,,,,,,0,,0,Virmel,208425244128444418,,0,virmel,,1075532975187443783,,I think I'd be down for this,2023-02-15T21:50:14.711Z,,,0,,,false,,,,,,,false,4,,,,,,,,,,,,,,,,,,,,,,,,,,,,,,,,,2023-02-15T21:50:14.711000+00:00,false,0,virmel,
1075533471251972227,,,,,,1274d994c1f609bd51ed70360105eff0,,,,,,0,,0,Yarbles,213040622251147264,,0,.yarbles,,1075532975187443783,,👀,2023-02-15T21:46:01.992Z,,,0,,,false,,,,,,,false,3,,,,,,,,,,,,,,,,,,,,,,,,,,,,,,,,,2023-02-15T21:46:01.992000+00:00,false,0,.yarbles,
1075533282634108968,,,,,,28912437e0390d34d050af4b1a730171,,,,,,0,,0,Virmel,208425244128444418,,0,virmel,,1075532975187443783,,omfg,2023-02-15T21:45:17.022Z,,,0,,,false,,,,,,,false,2,,,,,,,,,,,,,,,,,,,,,,,,,,,,,,,,,2023-02-15T21:45:17.022000+00:00,false,0,virmel,
1075533119760891914,,,,,,8770eb821819855269d55dc90cde4a5b,,,,,,0,,0,Bussley,175488352949108736,,0,bussley,,1075532975187443783,,<@&670858735157248014>,2023-02-15T21:44:38.190Z,,,0,,,false,,,,,,,false,1,,,,,,,,,,,,,,,,,,,,,,,,,,,,,,,,,2023-02-15T21:44:38.190000+00:00,false,0,bussley,
1075532977834049556,,,,,,8770eb821819855269d55dc90cde4a5b,,,,,,0,,0,Bussley,175488352949108736,,0,bussley,,1075532975187443783,,Since we are making all these plans of travel in the future I got one a year from now. Let's hit up new Orleans for some Mardi Gras Parade. This year is already about to happen so it seems a bit to late,2023-02-15T21:44:04.352Z,,,0,,,false,,,,,,,false,,,,,,,,,,,,,,,,,,,,,,,,,,,,,,,,,,2023-02-15T21:44:04.352000+00:00,false,0,bussley,
1075532975187443783,,,,,,8770eb821819855269d55dc90cde4a5b,,,,,,0,,0,Bussley,175488352949108736,,0,bussley,,208425771172102144,,Mardi Gras 2024,2023-02-15T21:44:03.721Z,,,32,,,false,,,1075532975187443783,208425771172102144,0,,false,,,,,,,,,64000,0,208425771172102144,1075532975187443783,1075534806034694164,32,208425244128444418,108659981309468672,126546653665558528,464552548179640331,120262257765646339,8,Mardi Gras 2024,175488352949108736,208425771172102144,0,,2023-03-04T20:54:54.414000+00:00,true,1440,2023-02-15T21:44:03.721000+00:00,false,8,11,0,2023-02-15T21:44:03.721000+00:00,false,18,bussley,