id,activity,application,application_id,attachments,author.accent_color,author.avatar,author.avatar_decoration_data,author.avatar_decoration_data.asset,author.avatar_decoration_data.expires_at,author.avatar_decoration_data.sku_id,author.banner,author.banner_color,author.clan,author.clan.badge,author.clan.identity_enabled,author.clan.identity_guild_id,author.clan.tag,author.collectibles,author.discriminator,author.display_name_styles,author.flags,author.global_name,author.id,author.primary_guild,author.primary_guild.badge,author.primary_guild.identity_enabled,author.primary_guild.identity_guild_id,author.primary_guild.tag,author.public_flags,author.username,call,channel_id,components,content,date,edited_timestamp,embeds,flags,interaction,mention_channels,mention_everyone,mentions,mentions.0.accent_color,mentions.0.avatar,mentions.0.avatar_decoration_data,mentions.0.banner,mentions.0.banner_color,mentions.0.clan,mentions.0.collectibles,mentions.0.discriminator,mentions.0.display_name_styles,mentions.0.flags,mentions.0.global_name,mentions.0.id,mentions.0.primary_guild,mentions.0.public_flags,mentions.0.username,message_reference,message_reference.channel_id,message_reference.guild_id,message_reference.type,nonce,pinned,position,reactions,referenced_message,resolved,role_subscription_data,sticker_items,stickers,thread,thread.bitrate,thread.flags,thread.guild_id,thread.id,thread.last_message_id,thread.member_count,thread.member_ids_preview.0,thread.member_ids_preview.1,thread.member_ids_preview.2,thread.message_count,thread.name,thread.owner_id,thread.parent_id,thread.rate_limit_per_user,thread.rtc_region,thread.thread_metadata.archive_timestamp,thread.thread_metadata.archived,thread.thread_metadata.auto_archive_duration,thread.thread_metadata.create_timestamp,thread.thread_metadata.locked,thread.total_message_sent,thread.type,thread.user_limit,timestamp,tts,type,userName,webhook_id
1055608851556208720,,,,,,e7b2142c8e29f794f4d81eb360d57221,,,,,,,,,,,,,0,,0,Streameast Bartender,263577791105073152,,,,,,0,dannydelito.,,1054506976471699487,,https://www.instagram.com/p/Clt2XwfP6wl/?igshid=YmMyMTA2M2Y=,2022-12-22T22:12:42.475Z,,,0,,,false,,,,,,,,,,,,,,,,,,,,,,false,7,,,,,,,,,,,,,,,,,,,,,,,,,,,,,,,2022-12-22T22:12:42.475000+00:00,false,0,dannydelito.,
1054951093253193788,,,,,,28912437e0390d34d050af4b1a730171,,,,,,,,,,,,,0,,0,Virmel,208425244128444418,,,,,,0,virmel,,1054506976471699487,,??????????????????????????????,2022-12-21T02:39:00.675Z,,,0,,,false,,,,,,,,,,,,,,,,,,,,,,false,6,,,,,,,,,,,,,,,,,,,,,,,,,,,,,,,2022-12-21T02:39:00.675000+00:00,false,0,virmel,
1054948846112878622,,,,,,438f329cf77c137086671b969a39d2b1,,,,,,,,,,491296025953173514,,,0,,0,yuzka,528096854831792159,,,,491296025953173514,,0,yuzka,,1054506976471699487,,<@208425244128444418> can you give Danny the milkman role?,2022-12-21T02:30:04.915Z,,,0,,,false,,,28912437e0390d34d050af4b1a730171,,,,,,0,,0,Virmel,208425244128444418,,0,virmel,,,,,,false,5,,,,,,,,,,,,,,,,,,,,,,,,,,,,,,,2022-12-21T02:30:04.915000+00:00,false,0,yuzka,
1054946218020712488,,,,,,24f4375b862cff2cddeba1c2c28ae90f,,a_be6c77adcaa4aa3ed641f6c78de0dbb8,,1432427447093039205,,,,,,,,,0,,0,Gex,186665676134547461,,,,,,0,gexisangry,,1054506976471699487,,I love Milkie Betts,2022-12-21T02:19:38.329Z,,,0,,,false,,,,,,,,,,,,,,,,,,,,,,false,4,,,,,,,,,,,,,,,,,,,,,,,,,,,,,,,2022-12-21T02:19:38.329000+00:00,false,0,gexisangry,
1054843453864955955,,,,,,e7b2142c8e29f794f4d81eb360d57221,,,,,,,,,,,,,0,,0,Streameast Bartender,263577791105073152,,,,,,0,dannydelito.,,1054506976471699487,,https://www.instagram.com/p/CYUawfaP6F8/?igshid=YmMyMTA2M2Y=,2022-12-20T19:31:17.445Z,,,0,,,false,,,,,,,,,,,,,,,,,,,,,,false,3,,,,,,,,,,,,,,,,,,,,,,,,,,,,,,,2022-12-20T19:31:17.445000+00:00,false,0,dannydelito.,
1054507964586799184,,,,,,438f329cf77c137086671b969a39d2b1,,,,,,,,,,491296025953173514,,,0,,0,yuzka,528096854831792159,,,,491296025953173514,,0,yuzka,,1054506976471699487,,?,2022-12-19T21:18:10.568Z,,,0,,,false,,,,,,,,,,,,,,,,,,,,,,false,2,,,,,,,,,,,,,,,,,,,,,,,,,,,,,,,2022-12-19T21:18:10.568000+00:00,false,0,yuzka,
1054507075595665498,,,,,,2f6ca3c05030fc9aab3c3d5ba3ef8d3a,,,,,,,,,,,,,0,,0,Jerred,160509172704739328,,,,,,0,sjerred,,1054506976471699487,,yeah please keep the instagram posts to this thread,2022-12-19T21:14:38.616Z,,,0,,,false,,,,,,,,,,,,,,,,,,,,,,false,1,,,,,,,,,,,,,,,,,,,,,,,,,,,,,,,2022-12-19T21:14:38.616000+00:00,false,0,sjerred,
1054506978770174004,,,,,,e7b2142c8e29f794f4d81eb360d57221,,,,,,,,,,,,,0,,0,Streameast Bartender,263577791105073152,,,,,,0,dannydelito.,,1054506976471699487,,Milkman is a respectable job,2022-12-19T21:14:15.531Z,,,0,,,false,,,,,,,,,,,,,,,,,,,,,,false,,,,,,,,,,,,,,,,,,,,,,,,,,,,,,,,2022-12-19T21:14:15.531000+00:00,false,0,dannydelito.,
1054506976471699487,,,,,,e7b2142c8e29f794f4d81eb360d57221,,,,,,,,,,,,,0,,0,Streameast Bartender,263577791105073152,,,,,,0,dannydelito.,,208425771172102144,,Milk,2022-12-19T21:14:14.983Z,,,32,,,false,,,,,,,,,,,,,,,,,,1054506976471699487,208425771172102144,0,,false,,,,,,,,,64000,0,208425771172102144,1054506976471699487,1055608851556208720,3,208425244128444418,263577791105073152,186665676134547461,8,Milk,263577791105073152,208425771172102144,0,,2023-01-17T04:37:33.108000+00:00,true,4320,2022-12-19T21:14:14.983000+00:00,false,8,11,0,2022-12-19T21:14:14.983000+00:00,false,18,dannydelito.,