id,activity,application,application_id,attachments,author.accent_color,author.avatar,author.avatar_decoration_data,author.avatar_decoration_data.asset,author.avatar_decoration_data.expires_at,author.avatar_decoration_data.sku_id,author.banner,author.banner_color,author.clan,author.clan.badge,author.clan.identity_enabled,author.clan.identity_guild_id,author.clan.tag,author.collectibles,author.collectibles.nameplate.asset,author.collectibles.nameplate.label,author.collectibles.nameplate.palette,author.collectibles.nameplate.sku_id,author.discriminator,author.display_name_styles,author.display_name_styles.colors.0,author.display_name_styles.colors.1,author.display_name_styles.effect_id,author.display_name_styles.font_id,author.flags,author.global_name,author.id,author.primary_guild,author.primary_guild.badge,author.primary_guild.identity_enabled,author.primary_guild.identity_guild_id,author.primary_guild.tag,author.public_flags,author.username,call,channel_id,components,content,date,edited_timestamp,embeds,flags,interaction,mention_channels,mention_everyone,mentions,mentions.0.accent_color,mentions.0.avatar,mentions.0.avatar_decoration_data,mentions.0.avatar_decoration_data.asset,mentions.0.avatar_decoration_data.expires_at,mentions.0.avatar_decoration_data.sku_id,mentions.0.banner,mentions.0.banner_color,mentions.0.clan,mentions.0.collectibles,mentions.0.discriminator,mentions.0.display_name_styles,mentions.0.flags,mentions.0.global_name,mentions.0.id,mentions.0.primary_guild,mentions.0.public_flags,mentions.0.username,message_reference,message_reference.channel_id,message_reference.guild_id,message_reference.type,nonce,pinned,position,reactions,reactions.0.burst_colors,reactions.0.burst_count,reactions.0.burst_me,reactions.0.count,reactions.0.count_details.burst,reactions.0.count_details.normal,reactions.0.emoji.id,reactions.0.emoji.name,reactions.0.me,reactions.0.me_burst,reactions.1.burst_colors,reactions.1.burst_count,reactions.1.burst_me,reactions.1.count,reactions.1.count_details.burst,reactions.1.count_details.normal,reactions.1.emoji.id,reactions.1.emoji.name,reactions.1.me,reactions.1.me_burst,referenced_message,resolved,role_subscription_data,sticker_items,stickers,thread,thread.bitrate,thread.flags,thread.guild_id,thread.id,thread.last_message_id,thread.last_pin_timestamp,thread.member_count,thread.member_ids_preview.0,thread.member_ids_preview.1,thread.member_ids_preview.2,thread.member_ids_preview.3,thread.member_ids_preview.4,thread.message_count,thread.name,thread.owner_id,thread.parent_id,thread.rate_limit_per_user,thread.rtc_region,thread.thread_metadata.archive_timestamp,thread.thread_metadata.archived,thread.thread_metadata.auto_archive_duration,thread.thread_metadata.create_timestamp,thread.thread_metadata.locked,thread.total_message_sent,thread.type,thread.user_limit,timestamp,tts,type,userName,webhook_id
1024566943644123137,,,,,,d970d6b2608498a58d5138a98a247e19,,,,,,,,,,,,,,,,,0,,,,,,0,DaVinci Resolve Addict,208404668026454016,,,,,,0,snipzar,,1024558069474136125,,Okay I meant Saturday - Monday,2022-09-28T06:23:14.898Z,,,0,,,false,,,,,,,,,,,,,,,,,,,,,,,,,false,12,,,,,,,,,,,,,,,,,,,,,,,,,,,,,,,,,,,,,,,,,,,,,,,,,,,,,,2022-09-28T06:23:14.898000+00:00,false,0,snipzar,
1024566209640931399,,,,,,4332e1b0406caf9c2131c873dfcb53a5,,a_89cd445201a0c6c64d46876503d0e90e,1777013999,1226939756617793606,,,,,,,,,,,,,0,,,,,,0,irfan,410595870380392458,,,,,,0,wishingenie,,1024558069474136125,,Can't wait to miss out on <@186665676134547461> being in washington again!,2022-09-28T06:20:19.898Z,,,0,,,false,,,24f4375b862cff2cddeba1c2c28ae90f,,a_be6c77adcaa4aa3ed641f6c78de0dbb8,,1432427447093039205,,,,,0,,0,Gex,186665676134547461,,0,gexisangry,,,,,,false,11,,,,,,,,,,,,,,,,,,,,,,,,,,,,,,,,,,,,,,,,,,,,,,,,,,,,,,2022-09-28T06:20:19.898000+00:00,false,0,wishingenie,
1024562493483393137,,,,,,c52e4bdd2e7a2b96437062c91810043d,,a_cb8bbe431a4c3b88c11096ff8b46907a,,1365410896029159607,,,,79dae93b4acc456cc8aaf6ed2accc540,true,1368972275608453170,OVRW,,nameplates/nameplates/cat_beans/,COLLECTIBLES_NAMEPLATES_CAT_BEANS_A11Y,violet,1349849614143979540,0,,5113856,12165795,2,11,0,Windcatcher,331238905619677185,,79dae93b4acc456cc8aaf6ed2accc540,true,1368972275608453170,OVRW,0,windcatcher,,1024558069474136125,,Why wouldn't it be for Saturday Sunday? The actual holiday lol,2022-09-28T06:05:33.897Z,,,0,,,false,,,,,,,,,,,,,,,,,,,,,,,,,false,10,,,,,,,,,,,,,,,,,,,,,,,,,,,,,,,,,,,,,,,,,,,,,,,,,,,,,,2022-09-28T06:05:33.897000+00:00,false,0,windcatcher,
1024560009247477760,,,,,,45511444984144a20e391fa256cedb40,,a_60a411feecc41683bb4989f36393ad51,1767916800,1432208254422749215,,,,,,,,,,,,,0,,,,,,0,,272523109654069249,,,,,,0,eddued,,1024558069474136125,,yo,2022-09-28T05:55:41.609Z,,,0,,,false,,,,,,,,,,,,,,,,,,,,,,,,,false,9,,,,,,,,,,,,,,,,,,,,,,,,,,,,,,,,,,,,,,,,,,,,,,,,,,,,,,2022-09-28T05:55:41.609000+00:00,false,0,eddued,
1024559962682306600,,,,,,42595d65ea5f89086c8b516f56203bbf,,,,,,,,,,,,,,,,,0,,,,,,0,Justin,189534213391908865,,,,,,0,skiup,,1024558069474136125,,<@272523109654069249>,2022-09-28T05:55:30.507Z,,,0,,,false,,,45511444984144a20e391fa256cedb40,,a_60a411feecc41683bb4989f36393ad51,1767916800,1432208254422749215,,,,,0,,0,,272523109654069249,,0,eddued,,,,,,false,8,,,,,,,,,,,,,,,,,,,,,,,,,,,,,,,,,,,,,,,,,,,,,,,,,,,,,,2022-09-28T05:55:30.507000+00:00,false,0,skiup,
1024559358916427776,,,,,,d970d6b2608498a58d5138a98a247e19,,,,,,,,,,,,,,,,,0,,,,,,0,DaVinci Resolve Addict,208404668026454016,,,,,,0,snipzar,,1024558069474136125,,It would be for two days Friday + Saturday the 30th and 31st,2022-09-28T05:53:06.558Z,,,0,,,false,,,,,,,,,,,,,,,,,,,,,,,,,false,7,,,,,,,,,,,,,,,,,,,,,,,,,,,,,,,,,,,,,,,,,,,,,,,,,,,,,,2022-09-28T05:53:06.558000+00:00,false,0,snipzar,
1024559239269711932,,,,,,c52e4bdd2e7a2b96437062c91810043d,,a_cb8bbe431a4c3b88c11096ff8b46907a,,1365410896029159607,,,,79dae93b4acc456cc8aaf6ed2accc540,true,1368972275608453170,OVRW,,nameplates/nameplates/cat_beans/,COLLECTIBLES_NAMEPLATES_CAT_BEANS_A11Y,violet,1349849614143979540,0,,5113856,12165795,2,11,0,Windcatcher,331238905619677185,,79dae93b4acc456cc8aaf6ed2accc540,true,1368972275608453170,OVRW,0,windcatcher,,1024558069474136125,,I'm dumb,2022-09-28T05:52:38.032Z,,,0,,,false,,,,,,,,,,,,,,,,,,,,,,,,,false,6,,,,,,,,,,,,,,,,,,,,,,,,,,,,,,,,,,,,,,,,,,,,,,,,,,,,,,2022-09-28T05:52:38.032000+00:00,false,0,windcatcher,
1024559221662031892,,,,,,c52e4bdd2e7a2b96437062c91810043d,,a_cb8bbe431a4c3b88c11096ff8b46907a,,1365410896029159607,,,,79dae93b4acc456cc8aaf6ed2accc540,true,1368972275608453170,OVRW,,nameplates/nameplates/cat_beans/,COLLECTIBLES_NAMEPLATES_CAT_BEANS_A11Y,violet,1349849614143979540,0,,5113856,12165795,2,11,0,Windcatcher,331238905619677185,,79dae93b4acc456cc8aaf6ed2accc540,true,1368972275608453170,OVRW,0,windcatcher,,1024558069474136125,,Oh you already did lol,2022-09-28T05:52:33.834Z,,,0,,,false,,,,,,,,,,,,,,,,,,,,,,,,,false,5,,,,,,,,,,,,,,,,,,,,,,,,,,,,,,,,,,,,,,,,,,,,,,,,,,,,,,2022-09-28T05:52:33.834000+00:00,false,0,windcatcher,
1024559149025087599,,,,,,c52e4bdd2e7a2b96437062c91810043d,,a_cb8bbe431a4c3b88c11096ff8b46907a,,1365410896029159607,,,,79dae93b4acc456cc8aaf6ed2accc540,true,1368972275608453170,OVRW,,nameplates/nameplates/cat_beans/,COLLECTIBLES_NAMEPLATES_CAT_BEANS_A11Y,violet,1349849614143979540,0,,5113856,12165795,2,11,0,Windcatcher,331238905619677185,,79dae93b4acc456cc8aaf6ed2accc540,true,1368972275608453170,OVRW,0,windcatcher,,1024558069474136125,,<@186665676134547461>,2022-09-28T05:52:16.516Z,,,0,,,false,,,24f4375b862cff2cddeba1c2c28ae90f,,a_be6c77adcaa4aa3ed641f6c78de0dbb8,,1432427447093039205,,,,,0,,0,Gex,186665676134547461,,0,gexisangry,,,,,,false,4,,,,,,,,,,,,,,,,,,,,,,,,,,,,,,,,,,,,,,,,,,,,,,,,,,,,,,2022-09-28T05:52:16.516000+00:00,false,0,windcatcher,
1024558765393055744,,,,,,42595d65ea5f89086c8b516f56203bbf,,,,,,,,,,,,,,,,,0,,,,,,0,Justin,189534213391908865,,,,,,0,skiup,,1024558069474136125,,<@202595851678384137>,2022-09-28T05:50:45.051Z,,,0,,,false,,,a48241fa1af665d5133ddb54cf71f225,,,,,,,,,0,,0,blohsh,202595851678384137,,0,billibillie.,,,,,,false,3,,,0,false,1,0,1,,👎,false,false,,0,false,2,0,2,,👍,false,false,,,,,,,,,,,,,,,,,,,,,,,,,,,,,,,,,2022-09-28T05:50:45.051000+00:00,false,0,skiup,
1024558360453988372,,,,,,28912437e0390d34d050af4b1a730171,,,,,,,,,,,,,,,,,0,,,,,,0,Virmel,208425244128444418,,,,,,0,virmel,,1024558069474136125,,<@186665676134547461>,2022-09-28T05:49:08.506Z,,,0,,,false,,,24f4375b862cff2cddeba1c2c28ae90f,,a_be6c77adcaa4aa3ed641f6c78de0dbb8,,1432427447093039205,,,,,0,,0,Gex,186665676134547461,,0,gexisangry,,,,,,false,2,,,,,,,,,,,,,,,,,,,,,,,,,,,,,,,,,,,,,,,,,,,,,,,,,,,,,,2022-09-28T05:49:08.506000+00:00,false,0,virmel,
1024558247178403870,,,,,,d970d6b2608498a58d5138a98a247e19,,,,,,,,,,,,,,,,,0,,,,,,0,DaVinci Resolve Addict,208404668026454016,,,,,,0,snipzar,,1024558069474136125,,New Years Eve lands on a Saturday night this year!,2022-09-28T05:48:41.499Z,,,0,,,false,,,,,,,,,,,,,,,,,,,,,,,,,false,1,,,,,,,,,,,,,,,,,,,,,,,,,,,,,,,,,,,,,,,,,,,,,,,,,,,,,,2022-09-28T05:48:41.499000+00:00,false,0,snipzar,
1024558073374851112,,,,,,d970d6b2608498a58d5138a98a247e19,,,,,,,,,,,,,,,,,0,,,,,,0,DaVinci Resolve Addict,208404668026454016,,,,,,0,snipzar,,1024558069474136125,,<@&889360299172446252> Starting up the thread for the new years party pt. 2,2022-09-28T05:48:00.061Z,,,0,,,false,,,,,,,,,,,,,,,,,,,,,,,,,false,,,,,,,,,,,,,,,,,,,,,,,,,,,,,,,,,,,,,,,,,,,,,,,,,,,,,,,2022-09-28T05:48:00.061000+00:00,false,0,snipzar,
1024558069474136125,,,,,,d970d6b2608498a58d5138a98a247e19,,,,,,,,,,,,,,,,,0,,,,,,0,DaVinci Resolve Addict,208404668026454016,,,,,,0,snipzar,,208425771172102144,,New Years Party Round Two,2022-09-28T05:47:59.131Z,,,32,,,false,,,,,,,,,,,,,,,,,,,,,1024558069474136125,208425771172102144,0,,false,,,,,,,,,,,,,,,,,,,,,,,,,,,,,64000,0,208425771172102144,1024558069474136125,1211533758424027176,2022-12-31T19:01:58+00:00,11,200067001035653131,192392483383017472,126546653665558528,189534213391908865,186665676134547461,1007,New Years Party Round Two,208404668026454016,208425771172102144,0,,2024-02-26T04:54:40.335000+00:00,true,10080,2022-09-28T05:47:59.131000+00:00,false,1023,11,0,2022-09-28T05:47:59.131000+00:00,false,18,snipzar,