id,activity,application,application_id,attachments,author.accent_color,author.avatar,author.avatar_decoration_data,author.avatar_decoration_data.asset,author.avatar_decoration_data.expires_at,author.avatar_decoration_data.sku_id,author.banner,author.banner_color,author.clan,author.clan.badge,author.clan.identity_enabled,author.clan.identity_guild_id,author.clan.tag,author.collectibles,author.collectibles.nameplate.asset,author.collectibles.nameplate.label,author.collectibles.nameplate.palette,author.collectibles.nameplate.sku_id,author.discriminator,author.display_name_styles,author.display_name_styles.colors.0,author.display_name_styles.colors.1,author.display_name_styles.effect_id,author.display_name_styles.font_id,author.flags,author.global_name,author.id,author.primary_guild,author.primary_guild.badge,author.primary_guild.identity_enabled,author.primary_guild.identity_guild_id,author.primary_guild.tag,author.public_flags,author.username,call,channel_id,components,content,date,edited_timestamp,embeds,flags,interaction,mention_channels,mention_everyone,mentions,message_reference,message_reference.channel_id,message_reference.guild_id,message_reference.type,nonce,pinned,position,reactions,reactions.0.burst_colors,reactions.0.burst_count,reactions.0.burst_me,reactions.0.count,reactions.0.count_details.burst,reactions.0.count_details.normal,reactions.0.emoji.id,reactions.0.emoji.name,reactions.0.me,reactions.0.me_burst,reactions.1.burst_colors,reactions.1.burst_count,reactions.1.burst_me,reactions.1.count,reactions.1.count_details.burst,reactions.1.count_details.normal,reactions.1.emoji.animated,reactions.1.emoji.id,reactions.1.emoji.name,reactions.1.me,reactions.1.me_burst,referenced_message,resolved,role_subscription_data,sticker_items,stickers,thread,thread.bitrate,thread.flags,thread.guild_id,thread.id,thread.last_message_id,thread.member_count,thread.member_ids_preview.0,thread.member_ids_preview.1,thread.member_ids_preview.2,thread.member_ids_preview.3,thread.member_ids_preview.4,thread.message_count,thread.name,thread.owner_id,thread.parent_id,thread.rate_limit_per_user,thread.rtc_region,thread.thread_metadata.archive_timestamp,thread.thread_metadata.archived,thread.thread_metadata.auto_archive_duration,thread.thread_metadata.create_timestamp,thread.thread_metadata.locked,thread.total_message_sent,thread.type,thread.user_limit,timestamp,tts,type,userName,webhook_id
1070946554967494697,,,,,,2f6ca3c05030fc9aab3c3d5ba3ef8d3a,,,,,,,,,,,,,,,,,0,,,,,,0,Jerred,160509172704739328,,,,,,0,sjerred,,1070934021359546428,,other thread?,2023-02-03T05:59:15.929Z,,,0,,,false,,,,,,,false,12,,,,,,,,,,,,,,,,,,,,,,,,,,,,,,,,,,,,,,,,,,,,,,,,,,,,,,2023-02-03T05:59:15.929000+00:00,false,0,sjerred,
1070943991614418964,,,,,,73956ea2a04264c919274ee7456d8e56,,,,,,,,,,,,,,,,,0,,,,,,0,som,327908907714478080,,,,,,0,nathansom,,1070934021359546428,,let’s keep this in the other thread,2023-02-03T05:49:04.778Z,,,0,,,false,,,,,,,false,11,,,0,false,1,0,1,1049802352707764255,teemothumbsup,false,false,,,,,,,,,,,,,,,,,,,,,,,,,,,,,,,,,,,,,,,,,,,2023-02-03T05:49:04.778000+00:00,false,0,nathansom,
1070943958244528168,,,,,,73956ea2a04264c919274ee7456d8e56,,,,,,,,,,,,,,,,,0,,,,,,0,som,327908907714478080,,,,,,0,nathansom,,1070934021359546428,,i can’t wait,2023-02-03T05:48:56.822Z,,,0,,,false,,,,,,,false,10,,,,,,,,,,,,,,,,,,,,,,,,,,,,,,,,,,,,,,,,,,,,,,,,,,,,,,2023-02-03T05:48:56.822000+00:00,false,0,nathansom,
1070938516411928670,,,,,,d970d6b2608498a58d5138a98a247e19,,,,,,,,,,,,,,,,,0,,,,,,0,DaVinci Resolve Addict,208404668026454016,,,,,,0,snipzar,,1070934021359546428,,Wait isn't there another thread for this???,2023-02-03T05:27:19.388Z,,,0,,,false,,,,,,,false,9,,,,,,,,,,,,,,,,,,,,,,,,,,,,,,,,,,,,,,,,,,,,,,,,,,,,,,2023-02-03T05:27:19.388000+00:00,false,0,snipzar,
1070938442508275722,,,,,,d970d6b2608498a58d5138a98a247e19,,,,,,,,,,,,,,,,,0,,,,,,0,DaVinci Resolve Addict,208404668026454016,,,,,,0,snipzar,,1070934021359546428,,It's okay to be excited for something. I love you Jerred.,2023-02-03T05:27:01.768Z,,,0,,,false,,,,,,,false,8,,,,,,,,,,,,,,,,,,,,,,,,,,,,,,,,,,,,,,,,,,,,,,,,,,,,,,2023-02-03T05:27:01.768000+00:00,false,0,snipzar,
1070934439149965332,,,,,,4332e1b0406caf9c2131c873dfcb53a5,,a_89cd445201a0c6c64d46876503d0e90e,1777013999,1226939756617793606,,,,,,,,,,,,,0,,,,,,0,irfan,410595870380392458,,,,,,0,wishingenie,,1070934021359546428,,I’m sure ill hear stories afterwards and can experience through those!,2023-02-03T05:11:07.293Z,,,0,,,false,,,,,,,false,7,,,,,,,,,,,,,,,,,,,,,,,,,,,,,,,,,,,,,,,,,,,,,,,,,,,,,,2023-02-03T05:11:07.293000+00:00,false,0,wishingenie,
1070934345466007624,,,,,,4332e1b0406caf9c2131c873dfcb53a5,,a_89cd445201a0c6c64d46876503d0e90e,1777013999,1226939756617793606,,,,,,,,,,,,,0,,,,,,0,irfan,410595870380392458,,,,,,0,wishingenie,,1070934021359546428,,Idk you guys are weird when you’re drunk,2023-02-03T05:10:44.957Z,,,0,,,false,,,,,,,false,6,,,,,,,,,,,,,,,,,,,,,,,,,,,,,,,,,,,,,,,,,,,,,,,,,,,,,,2023-02-03T05:10:44.957000+00:00,false,0,wishingenie,
1070934212254900284,,,,,,2f6ca3c05030fc9aab3c3d5ba3ef8d3a,,,,,,,,,,,,,,,,,0,,,,,,0,Jerred,160509172704739328,,,,,,0,sjerred,,1070934021359546428,,there won't be a lake this time don't worry,2023-02-03T05:10:13.197Z,,,0,,,false,,,,,,,false,5,,,,,,,,,,,,,,,,,,,,,,,,,,,,,,,,,,,,,,,,,,,,,,,,,,,,,,2023-02-03T05:10:13.197000+00:00,false,0,sjerred,
1070934162896330824,,,,,,4332e1b0406caf9c2131c873dfcb53a5,,a_89cd445201a0c6c64d46876503d0e90e,1777013999,1226939756617793606,,,,,,,,,,,,,0,,,,,,0,irfan,410595870380392458,,,,,,0,wishingenie,,1070934021359546428,,Yeaaah I think im busy…,2023-02-03T05:10:01.429Z,,,0,,,false,,,,,,,false,4,,,,,,,,,,,,,,,,,,,,,,,,,,,,,,,,,,,,,,,,,,,,,,,,,,,,,,2023-02-03T05:10:01.429000+00:00,false,0,wishingenie,
1070934086622916708,,,,,,c52e4bdd2e7a2b96437062c91810043d,,a_cb8bbe431a4c3b88c11096ff8b46907a,,1365410896029159607,,,,79dae93b4acc456cc8aaf6ed2accc540,true,1368972275608453170,OVRW,,nameplates/nameplates/cat_beans/,COLLECTIBLES_NAMEPLATES_CAT_BEANS_A11Y,violet,1349849614143979540,0,,5113856,12165795,2,11,0,Windcatcher,331238905619677185,,79dae93b4acc456cc8aaf6ed2accc540,true,1368972275608453170,OVRW,0,windcatcher,,1070934021359546428,,me too!,2023-02-03T05:09:43.244Z,,,0,,,false,,,,,,,false,3,,,,,,,,,,,,,,,,,,,,,,,,,,,,,,,,,,,,,,,,,,,,,,,,,,,,,,2023-02-03T05:09:43.244000+00:00,false,0,windcatcher,
1070934082952892456,,,,,,42595d65ea5f89086c8b516f56203bbf,,,,,,,,,,,,,,,,,0,,,,,,0,Justin,189534213391908865,,,,,,0,skiup,,1070934021359546428,,what the fuck is wrong with you,2023-02-03T05:09:42.369Z,,,0,,,false,,,,,,,false,2,,,0,false,5,0,5,973358964056137869,this,false,false,,0,false,1,0,1,true,937125249558937620,nekoclaps,false,false,,,,,,,,,,,,,,,,,,,,,,,,,,,,,,,,2023-02-03T05:09:42.369000+00:00,false,0,skiup,
1070934045497761792,,,,,,2f6ca3c05030fc9aab3c3d5ba3ef8d3a,,,,,,,,,,,,,,,,,0,,,,,,0,Jerred,160509172704739328,,,,,,0,sjerred,,1070934021359546428,,so excited for this!,2023-02-03T05:09:33.439Z,,,0,,,false,,,,,,,false,1,,,,,,,,,,,,,,,,,,,,,,,,,,,,,,,,,,,,,,,,,,,,,,,,,,,,,,2023-02-03T05:09:33.439000+00:00,false,0,sjerred,
1070934026027810847,,,,,,2f6ca3c05030fc9aab3c3d5ba3ef8d3a,,,,,,,,,,,,,,,,,0,,,,,,0,Jerred,160509172704739328,,,,,,0,sjerred,,1070934021359546428,,<@&889360299172446252>,2023-02-03T05:09:28.797Z,,,0,,,false,,,,,,,false,,,,,,,,,,,,,,,,,,,,,,,,,,,,,,,,,,,,,,,,,,,,,,,,,,,,,,,2023-02-03T05:09:28.797000+00:00,false,0,sjerred,
1070934021359546428,,,,,,2f6ca3c05030fc9aab3c3d5ba3ef8d3a,,,,,,,,,,,,,,,,,0,,,,,,0,Jerred,160509172704739328,,,,,,0,sjerred,,208425771172102144,,New Years 2023,2023-02-03T05:09:27.684Z,,,32,,,false,,,1070934021359546428,208425771172102144,0,,false,,,,,,,,,,,,,,,,,,,,,,,,,,,,,,64000,0,208425771172102144,1070934021359546428,1070947308797182002,12,200067001035653131,208425244128444418,192392483383017472,126546653665558528,189534213391908865,14,New Years 2024,160509172704739328,208425771172102144,0,,2023-03-04T20:54:20.797000+00:00,true,1440,2023-02-03T05:09:27.684000+00:00,false,14,11,0,2023-02-03T05:09:27.684000+00:00,false,18,sjerred,