id,activity,application,application_id,attachments,author.accent_color,author.avatar,author.avatar_decoration_data,author.avatar_decoration_data.asset,author.avatar_decoration_data.expires_at,author.avatar_decoration_data.sku_id,author.banner,author.banner_color,author.clan,author.collectibles,author.discriminator,author.display_name_styles,author.flags,author.global_name,author.id,author.primary_guild,author.public_flags,author.username,call,channel_id,components,content,date,edited_timestamp,embeds,flags,interaction,mention_channels,mention_everyone,mentions,mentions.0.accent_color,mentions.0.avatar,mentions.0.avatar_decoration_data,mentions.0.banner,mentions.0.banner_color,mentions.0.clan,mentions.0.collectibles,mentions.0.discriminator,mentions.0.display_name_styles,mentions.0.flags,mentions.0.global_name,mentions.0.id,mentions.0.primary_guild,mentions.0.public_flags,mentions.0.username,message_reference,message_reference.channel_id,message_reference.guild_id,message_reference.type,nonce,pinned,position,reactions,referenced_message,resolved,role_subscription_data,sticker_items,stickers,thread,thread.bitrate,thread.flags,thread.guild_id,thread.id,thread.last_message_id,thread.member_count,thread.member_ids_preview.0,thread.member_ids_preview.1,thread.member_ids_preview.2,thread.member_ids_preview.3,thread.message_count,thread.name,thread.owner_id,thread.parent_id,thread.rate_limit_per_user,thread.rtc_region,thread.thread_metadata.archive_timestamp,thread.thread_metadata.archived,thread.thread_metadata.auto_archive_duration,thread.thread_metadata.create_timestamp,thread.thread_metadata.locked,thread.total_message_sent,thread.type,thread.user_limit,timestamp,tts,type,userName,webhook_id
1075670005175291985,,,,,,2f6ca3c05030fc9aab3c3d5ba3ef8d3a,,,,,,,,,0,,0,Jerred,160509172704739328,,0,sjerred,,1075667497228972172,,?,2023-02-16T06:48:34.216Z,,,0,,,false,,,,,,,,,,,,,,,,,,,,,,false,3,,,,,,,,,,,,,,,,,,,,,,,,,,,,,,,,2023-02-16T06:48:34.216000+00:00,false,0,sjerred,
1075669256089370644,,,,,,4332e1b0406caf9c2131c873dfcb53a5,,a_89cd445201a0c6c64d46876503d0e90e,1777013999,1226939756617793606,,,,,0,,0,irfan,410595870380392458,,0,wishingenie,,1075667497228972172,,Some make sure <@160509172704739328>  isn’t the one in charge of planning this one,2023-02-16T06:45:35.620Z,,,0,,,false,,,2f6ca3c05030fc9aab3c3d5ba3ef8d3a,,,,,,0,,0,Jerred,160509172704739328,,0,sjerred,,,,,,false,2,,,,,,,,,,,,,,,,,,,,,,,,,,,,,,,,2023-02-16T06:45:35.620000+00:00,false,0,wishingenie,
1075667771448381450,,,,,,42595d65ea5f89086c8b516f56203bbf,,,,,,,,,0,,0,Justin,189534213391908865,,0,skiup,,1075667497228972172,,what is wrong with you?,2023-02-16T06:39:41.654Z,,,0,,,false,,,,,,,,,,,,,,,,,,,,,,false,1,,,,,,,,,,,,,,,,,,,,,,,,,,,,,,,,2023-02-16T06:39:41.654000+00:00,false,0,skiup,
1075667499808464947,,,,,,2f6ca3c05030fc9aab3c3d5ba3ef8d3a,,,,,,,,,0,,0,Jerred,160509172704739328,,0,sjerred,,1075667497228972172,,<@&1061872816292626463> can't wait to buy our tickets!,2023-02-16T06:38:36.890Z,,,0,,,false,,,,,,,,,,,,,,,,,,,,,,false,,,,,,,,,,,,,,,,,,,,,,,,,,,,,,,,,2023-02-16T06:38:36.890000+00:00,false,0,sjerred,
1075667497228972172,,,,,,2f6ca3c05030fc9aab3c3d5ba3ef8d3a,,,,,,,,,0,,0,Jerred,160509172704739328,,0,sjerred,,208425771172102144,,"New York, May 2024",2023-02-16T06:38:36.275Z,,,32,,,false,,,,,,,,,,,,,,,,,,1075667497228972172,208425771172102144,0,,false,,,,,,,,,64000,0,208425771172102144,1075667497228972172,1075670005175291985,4,208425244128444418,1041226652698542151,189534213391908865,327908907714478080,4,"New York, May 2024",160509172704739328,208425771172102144,0,,2023-03-04T20:54:39.021000+00:00,true,1440,2023-02-16T06:38:36.275000+00:00,false,4,11,0,2023-02-16T06:38:36.275000+00:00,false,18,sjerred,