id,activity,application,application_id,attachments,attachments.0.content_type,attachments.0.filename,attachments.0.height,attachments.0.id,attachments.0.proxy_url,attachments.0.size,attachments.0.url,attachments.0.width,author.accent_color,author.avatar,author.avatar_decoration_data,author.avatar_decoration_data.asset,author.avatar_decoration_data.expires_at,author.avatar_decoration_data.sku_id,author.banner,author.banner_color,author.clan,author.clan.badge,author.clan.identity_enabled,author.clan.identity_guild_id,author.clan.tag,author.collectibles,author.discriminator,author.display_name_styles,author.flags,author.global_name,author.id,author.primary_guild,author.primary_guild.badge,author.primary_guild.identity_enabled,author.primary_guild.identity_guild_id,author.primary_guild.tag,author.public_flags,author.username,call,channel_id,components,content,date,edited_timestamp,embeds,flags,interaction,mention_channels,mention_everyone,mentions,mentions.0.accent_color,mentions.0.avatar,mentions.0.avatar_decoration_data,mentions.0.banner,mentions.0.banner_color,mentions.0.clan,mentions.0.collectibles,mentions.0.discriminator,mentions.0.display_name_styles,mentions.0.flags,mentions.0.global_name,mentions.0.id,mentions.0.primary_guild,mentions.0.public_flags,mentions.0.username,message_reference,message_reference.channel_id,message_reference.guild_id,message_reference.message_id,message_reference.type,nonce,pinned,position,reactions,reactions.0.burst_colors,reactions.0.burst_count,reactions.0.burst_me,reactions.0.count,reactions.0.count_details.burst,reactions.0.count_details.normal,reactions.0.emoji.id,reactions.0.emoji.name,reactions.0.me,reactions.0.me_burst,reactions.1.burst_colors,reactions.1.burst_count,reactions.1.burst_me,reactions.1.count,reactions.1.count_details.burst,reactions.1.count_details.normal,reactions.1.emoji.id,reactions.1.emoji.name,reactions.1.me,reactions.1.me_burst,referenced_message,referenced_message.attachments,referenced_message.author.accent_color,referenced_message.author.avatar,referenced_message.author.avatar_decoration_data,referenced_message.author.banner,referenced_message.author.banner_color,referenced_message.author.clan,referenced_message.author.collectibles,referenced_message.author.discriminator,referenced_message.author.display_name_styles,referenced_message.author.flags,referenced_message.author.global_name,referenced_message.author.id,referenced_message.author.primary_guild,referenced_message.author.public_flags,referenced_message.author.username,referenced_message.channel_id,referenced_message.components,referenced_message.content,referenced_message.edited_timestamp,referenced_message.embeds,referenced_message.flags,referenced_message.id,referenced_message.mention_everyone,referenced_message.mention_roles,referenced_message.mentions,referenced_message.pinned,referenced_message.timestamp,referenced_message.tts,referenced_message.type,resolved,role_subscription_data,sticker_items,stickers,thread,thread.bitrate,thread.flags,thread.guild_id,thread.id,thread.last_message_id,thread.member_count,thread.member_ids_preview.0,thread.member_ids_preview.1,thread.member_ids_preview.2,thread.message_count,thread.name,thread.owner_id,thread.parent_id,thread.rate_limit_per_user,thread.rtc_region,thread.thread_metadata.archive_timestamp,thread.thread_metadata.archived,thread.thread_metadata.auto_archive_duration,thread.thread_metadata.create_timestamp,thread.thread_metadata.locked,thread.total_message_sent,thread.type,thread.user_limit,timestamp,tts,type,userName,webhook_id
934372590129127455,,,,,,,,,,,,,,8770eb821819855269d55dc90cde4a5b,,,,,,,,,,,,,0,,0,Bussley,175488352949108736,,,,,,0,bussley,,933633652544381009,,"Day 2: 
It is easier today. The war I wage in my heart grows though. League is a go to game for many, including myself. I won't falter though, my will is strong. I had rainbow six extraction to keep me busy",2022-01-22T09:03:05.290Z,,,0,,,false,,,,,,,,,,,,,,,,,,,,,,,false,,,,,,,,,,,,,,,,,,,,,,,,,,,,,,,,,,,,,,,,,,,,,,,,,,,,,,,,,,,,,,,,,,,,,,,,,,,,,,,,,,2022-01-22T09:03:05.290000+00:00,false,0,bussley,
934211259052732487,,,,,,,,,,,,,,4332e1b0406caf9c2131c873dfcb53a5,,a_89cd445201a0c6c64d46876503d0e90e,1777013999,1226939756617793606,,,,,,,,,0,,0,irfan,410595870380392458,,,,,,0,wishingenie,,933633652544381009,,league is ass man let's go play valorant,2022-01-21T22:22:00.964Z,,,0,,,false,,,,,,,,,,,,,,,,,,,,,,,false,,,,,,,,,,,,,,,,,,,,,,,,,,,,,,,,,,,,,,,,,,,,,,,,,,,,,,,,,,,,,,,,,,,,,,,,,,,,,,,,,,2022-01-21T22:22:00.964000+00:00,false,0,wishingenie,
934182719649361961,,,,,,,,,,,,,,4b41f96917b94ff40877ae157febcee4,,,,,,,,e929e1c0111f2acf104ba53aefc5ee44,true,753738215482982410,BABA,,0,,0,Son of Krystillia,171455587517857796,,e929e1c0111f2acf104ba53aefc5ee44,true,753738215482982410,BABA,0,acrooz,,933633652544381009,,no one in this server deserves to have league uninstalled. I was 4 months clean before yall cursed me,2022-01-21T20:28:36.640Z,,,0,,,false,,,,,,,,,,,,,,,,,,,,,,,false,,,,,,,,,,,,,,,,,,,,,,,,,,,,,,,,,,,,,,,,,,,,,,,,,,,,,,,,,,,,,,,,,,,,,,,,,,,,,,,,,,2022-01-21T20:28:36.640000+00:00,false,0,acrooz,
934177376915566643,,,,,,,,,,,,,,438f329cf77c137086671b969a39d2b1,,,,,,,,,,491296025953173514,,,0,,0,yuzka,528096854831792159,,,,491296025953173514,,0,yuzka,,933633652544381009,,𝓉𝒶𝓃𝓀 𝒶𝓀𝒶𝓁𝒾 𝑔𝑜𝓉 𝓃𝑒𝓇𝒻𝑒𝒹,2022-01-21T20:07:22.833Z,,,0,,,false,,,8770eb821819855269d55dc90cde4a5b,,,,,,0,,0,Bussley,175488352949108736,,0,bussley,,933633652544381009,208425771172102144,933980500362670100,0,,false,0,,,,,,,,,,,,,,,,,,,,,,,,,8770eb821819855269d55dc90cde4a5b,,,,,,0,,0,Bussley,175488352949108736,,0,bussley,933633652544381009,,"Day 1: 
The addiction is hard. Zeri made it harder. I wanted to download and play her, but I stood strong. I will break the curse",2022-01-21T07:06:17.114000+00:00,,0,933980500362670100,false,,,false,2022-01-21T07:05:03.805000+00:00,false,0,,,,,,,,,,,,,,,,,,,,,,,,,,,,,2022-01-21T20:07:22.833000+00:00,false,19,yuzka,
934140233086279711,,,,,,,,,,,,,,28912437e0390d34d050af4b1a730171,,,,,,,,,,,,,0,,0,Virmel,208425244128444418,,,,,,0,virmel,,933633652544381009,,"don't fall for the Filipina chick, it's a trap",2022-01-21T17:39:47.054Z,,,0,,,false,,,,,,,,,,,,,,,,,,,,,,,false,,,,,,,,,,,,,,,,,,,,,,,,,,,,,,,,,,,,,,,,,,,,,,,,,,,,,,,,,,,,,,,,,,,,,,,,,,,,,,,,,,2022-01-21T17:39:47.054000+00:00,false,0,virmel,
934081405036666880,,,,,,,,,,,,,,24f4375b862cff2cddeba1c2c28ae90f,,a_be6c77adcaa4aa3ed641f6c78de0dbb8,,1432427447093039205,,,,,,,,,0,,0,Gex,186665676134547461,,,,,,0,gexisangry,,933633652544381009,,😃😅😊🙂🤨🙁☹️😩😭🥵😡🤬🤯👻,2022-01-21T13:46:01.354Z,,,0,,,false,,,,,,,,,,,,,,,,,,,,,,,false,,,,,,,,,,,,,,,,,,,,,,,,,,,,,,,,,,,,,,,,,,,,,,,,,,,,,,,,,,,,,,,,,,,,,,,,,,,,,,,,,,2022-01-21T13:46:01.354000+00:00,false,0,gexisangry,
933980500362670100,,,,,,,,,,,,,,8770eb821819855269d55dc90cde4a5b,,,,,,,,,,,,,0,,0,Bussley,175488352949108736,,,,,,0,bussley,,933633652544381009,,"Day 1: 
The addiction is hard. Zeri made it harder. I wanted to download and play her, but I stood strong. I will break the curse",2022-01-21T07:05:03.805Z,2022-01-21T07:06:17.114000+00:00,,0,,,false,,,,,,,,,,,,,,,,,,,,,,,false,,,,,,,,,,,,,,,,,,,,,,,,,,,,,,,,,,,,,,,,,,,,,,,,,,,,,,,,,,,,,,,,,,,,,,,,,,,,,,,,,,2022-01-21T07:05:03.805000+00:00,false,0,bussley,
933980319898533899,,,,,,,,,,,,,,8770eb821819855269d55dc90cde4a5b,,,,,,,,,,,,,0,,0,Bussley,175488352949108736,,,,,,0,bussley,,933633652544381009,,Here we go,2022-01-21T07:04:20.779Z,,,0,,,false,,,,,,,,,,,,,,,,,,,,,,,false,,,,,,,,,,,,,,,,,,,,,,,,,,,,,,,,,,,,,,,,,,,,,,,,,,,,,,,,,,,,,,,,,,,,,,,,,,,,,,,,,,2022-01-21T07:04:20.779000+00:00,false,0,bussley,
933633652544381009,,,,,image/png,unknown.png,869,933633652305322044,https://media.discordapp.net/attachments/208425771172102144/933633652305322044/unknown.png?ex=69236958&is=692217d8&hm=fa58712bd7ac35274dd284115dde4b3d19591325b03580680f8b1dcc374f54eb&,112712,https://cdn.discordapp.com/attachments/208425771172102144/933633652305322044/unknown.png?ex=69236958&is=692217d8&hm=fa58712bd7ac35274dd284115dde4b3d19591325b03580680f8b1dcc374f54eb&,813,,8770eb821819855269d55dc90cde4a5b,,,,,,,,,,,,,0,,0,Bussley,175488352949108736,,,,,,0,bussley,,208425771172102144,,,2022-01-20T08:06:48.841Z,,,32,,,false,,,,,,,,,,,,,,,,,,,,,,,false,,,,0,false,3,0,3,881294686495576144,o_o,false,false,,0,false,2,0,2,,🧠,true,false,,,,,,,,,,,,,,,,,,,,,,,,,,,,,,,,,,,,,64000,0,208425771172102144,933633652544381009,934372590129127455,3,208425244128444418,126546653665558528,186665676134547461,8,No League Arc,175488352949108736,208425771172102144,0,,2022-01-23T09:06:12.512000+00:00,true,1440,2022-01-21T07:04:20.588000+00:00,false,8,11,0,2022-01-20T08:06:48.841000+00:00,false,0,bussley,