id,activity,application,application_id,attachments,author.accent_color,author.avatar,author.avatar_decoration_data,author.avatar_decoration_data.asset,author.avatar_decoration_data.expires_at,author.avatar_decoration_data.sku_id,author.banner,author.banner_color,author.clan,author.clan.badge,author.clan.identity_enabled,author.clan.identity_guild_id,author.clan.tag,author.collectibles,author.collectibles.nameplate.asset,author.collectibles.nameplate.label,author.collectibles.nameplate.palette,author.collectibles.nameplate.sku_id,author.discriminator,author.display_name_styles,author.display_name_styles.colors.0,author.display_name_styles.colors.1,author.display_name_styles.effect_id,author.display_name_styles.font_id,author.flags,author.global_name,author.id,author.primary_guild,author.primary_guild.badge,author.primary_guild.identity_enabled,author.primary_guild.identity_guild_id,author.primary_guild.tag,author.public_flags,author.username,call,channel_id,components,content,date,edited_timestamp,embeds,flags,interaction,mention_channels,mention_everyone,mentions,mentions.0.accent_color,mentions.0.avatar,mentions.0.avatar_decoration_data,mentions.0.banner,mentions.0.banner_color,mentions.0.clan,mentions.0.collectibles,mentions.0.discriminator,mentions.0.display_name_styles,mentions.0.flags,mentions.0.global_name,mentions.0.id,mentions.0.primary_guild,mentions.0.public_flags,mentions.0.username,message_reference,message_reference.channel_id,message_reference.guild_id,message_reference.message_id,message_reference.type,nonce,pinned,position,reactions,referenced_message,referenced_message.attachments,referenced_message.author.accent_color,referenced_message.author.avatar,referenced_message.author.avatar_decoration_data,referenced_message.author.banner,referenced_message.author.banner_color,referenced_message.author.clan,referenced_message.author.collectibles,referenced_message.author.discriminator,referenced_message.author.display_name_styles,referenced_message.author.flags,referenced_message.author.global_name,referenced_message.author.id,referenced_message.author.primary_guild,referenced_message.author.public_flags,referenced_message.author.username,referenced_message.channel_id,referenced_message.components,referenced_message.content,referenced_message.edited_timestamp,referenced_message.embeds,referenced_message.flags,referenced_message.id,referenced_message.mention_everyone,referenced_message.mention_roles,referenced_message.mentions,referenced_message.pinned,referenced_message.position,referenced_message.timestamp,referenced_message.tts,referenced_message.type,resolved,role_subscription_data,sticker_items,stickers,thread,thread.bitrate,thread.flags,thread.guild_id,thread.id,thread.last_message_id,thread.member_count,thread.member_ids_preview.0,thread.message_count,thread.name,thread.owner_id,thread.parent_id,thread.rate_limit_per_user,thread.rtc_region,thread.thread_metadata.archive_timestamp,thread.thread_metadata.archived,thread.thread_metadata.auto_archive_duration,thread.thread_metadata.create_timestamp,thread.thread_metadata.locked,thread.total_message_sent,thread.type,thread.user_limit,timestamp,tts,type,userName,webhook_id
1248790023084576860,,,,,,c52e4bdd2e7a2b96437062c91810043d,,a_cb8bbe431a4c3b88c11096ff8b46907a,,1365410896029159607,,,,79dae93b4acc456cc8aaf6ed2accc540,true,1368972275608453170,OVRW,,nameplates/nameplates/cat_beans/,COLLECTIBLES_NAMEPLATES_CAT_BEANS_A11Y,violet,1349849614143979540,0,,5113856,12165795,2,11,0,Windcatcher,331238905619677185,,79dae93b4acc456cc8aaf6ed2accc540,true,1368972275608453170,OVRW,0,windcatcher,,1248787906051702846,,i wanna do a reasonably priced one tho.,2024-06-08T00:05:42.900Z,,,0,,,false,,,,,,,,,,,,,,,,,,,,,,,false,5,,,,,,,,,,,,,,,,,,,,,,,,,,,,,,,,,,,,,,,,,,,,,,,,,,,,,,,,,,,,2024-06-08T00:05:42.900000+00:00,false,0,windcatcher,
1248789967937999021,,,,,,c52e4bdd2e7a2b96437062c91810043d,,a_cb8bbe431a4c3b88c11096ff8b46907a,,1365410896029159607,,,,79dae93b4acc456cc8aaf6ed2accc540,true,1368972275608453170,OVRW,,nameplates/nameplates/cat_beans/,COLLECTIBLES_NAMEPLATES_CAT_BEANS_A11Y,violet,1349849614143979540,0,,5113856,12165795,2,11,0,Windcatcher,331238905619677185,,79dae93b4acc456cc8aaf6ed2accc540,true,1368972275608453170,OVRW,0,windcatcher,,1248787906051702846,,same,2024-06-08T00:05:29.752Z,,,0,,,false,,,28912437e0390d34d050af4b1a730171,,,,,,0,,0,Virmel,208425244128444418,,0,virmel,,1248787906051702846,208425771172102144,1248788465718661223,0,,false,4,,,,,28912437e0390d34d050af4b1a730171,,,,,,0,,0,Virmel,208425244128444418,,0,virmel,1248787906051702846,,I'd like to try a cruise at least once in my life but I feel like I'd need to look into what the popular ones are like,,,0,1248788465718661223,false,,,false,2,2024-06-07T23:59:31.595000+00:00,false,0,,,,,,,,,,,,,,,,,,,,,,,,,,,2024-06-08T00:05:29.752000+00:00,false,19,windcatcher,
1248788530277122088,,,,,,4332e1b0406caf9c2131c873dfcb53a5,,a_89cd445201a0c6c64d46876503d0e90e,1777013999,1226939756617793606,,,,,,,,,,,,,0,,,,,,0,irfan,410595870380392458,,,,,,0,wishingenie,,1248787906051702846,,lets go do an alaska cruise and see the aurora again?,2024-06-07T23:59:46.987Z,,,0,,,false,,,,,,,,,,,,,,,,,,,,,,,false,3,,,,,,,,,,,,,,,,,,,,,,,,,,,,,,,,,,,,,,,,,,,,,,,,,,,,,,,,,,,,2024-06-07T23:59:46.987000+00:00,false,0,wishingenie,
1248788465718661223,,,,,,28912437e0390d34d050af4b1a730171,,,,,,,,,,,,,,,,,0,,,,,,0,Virmel,208425244128444418,,,,,,0,virmel,,1248787906051702846,,I'd like to try a cruise at least once in my life but I feel like I'd need to look into what the popular ones are like,2024-06-07T23:59:31.595Z,,,0,,,false,,,,,,,,,,,,,,,,,,,,,,,false,2,,,,,,,,,,,,,,,,,,,,,,,,,,,,,,,,,,,,,,,,,,,,,,,,,,,,,,,,,,,,2024-06-07T23:59:31.595000+00:00,false,0,virmel,
1248788465026601113,,,,,,4332e1b0406caf9c2131c873dfcb53a5,,a_89cd445201a0c6c64d46876503d0e90e,1777013999,1226939756617793606,,,,,,,,,,,,,0,,,,,,0,irfan,410595870380392458,,,,,,0,wishingenie,,1248787906051702846,,i love spending money,2024-06-07T23:59:31.430Z,,,0,,,false,,,,,,,,,,,,,,,,,,,,,,,false,1,,,,,,,,,,,,,,,,,,,,,,,,,,,,,,,,,,,,,,,,,,,,,,,,,,,,,,,,,,,,2024-06-07T23:59:31.430000+00:00,false,0,wishingenie,
1248787906051702846,,,,,,c52e4bdd2e7a2b96437062c91810043d,,a_cb8bbe431a4c3b88c11096ff8b46907a,,1365410896029159607,,,,79dae93b4acc456cc8aaf6ed2accc540,true,1368972275608453170,OVRW,,nameplates/nameplates/cat_beans/,COLLECTIBLES_NAMEPLATES_CAT_BEANS_A11Y,violet,1349849614143979540,0,,5113856,12165795,2,11,0,Windcatcher,331238905619677185,,79dae93b4acc456cc8aaf6ed2accc540,true,1368972275608453170,OVRW,0,windcatcher,,208425771172102144,,what do you guys think about going on a cruise next year as a group?,2024-06-07T23:57:18.160Z,,,32,,,false,,,,,,,,,,,,,,,,,,,,,,,false,,,,,,,,,,,,,,,,,,,,,,,,,,,,,,,,,,,,,,,,64000,0,208425771172102144,1248787906051702846,1248790023084576860,1,208425244128444418,5,Vacation cruise discussion 2025,208425244128444418,208425771172102144,0,,2024-06-11T23:05:56.251000+00:00,true,10080,2024-06-07T23:58:14.386000+00:00,false,6,11,0,2024-06-07T23:57:18.160000+00:00,false,0,windcatcher,