id,activity,application,application_id,attachments,author.accent_color,author.avatar,author.avatar_decoration_data,author.avatar_decoration_data.asset,author.avatar_decoration_data.expires_at,author.avatar_decoration_data.sku_id,author.banner,author.banner_color,author.clan,author.clan.badge,author.clan.identity_enabled,author.clan.identity_guild_id,author.clan.tag,author.collectibles,author.discriminator,author.display_name_styles,author.flags,author.global_name,author.id,author.primary_guild,author.primary_guild.badge,author.primary_guild.identity_enabled,author.primary_guild.identity_guild_id,author.primary_guild.tag,author.public_flags,author.username,call,channel_id,components,content,date,edited_timestamp,embeds,flags,interaction,mention_channels,mention_everyone,mentions,mentions.0.accent_color,mentions.0.avatar,mentions.0.avatar_decoration_data,mentions.0.banner,mentions.0.banner_color,mentions.0.clan,mentions.0.clan.badge,mentions.0.clan.identity_enabled,mentions.0.clan.identity_guild_id,mentions.0.clan.tag,mentions.0.collectibles,mentions.0.discriminator,mentions.0.display_name_styles,mentions.0.flags,mentions.0.global_name,mentions.0.id,mentions.0.primary_guild,mentions.0.primary_guild.badge,mentions.0.primary_guild.identity_enabled,mentions.0.primary_guild.identity_guild_id,mentions.0.primary_guild.tag,mentions.0.public_flags,mentions.0.username,mentions.1.accent_color,mentions.1.avatar,mentions.1.avatar_decoration_data.asset,mentions.1.avatar_decoration_data.expires_at,mentions.1.avatar_decoration_data.sku_id,mentions.1.banner,mentions.1.banner_color,mentions.1.clan.badge,mentions.1.clan.identity_enabled,mentions.1.clan.identity_guild_id,mentions.1.clan.tag,mentions.1.collectibles.nameplate.asset,mentions.1.collectibles.nameplate.label,mentions.1.collectibles.nameplate.palette,mentions.1.collectibles.nameplate.sku_id,mentions.1.discriminator,mentions.1.display_name_styles,mentions.1.flags,mentions.1.global_name,mentions.1.id,mentions.1.primary_guild.badge,mentions.1.primary_guild.identity_enabled,mentions.1.primary_guild.identity_guild_id,mentions.1.primary_guild.tag,mentions.1.public_flags,mentions.1.username,message_reference,nonce,pinned,position,reactions,referenced_message,resolved,role_subscription_data,sticker_items,stickers,thread,thread.bitrate,thread.flags,thread.guild_id,thread.id,thread.last_message_id,thread.member_count,thread.member_ids_preview.0,thread.member_ids_preview.1,thread.member_ids_preview.2,thread.message_count,thread.name,thread.owner_id,thread.parent_id,thread.rate_limit_per_user,thread.rtc_region,thread.thread_metadata.archive_timestamp,thread.thread_metadata.archived,thread.thread_metadata.auto_archive_duration,thread.thread_metadata.create_timestamp,thread.thread_metadata.locked,thread.total_message_sent,thread.type,thread.user_limit,timestamp,tts,type,userName,webhook_id
1250525842929619068,,,,,,4332e1b0406caf9c2131c873dfcb53a5,,a_89cd445201a0c6c64d46876503d0e90e,1777013999,1226939756617793606,,,,,,,,,0,,0,irfan,410595870380392458,,,,,,0,wishingenie,,1242194324926501004,,This game sucks man,2024-06-12T19:03:14.601Z,,,0,,,false,,,,,,,,,,,,,,,,,,,,,,,,,,,,,,,,,,,,,,,,,,,,,,,,,,,,,false,15,,,,,,,,,,,,,,,,,,,,,,,,,,,,,,,2024-06-12T19:03:14.601000+00:00,false,0,wishingenie,
1250228209526767842,,,,,,24f4375b862cff2cddeba1c2c28ae90f,,a_be6c77adcaa4aa3ed641f6c78de0dbb8,,1432427447093039205,,,,,,,,,0,,0,Gex,186665676134547461,,,,,,0,gexisangry,,1242194324926501004,,.,2024-06-11T23:20:33.268Z,,,0,,,false,,,,,,,,,,,,,,,,,,,,,,,,,,,,,,,,,,,,,,,,,,,,,,,,,,,,,false,14,,,,,,,,,,,,,,,,,,,,,,,,,,,,,,,2024-06-11T23:20:33.268000+00:00,false,0,gexisangry,
1246019390504439808,,,,,,4b41f96917b94ff40877ae157febcee4,,,,,,,,e929e1c0111f2acf104ba53aefc5ee44,true,753738215482982410,BABA,,0,,0,Son of Krystillia,171455587517857796,,e929e1c0111f2acf104ba53aefc5ee44,true,753738215482982410,BABA,0,acrooz,,1242194324926501004,,I think valheim is a two player game,2024-05-31T08:36:12.617Z,,,0,,,false,,,,,,,,,,,,,,,,,,,,,,,,,,,,,,,,,,,,,,,,,,,,,,,,,,,,,false,13,,,,,,,,,,,,,,,,,,,,,,,,,,,,,,,2024-05-31T08:36:12.617000+00:00,false,0,acrooz,
1246006506671837256,,,,,,24f4375b862cff2cddeba1c2c28ae90f,,a_be6c77adcaa4aa3ed641f6c78de0dbb8,,1432427447093039205,,,,,,,,,0,,0,Gex,186665676134547461,,,,,,0,gexisangry,,1242194324926501004,,.,2024-05-31T07:45:00.872Z,,,0,,,false,,,,,,,,,,,,,,,,,,,,,,,,,,,,,,,,,,,,,,,,,,,,,,,,,,,,,false,12,,,,,,,,,,,,,,,,,,,,,,,,,,,,,,,2024-05-31T07:45:00.872000+00:00,false,0,gexisangry,
1242962109772337292,,,,,,24f4375b862cff2cddeba1c2c28ae90f,,a_be6c77adcaa4aa3ed641f6c78de0dbb8,,1432427447093039205,,,,,,,,,0,,0,Gex,186665676134547461,,,,,,0,gexisangry,,1242194324926501004,,<@171455587517857796>,2024-05-22T22:07:40.089Z,,,0,,,false,,,4b41f96917b94ff40877ae157febcee4,,,,,e929e1c0111f2acf104ba53aefc5ee44,true,753738215482982410,BABA,,0,,0,Son of Krystillia,171455587517857796,,e929e1c0111f2acf104ba53aefc5ee44,true,753738215482982410,BABA,0,acrooz,,,,,,,,,,,,,,,,,,,,,,,,,,,,,false,11,,,,,,,,,,,,,,,,,,,,,,,,,,,,,,,2024-05-22T22:07:40.089000+00:00,false,0,gexisangry,
1242213430333800541,,,,,,8770eb821819855269d55dc90cde4a5b,,,,,,,,,,,,,0,,0,Bussley,175488352949108736,,,,,,0,bussley,,1242194324926501004,,I think it would be cool to play again,2024-05-20T20:32:41.001Z,,,0,,,false,,,,,,,,,,,,,,,,,,,,,,,,,,,,,,,,,,,,,,,,,,,,,,,,,,,,,false,10,,,,,,,,,,,,,,,,,,,,,,,,,,,,,,,2024-05-20T20:32:41.001000+00:00,false,0,bussley,
1242207942065782815,,,,,,c31e0a1e594513fd523e1c8653fd8a70,,,,,,,,,,,,,0,,256,long,251485022429642752,,,,,,256,longngn,,1242194324926501004,,i bought persona 3 and now im poor,2024-05-20T20:10:52.496Z,,,0,,,false,,,,,,,,,,,,,,,,,,,,,,,,,,,,,,,,,,,,,,,,,,,,,,,,,,,,,false,9,,,,,,,,,,,,,,,,,,,,,,,,,,,,,,,2024-05-20T20:10:52.496000+00:00,false,0,longngn,
1242205979689488497,,,,,,c31e0a1e594513fd523e1c8653fd8a70,,,,,,,,,,,,,0,,256,long,251485022429642752,,,,,,256,longngn,,1242194324926501004,,expensive game dude,2024-05-20T20:03:04.629Z,,,0,,,false,,,,,,,,,,,,,,,,,,,,,,,,,,,,,,,,,,,,,,,,,,,,,,,,,,,,,false,8,,,,,,,,,,,,,,,,,,,,,,,,,,,,,,,2024-05-20T20:03:04.629000+00:00,false,0,longngn,
1242204855167352982,,,,,,24f4375b862cff2cddeba1c2c28ae90f,,a_be6c77adcaa4aa3ed641f6c78de0dbb8,,1432427447093039205,,,,,,,,,0,,0,Gex,186665676134547461,,,,,,0,gexisangry,,1242194324926501004,,Lets play?,2024-05-20T19:58:36.522Z,,,0,,,false,,,,,,,,,,,,,,,,,,,,,,,,,,,,,,,,,,,,,,,,,,,,,,,,,,,,,false,7,,,,,,,,,,,,,,,,,,,,,,,,,,,,,,,2024-05-20T19:58:36.522000+00:00,false,0,gexisangry,
1242204840982220921,,,,,,24f4375b862cff2cddeba1c2c28ae90f,,a_be6c77adcaa4aa3ed641f6c78de0dbb8,,1432427447093039205,,,,,,,,,0,,0,Gex,186665676134547461,,,,,,0,gexisangry,,1242194324926501004,,<@251485022429642752> <@497955917673922588>,2024-05-20T19:58:33.140Z,,,0,,,false,,,c31e0a1e594513fd523e1c8653fd8a70,,,,,,,,,,0,,256,long,251485022429642752,,,,,,256,longngn,,e4e5610308eca290a5369b733e3a2d57,a_be6c77adcaa4aa3ed641f6c78de0dbb8,1768003200,1432427447093039205,,,5becca2f3508b27cfa647e1f83227a11,true,959558027718062080,PM,nameplates/nameplates/angels/,COLLECTIBLES_NAMEPLATES_ANGELS_A11Y,bubble_gum,1349849614311751731,0,,256,Tester00,497955917673922588,5becca2f3508b27cfa647e1f83227a11,true,959558027718062080,PM,256,tester00,,,false,6,,,,,,,,,,,,,,,,,,,,,,,,,,,,,,,2024-05-20T19:58:33.140000+00:00,false,0,gexisangry,
1242199617689354331,,,,,,24f4375b862cff2cddeba1c2c28ae90f,,a_be6c77adcaa4aa3ed641f6c78de0dbb8,,1432427447093039205,,,,,,,,,0,,0,Gex,186665676134547461,,,,,,0,gexisangry,,1242194324926501004,,You had the first 3 letters right,2024-05-20T19:37:47.810Z,,,0,,,false,,,,,,,,,,,,,,,,,,,,,,,,,,,,,,,,,,,,,,,,,,,,,,,,,,,,,false,5,,,,,,,,,,,,,,,,,,,,,,,,,,,,,,,2024-05-20T19:37:47.810000+00:00,false,0,gexisangry,
1242194931468992522,,,,,,4332e1b0406caf9c2131c873dfcb53a5,,a_89cd445201a0c6c64d46876503d0e90e,1777013999,1226939756617793606,,,,,,,,,0,,0,irfan,410595870380392458,,,,,,0,wishingenie,,1242194324926501004,,let's play valorant?,2024-05-20T19:19:10.528Z,,,0,,,false,,,,,,,,,,,,,,,,,,,,,,,,,,,,,,,,,,,,,,,,,,,,,,,,,,,,,false,4,,,,,,,,,,,,,,,,,,,,,,,,,,,,,,,2024-05-20T19:19:10.528000+00:00,false,0,wishingenie,
1242194848279171272,,,,,,24f4375b862cff2cddeba1c2c28ae90f,,a_be6c77adcaa4aa3ed641f6c78de0dbb8,,1432427447093039205,,,,,,,,,0,,0,Gex,186665676134547461,,,,,,0,gexisangry,,1242194324926501004,,The password; foreseen-naught-tame,2024-05-20T19:18:50.694Z,,,0,,,false,,,,,,,,,,,,,,,,,,,,,,,,,,,,,,,,,,,,,,,,,,,,,,,,,,,,,false,3,,,,,,,,,,,,,,,,,,,,,,,,,,,,,,,2024-05-20T19:18:50.694000+00:00,false,0,gexisangry,
1242194777089380527,,,,,,24f4375b862cff2cddeba1c2c28ae90f,,a_be6c77adcaa4aa3ed641f6c78de0dbb8,,1432427447093039205,,,,,,,,,0,,0,Gex,186665676134547461,,,,,,0,gexisangry,,1242194324926501004,,The ip is virmel.com,2024-05-20T19:18:33.721Z,,,0,,,false,,,,,,,,,,,,,,,,,,,,,,,,,,,,,,,,,,,,,,,,,,,,,,,,,,,,,false,2,,,,,,,,,,,,,,,,,,,,,,,,,,,,,,,2024-05-20T19:18:33.721000+00:00,false,0,gexisangry,
1242194668851171348,,,,,,24f4375b862cff2cddeba1c2c28ae90f,,a_be6c77adcaa4aa3ed641f6c78de0dbb8,,1432427447093039205,,,,,,,,,0,,0,Gex,186665676134547461,,,,,,0,gexisangry,,1242194324926501004,,Okay Jerred only makes dumb passwords,2024-05-20T19:18:07.915Z,,,0,,,false,,,,,,,,,,,,,,,,,,,,,,,,,,,,,,,,,,,,,,,,,,,,,,,,,,,,,false,1,,,,,,,,,,,,,,,,,,,,,,,,,,,,,,,2024-05-20T19:18:07.915000+00:00,false,0,gexisangry,
1242194324926501004,,,,,,24f4375b862cff2cddeba1c2c28ae90f,,a_be6c77adcaa4aa3ed641f6c78de0dbb8,,1432427447093039205,,,,,,,,,0,,0,Gex,186665676134547461,,,,,,0,gexisangry,,208425771172102144,,"The Valheim server is up, I shall be starting today, if you want to join",2024-05-20T19:16:45.917Z,,,32,,,false,,,,,,,,,,,,,,,,,,,,,,,,,,,,,,,,,,,,,,,,,,,,,,,,,,,,,false,,,,,,,,,64000,0,208425771172102144,1242194324926501004,1250525842929619068,3,208425244128444418,497955917673922588,186665676134547461,15,Valheim,208425244128444418,208425771172102144,0,,2024-07-12T19:12:02.730000+00:00,true,10080,2024-05-20T19:17:32.356000+00:00,false,16,11,0,2024-05-20T19:16:45.917000+00:00,false,0,gexisangry,