id,activity,application,application_id,attachments,attachments.0.content_scan_version,attachments.0.content_type,attachments.0.filename,attachments.0.height,attachments.0.id,attachments.0.placeholder,attachments.0.placeholder_version,attachments.0.proxy_url,attachments.0.size,attachments.0.title,attachments.0.url,attachments.0.width,attachments.1.content_scan_version,attachments.1.content_type,attachments.1.filename,attachments.1.height,attachments.1.id,attachments.1.placeholder,attachments.1.placeholder_version,attachments.1.proxy_url,attachments.1.size,attachments.1.title,attachments.1.url,attachments.1.width,attachments.2.content_scan_version,attachments.2.content_type,attachments.2.filename,attachments.2.height,attachments.2.id,attachments.2.placeholder,attachments.2.placeholder_version,attachments.2.proxy_url,attachments.2.size,attachments.2.title,attachments.2.url,attachments.2.width,author.accent_color,author.avatar,author.avatar_decoration_data,author.banner,author.banner_color,author.clan,author.collectibles,author.discriminator,author.display_name_styles,author.flags,author.global_name,author.id,author.primary_guild,author.public_flags,author.username,call,channel_id,components,content,date,edited_timestamp,embeds,embeds.0.author.name,embeds.0.author.url,embeds.0.color,embeds.0.content_scan_version,embeds.0.description,embeds.0.provider.name,embeds.0.provider.url,embeds.0.thumbnail.content_type,embeds.0.thumbnail.flags,embeds.0.thumbnail.height,embeds.0.thumbnail.placeholder,embeds.0.thumbnail.placeholder_version,embeds.0.thumbnail.proxy_url,embeds.0.thumbnail.url,embeds.0.thumbnail.width,embeds.0.title,embeds.0.type,embeds.0.url,embeds.0.video.flags,embeds.0.video.height,embeds.0.video.placeholder,embeds.0.video.placeholder_version,embeds.0.video.url,embeds.0.video.width,flags,interaction,mention_channels,mention_everyone,mentions,message_reference,message_reference.channel_id,message_reference.guild_id,message_reference.type,nonce,pinned,position,reactions,referenced_message,resolved,role_subscription_data,sticker_items,stickers,thread,thread.bitrate,thread.flags,thread.guild_id,thread.id,thread.last_message_id,thread.member_count,thread.member_ids_preview.0,thread.message_count,thread.name,thread.owner_id,thread.parent_id,thread.rate_limit_per_user,thread.rtc_region,thread.thread_metadata.archive_timestamp,thread.thread_metadata.archived,thread.thread_metadata.auto_archive_duration,thread.thread_metadata.create_timestamp,thread.thread_metadata.locked,thread.total_message_sent,thread.type,thread.user_limit,timestamp,tts,type,userName,webhook_id
1393592363947003924,,,,,,,,,,,,,,,,,,,,,,,,,,,,,,,,,,,,,,,,,,d970d6b2608498a58d5138a98a247e19,,,,,,0,,0,DaVinci Resolve Addict,208404668026454016,,0,snipzar,,1384311921599053945,,"New video out!

https://youtu.be/BLoVhRXUvcs",2025-07-12T13:58:31.259Z,,,,,,,,,,,,,,,,,,,,,,,,,,,0,,,false,,,,,,,false,9,,,,,,,,,,,,,,,,,,,,,,,,,,,,,2025-07-12T13:58:31.259000+00:00,false,0,snipzar,
1385656079324680223,,,,,,,,,,,,,,,,,,,,,,,,,,,,,,,,,,,,,,,,,,d970d6b2608498a58d5138a98a247e19,,,,,,0,,0,DaVinci Resolve Addict,208404668026454016,,0,snipzar,,1384311921599053945,,https://www.youtube.com/watch?v=s5UAhgJf3ss&list=PLsmkTp95IHCTYclrr5RjYF8EuIab7NzUH,2025-06-20T16:22:33.556Z,,,Edward Yamut,https://www.youtube.com/channel/UCAi2HmJKl3jukwhqmeYRm2g,16711680,2,"On today's adventure, we are headed out to the country to chase the dark sky and spot the legendary Aurora Borealis. After some quick preparations, long-term planning, and willingness to venture to the unknown, we head out to Lake Chelan to see this nocturne phenomenon for ourselves.

Join us in this expedition and enjoy the seven exciting chapt...",YouTube,https://www.youtube.com,image/jpeg,0,720,mBgGHIQ1eWjoS4egpXZNzx3zrQ==,1,https://images-ext-1.discordapp.net/external/Wh5RbOcMAc0tbP1eMUCy5EtJiXmK8BDWyWx_Y4xkgYw/https/i.ytimg.com/vi/s5UAhgJf3ss/maxresdefault.jpg,https://i.ytimg.com/vi/s5UAhgJf3ss/maxresdefault.jpg,1280,We Found the Northern Lights in Washington State,video,https://www.youtube.com/watch?v=s5UAhgJf3ss,0,720,mBgGHIQ1eWjoS4egpXZNzx3zrQ==,1,https://www.youtube.com/embed/s5UAhgJf3ss,1280,0,,,false,,,,,,,false,8,,,,,,,,,,,,,,,,,,,,,,,,,,,,,2025-06-20T16:22:33.556000+00:00,false,0,snipzar,
1385656073565900982,,,,,,,,,,,,,,,,,,,,,,,,,,,,,,,,,,,,,,,,,,d970d6b2608498a58d5138a98a247e19,,,,,,0,,0,DaVinci Resolve Addict,208404668026454016,,0,snipzar,,1384311921599053945,,"extra points if you auto play this playlist in the background, to help me earn watch time",2025-06-20T16:22:32.183Z,,,,,,,,,,,,,,,,,,,,,,,,,,,0,,,false,,,,,,,false,7,,,,,,,,,,,,,,,,,,,,,,,,,,,,,2025-06-20T16:22:32.183000+00:00,false,0,snipzar,
1385655858217619626,,,,,,,,,,,,,,,,,,,,,,,,,,,,,,,,,,,,,,,,,,d970d6b2608498a58d5138a98a247e19,,,,,,0,,0,DaVinci Resolve Addict,208404668026454016,,0,snipzar,,1384311921599053945,,It'd be really helpful if you'd watch the video on mute if you have the time 🙂 thank you,2025-06-20T16:21:40.840Z,,,,,,,,,,,,,,,,,,,,,,,,,,,0,,,false,,,,,,,false,6,,,,,,,,,,,,,,,,,,,,,,,,,,,,,2025-06-20T16:21:40.840000+00:00,false,0,snipzar,
1385655773677355118,,,,,,,,,,,,,,,,,,,,,,,,,,,,,,,,,,,,,,,,,,d970d6b2608498a58d5138a98a247e19,,,,,,0,,0,DaVinci Resolve Addict,208404668026454016,,0,snipzar,,1384311921599053945,,New video out now! YT Link: https://www.youtube.com/watch?v=_jJlA_mabpo,2025-06-20T16:21:20.684Z,,,Edward Yamut,https://www.youtube.com/channel/UCAi2HmJKl3jukwhqmeYRm2g,16711680,2,"Join me on a photo adventure through Titlow Park, one of Tacoma, Washington’s most underrated photography gems. Located right along the Puget Sound, this park offers stunning waterfront views, forest trails, and a close-up look at the iconic Tacoma Narrows Bridge.
#TitlowPark #washington  #tacoma  

In this video, I’ll show you:
- The best s...",YouTube,https://www.youtube.com,image/jpeg,0,720,IfgFDIIwv1qOdmWzimZQ1GwFig==,1,https://images-ext-1.discordapp.net/external/gLtYPlmQmXiXGo7kUN9XNAcnt1IvcCFPKYTXKYmeqyw/https/i.ytimg.com/vi/_jJlA_mabpo/maxresdefault.jpg,https://i.ytimg.com/vi/_jJlA_mabpo/maxresdefault.jpg,1280,Photography Secrets of Tacoma's Titlow Park You Never Knew,video,https://www.youtube.com/watch?v=_jJlA_mabpo,0,720,IfgFDIIwv1qOdmWzimZQ1GwFig==,1,https://www.youtube.com/embed/_jJlA_mabpo,1280,0,,,false,,,,,,,false,5,,,,,,,,,,,,,,,,,,,,,,,,,,,,,2025-06-20T16:21:20.684000+00:00,false,0,snipzar,
1385316927626285326,,,,,2,image/jpeg,Titlow_Park_Photo_Spots_68a64dff-dc34-467a-afb1-99cb7bfb8ca7_1.png,720,1385316927383142430,JekJNIZvZMh+eIioiJoHZ/NTRw==,1,https://media.discordapp.net/attachments/1384311921599053945/1385316927383142430/Titlow_Park_Photo_Spots_68a64dff-dc34-467a-afb1-99cb7bfb8ca7_1.png?ex=69234a6d&is=6921f8ed&hm=f8e0e21aedae61d16315bb84a276e97f329e11ef5367c4b9fefa3f06447723f7&,682203,Titlow_Park_Photo_Spots_68a64dff-dc34-467a-afb1-99cb7bfb8ca7 (1),https://cdn.discordapp.com/attachments/1384311921599053945/1385316927383142430/Titlow_Park_Photo_Spots_68a64dff-dc34-467a-afb1-99cb7bfb8ca7_1.png?ex=69234a6d&is=6921f8ed&hm=f8e0e21aedae61d16315bb84a276e97f329e11ef5367c4b9fefa3f06447723f7&,1280,,,,,,,,,,,,,,,,,,,,,,,,,,d970d6b2608498a58d5138a98a247e19,,,,,,0,,0,DaVinci Resolve Addict,208404668026454016,,0,snipzar,,1384311921599053945,,,2025-06-19T17:54:53.490Z,,,,,,,,,,,,,,,,,,,,,,,,,,,0,,,false,,,,,,,false,4,,,,,,,,,,,,,,,,,,,,,,,,,,,,,2025-06-19T17:54:53.490000+00:00,false,0,snipzar,
1385315209354285127,,,,,2,image/jpeg,try_2.jpg,720,1385315208427208735,5bcJFIxAvWmcWHd6mpSgWFgHVg==,1,https://media.discordapp.net/attachments/1384311921599053945/1385315208427208735/try_2.jpg?ex=692348d3&is=6921f753&hm=15f00ce65fc3af6ba05a2a9ec2d2f78adf14f4d5098ef059b189756c64fc799c&,678457,try 2,https://cdn.discordapp.com/attachments/1384311921599053945/1385315208427208735/try_2.jpg?ex=692348d3&is=6921f753&hm=15f00ce65fc3af6ba05a2a9ec2d2f78adf14f4d5098ef059b189756c64fc799c&,1280,2,image/jpeg,try_5.jpg,720,1385315208746107022,IfgFDIJQrlmMdma0iWZg1F0Giw==,1,https://media.discordapp.net/attachments/1384311921599053945/1385315208746107022/try_5.jpg?ex=692348d3&is=6921f753&hm=14fe64ca417e047d64ea2f2db188bb7760066932912789ac683af15f904586cc&,743348,try 5,https://cdn.discordapp.com/attachments/1384311921599053945/1385315208746107022/try_5.jpg?ex=692348d3&is=6921f753&hm=14fe64ca417e047d64ea2f2db188bb7760066932912789ac683af15f904586cc&,1280,2,image/jpeg,try_6.jpg,720,1385315209073397780,IfgFDIIwv1qOdmWzimZQ1GwFig==,1,https://media.discordapp.net/attachments/1384311921599053945/1385315209073397780/try_6.jpg?ex=692348d3&is=6921f753&hm=f7689f216595e102abf5c9b4975db9e16cacb4a8b36f9b3c1945da6d23d55541&,751924,try 6,https://cdn.discordapp.com/attachments/1384311921599053945/1385315209073397780/try_6.jpg?ex=692348d3&is=6921f753&hm=f7689f216595e102abf5c9b4975db9e16cacb4a8b36f9b3c1945da6d23d55541&,1280,,d970d6b2608498a58d5138a98a247e19,,,,,,0,,0,DaVinci Resolve Addict,208404668026454016,,0,snipzar,,1384311921599053945,,,2025-06-19T17:48:03.822Z,,,,,,,,,,,,,,,,,,,,,,,,,,,0,,,false,,,,,,,false,3,,,,,,,,,,,,,,,,,,,,,,,,,,,,,2025-06-19T17:48:03.822000+00:00,false,0,snipzar,
1385315107457990776,,,,,,,,,,,,,,,,,,,,,,,,,,,,,,,,,,,,,,,,,,d970d6b2608498a58d5138a98a247e19,,,,,,0,,0,DaVinci Resolve Addict,208404668026454016,,0,snipzar,,1384311921599053945,,What do you guys think is the best?,2025-06-19T17:47:39.528Z,,,,,,,,,,,,,,,,,,,,,,,,,,,0,,,false,,,,,,,false,2,,,,,,,,,,,,,,,,,,,,,,,,,,,,,2025-06-19T17:47:39.528000+00:00,false,0,snipzar,
1385315075018981379,,,,,,,,,,,,,,,,,,,,,,,,,,,,,,,,,,,,,,,,,,d970d6b2608498a58d5138a98a247e19,,,,,,0,,0,DaVinci Resolve Addict,208404668026454016,,0,snipzar,,1384311921599053945,,Okay so I did some thumbnails,2025-06-19T17:47:31.794Z,,,,,,,,,,,,,,,,,,,,,,,,,,,0,,,false,,,,,,,false,1,,,,,,,,,,,,,,,,,,,,,,,,,,,,,2025-06-19T17:47:31.794000+00:00,false,0,snipzar,
1384311927458631790,,,,,,,,,,,,,,,,,,,,,,,,,,,,,,,,,,,,,,,,,,d970d6b2608498a58d5138a98a247e19,,,,,,0,,0,DaVinci Resolve Addict,208404668026454016,,0,snipzar,,1384311921599053945,,"hi, i'm gonna be posting more content weekly and I'm just gonna house all the media here in this thread to not take up space in other chats. I will occasionally ping this thread for each upload.

Looking forward to feedback and tips to improve moving on!",2025-06-16T23:21:22.778Z,,,,,,,,,,,,,,,,,,,,,,,,,,,0,,,false,,,,,,,false,,,,,,,,,,,,,,,,,,,,,,,,,,,,,,2025-06-16T23:21:22.778000+00:00,false,0,snipzar,
1384311921599053945,,,,,,,,,,,,,,,,,,,,,,,,,,,,,,,,,,,,,,,,,,d970d6b2608498a58d5138a98a247e19,,,,,,0,,0,DaVinci Resolve Addict,208404668026454016,,0,snipzar,,208425771172102144,,YouTube Channel Promotions :),2025-06-16T23:21:21.381Z,,,,,,,,,,,,,,,,,,,,,,,,,,,32,,,false,,,1384311921599053945,208425771172102144,0,,false,,,,,,,,,64000,0,208425771172102144,1384311921599053945,1393592363947003924,1,208425244128444418,10,YouTube Channel Promotions :),208404668026454016,208425771172102144,0,,2025-08-11T14:01:20.166000+00:00,true,10080,2025-06-16T23:21:21.381000+00:00,false,10,11,0,2025-06-16T23:21:21.381000+00:00,false,18,snipzar,