id,activity,application,application_id,attachments,attachments.0.content_type,attachments.0.filename,attachments.0.height,attachments.0.id,attachments.0.proxy_url,attachments.0.size,attachments.0.url,attachments.0.width,author.accent_color,author.avatar,author.avatar_decoration_data,author.avatar_decoration_data.asset,author.avatar_decoration_data.expires_at,author.avatar_decoration_data.sku_id,author.banner,author.banner_color,author.clan,author.clan.badge,author.clan.identity_enabled,author.clan.identity_guild_id,author.clan.tag,author.collectibles,author.discriminator,author.display_name_styles,author.flags,author.global_name,author.id,author.primary_guild,author.primary_guild.badge,author.primary_guild.identity_enabled,author.primary_guild.identity_guild_id,author.primary_guild.tag,author.public_flags,author.username,call,channel_id,components,content,date,edited_timestamp,embeds,embeds.0.provider.name,embeds.0.provider.url,embeds.0.thumbnail.flags,embeds.0.thumbnail.height,embeds.0.thumbnail.proxy_url,embeds.0.thumbnail.url,embeds.0.thumbnail.width,embeds.0.type,embeds.0.url,embeds.0.video.flags,embeds.0.video.height,embeds.0.video.proxy_url,embeds.0.video.url,embeds.0.video.width,flags,interaction,mention_channels,mention_everyone,mentions,mentions.0.accent_color,mentions.0.avatar,mentions.0.avatar_decoration_data,mentions.0.banner,mentions.0.banner_color,mentions.0.clan,mentions.0.collectibles,mentions.0.discriminator,mentions.0.display_name_styles,mentions.0.flags,mentions.0.global_name,mentions.0.id,mentions.0.primary_guild,mentions.0.public_flags,mentions.0.username,message_reference,message_reference.channel_id,message_reference.guild_id,message_reference.type,nonce,pinned,position,reactions,reactions.0.burst_colors,reactions.0.burst_count,reactions.0.burst_me,reactions.0.count,reactions.0.count_details.burst,reactions.0.count_details.normal,reactions.0.emoji.id,reactions.0.emoji.name,reactions.0.me,reactions.0.me_burst,referenced_message,resolved,role_subscription_data,sticker_items,sticker_items.0.format_type,sticker_items.0.id,sticker_items.0.name,stickers,thread,thread.bitrate,thread.flags,thread.guild_id,thread.id,thread.last_message_id,thread.member_count,thread.member_ids_preview.0,thread.message_count,thread.name,thread.owner_id,thread.parent_id,thread.rate_limit_per_user,thread.rtc_region,thread.thread_metadata.archive_timestamp,thread.thread_metadata.archived,thread.thread_metadata.auto_archive_duration,thread.thread_metadata.create_timestamp,thread.thread_metadata.locked,thread.total_message_sent,thread.type,thread.user_limit,timestamp,tts,type,userName,webhook_id
948700834533883954,,,,,image/gif,unknown.gif,280,948700834185760858,https://media.discordapp.net/attachments/939366415624978472/948700834185760858/unknown.gif?ex=69238380&is=69223200&hm=b4d5abd2a6755b7442098b6580b6dfab9b3ddb7cdbf7d25c67ea65154757b3d8&,1968518,https://cdn.discordapp.com/attachments/939366415624978472/948700834185760858/unknown.gif?ex=69238380&is=69223200&hm=b4d5abd2a6755b7442098b6580b6dfab9b3ddb7cdbf7d25c67ea65154757b3d8&,245,,d970d6b2608498a58d5138a98a247e19,,,,,,,,,,,,,0,,0,DaVinci Resolve Addict,208404668026454016,,,,,,0,snipzar,,939366415624978472,,,2022-03-02T21:58:24.962Z,,,,,,,,,,,,,,,,,0,,,false,,,,,,,,,,,,,,,,,,,,,,false,,,,,,,,,,,,,,,,,,,,,,,,,,,,,,,,,,,,,,,,,,,2022-03-02T21:58:24.962000+00:00,false,0,snipzar,
948412193479741500,,,,,,,,,,,,,,8770eb821819855269d55dc90cde4a5b,,,,,,,,,,,,,0,,0,Bussley,175488352949108736,,,,,,0,bussley,,939366415624978472,,bro stop posting lewd content,2022-03-02T02:51:27.572Z,,,,,,,,,,,,,,,,,0,,,false,,,,,,,,,,,,,,,,,,,,,,false,,,,,,,,,,,,,,,,,,,,,,,,,,,,,,,,,,,,,,,,,,,2022-03-02T02:51:27.572000+00:00,false,0,bussley,
948345820477022248,,,,,,,,,,,,,,28912437e0390d34d050af4b1a730171,,,,,,,,,,,,,0,,0,Virmel,208425244128444418,,,,,,0,virmel,,939366415624978472,,that's just a gay gif <:thinking:692566005423144970>,2022-03-01T22:27:43.015Z,,,,,,,,,,,,,,,,,0,,,false,,,,,,,,,,,,,,,,,,,,,,false,,,,,,,,,,,,,,,,,,,,,,,,,,,,,,,,,,,,,,,,,,,2022-03-01T22:27:43.015000+00:00,false,0,virmel,
948345768018866217,,,,,,,,,,,,,,28912437e0390d34d050af4b1a730171,,,,,,,,,,,,,0,,0,Virmel,208425244128444418,,,,,,0,virmel,,939366415624978472,,... there's no text on that gif...,2022-03-01T22:27:30.508Z,,,,,,,,,,,,,,,,,0,,,false,,,,,,,,,,,,,,,,,,,,,,false,,,,,,,,,,,,,,,,,,,,,,,,,,,,,,,,,,,,,,,,,,,2022-03-01T22:27:30.508000+00:00,false,0,virmel,
948345691011444767,,,,,,,,,,,,,,d970d6b2608498a58d5138a98a247e19,,,,,,,,,,,,,0,,0,DaVinci Resolve Addict,208404668026454016,,,,,,0,snipzar,,939366415624978472,,https://tenor.com/view/dane-de-haan-gay-daniel-radcliffe-gay-kiss-gabriel-austin-gif-5657040,2022-03-01T22:27:12.148Z,,,Tenor,https://tenor.co,0,180,https://images-ext-1.discordapp.net/external/LcTb_ygQ4RwHp1ZWIsxdwXi7T8C_4vi3MItcviSTqug/%3Fc%3DVjFfZGlzY29yZA%26ver%3D0126/https/media.tenor.com/d_HyA1p6CsQAAAAD/dane-de-haan-gay.png,https://media.tenor.com/d_HyA1p6CsQAAAAD/dane-de-haan-gay.png?c=VjFfZGlzY29yZA&ver=0126,244,gifv,https://tenor.com/view/dane-de-haan-gay-daniel-radcliffe-gay-kiss-gabriel-austin-gif-5657040,0,180,https://images-ext-1.discordapp.net/external/Fkljkd4sQ_x8zkEM7oFfWLj10-JDo6pziR5ZEsrDu2w/%3Fc%3DVjFfZGlzY29yZA%26ver%3D0126/https/media.tenor.com/d_HyA1p6CsQAAAPo/dane-de-haan-gay.mp4,https://media.tenor.com/d_HyA1p6CsQAAAPo/dane-de-haan-gay.mp4?c=VjFfZGlzY29yZA&ver=0126,244,0,,,false,,,,,,,,,,,,,,,,,,,,,,false,,,,,,,,,,,,,,,,,,,,,,,,,,,,,,,,,,,,,,,,,,,2022-03-01T22:27:12.148000+00:00,false,0,snipzar,
947385236176662529,,,,,,,,,,,,,,28912437e0390d34d050af4b1a730171,,,,,,,,,,,,,0,,0,Virmel,208425244128444418,,,,,,0,virmel,,939366415624978472,,legen-fuckin-dary thread....,2022-02-27T06:50:41.871Z,,,,,,,,,,,,,,,,,0,,,false,,,,,,,,,,,,,,,,,,,,,,false,,,,,,,,,,,,,,,,,,,,,,,,,,,,,,,,,,,,,,,,,,,2022-02-27T06:50:41.871000+00:00,false,0,virmel,
947378365776674837,,,,,,,,,,,,,,438f329cf77c137086671b969a39d2b1,,,,,,,,,,491296025953173514,,,0,,0,yuzka,528096854831792159,,,,491296025953173514,,0,yuzka,,939366415624978472,,LET'S FUCKING GO BOYS !!!,2022-02-27T06:23:23.840Z,,,,,,,,,,,,,,,,,0,,,false,,,,,,,,,,,,,,,,,,,,,,false,,,,,,,,,,,,,,,,,,,,,,,,,,,,,,,,,,,,,,,,,,,2022-02-27T06:23:23.840000+00:00,false,0,yuzka,
947378336819195954,,,,,image/png,unknown.png,502,947378336584302642,https://media.discordapp.net/attachments/939366415624978472/947378336584302642/unknown.png?ex=69235114&is=6921ff94&hm=0ce318f250e0df2076f11b53b00216e2cb7233d3ea2b4682d882ebc448072a55&,523202,https://cdn.discordapp.com/attachments/939366415624978472/947378336584302642/unknown.png?ex=69235114&is=6921ff94&hm=0ce318f250e0df2076f11b53b00216e2cb7233d3ea2b4682d882ebc448072a55&,827,,438f329cf77c137086671b969a39d2b1,,,,,,,,,,491296025953173514,,,0,,0,yuzka,528096854831792159,,,,491296025953173514,,0,yuzka,,939366415624978472,,,2022-02-27T06:23:16.936Z,,,,,,,,,,,,,,,,,0,,,false,,,,,,,,,,,,,,,,,,,,,,false,,,,,,,,,,,,,,,,,,,,,,,,,,,,,,,,,,,,,,,,,,,2022-02-27T06:23:16.936000+00:00,false,0,yuzka,
946921527981506610,,,,,,,,,,,,,,d970d6b2608498a58d5138a98a247e19,,,,,,,,,,,,,0,,0,DaVinci Resolve Addict,208404668026454016,,,,,,0,snipzar,,939366415624978472,,zach doesn't even play league,2022-02-26T00:08:05.222Z,,,,,,,,,,,,,,,,,0,,,false,,,,,,,,,,,,,,,,,,,,,,false,,,,,,,,,,,,,,,,,,,,,,,,,,,,,,,,,,,,,,,,,,,2022-02-26T00:08:05.222000+00:00,false,0,snipzar,
946884225506873354,,,,,,,,,,,,,,28912437e0390d34d050af4b1a730171,,,,,,,,,,,,,0,,0,Virmel,208425244128444418,,,,,,0,virmel,,939366415624978472,,… legendary thread bros ….,2022-02-25T21:39:51.619Z,,,,,,,,,,,,,,,,,0,,,false,,,,,,,,,,,,,,,,,,,,,,false,,,,,,,,,,,,,,,,,,,,,,,,,,,,,,,,,,,,,,,,,,,2022-02-25T21:39:51.619000+00:00,false,0,virmel,
946882649421664286,,,,,image/gif,hop-on-elden-ring-elden-ring.gif,640,946882648746373150,https://media.discordapp.net/attachments/939366415624978472/946882648746373150/hop-on-elden-ring-elden-ring.gif?ex=69237daf&is=69222c2f&hm=eb1ddeca4d002f1aac6f5794e53691e614202b3e2b03ef988dc5ae12a07ff872&,8613532,https://cdn.discordapp.com/attachments/939366415624978472/946882648746373150/hop-on-elden-ring-elden-ring.gif?ex=69237daf&is=69222c2f&hm=eb1ddeca4d002f1aac6f5794e53691e614202b3e2b03ef988dc5ae12a07ff872&,396,,8770eb821819855269d55dc90cde4a5b,,,,,,,,,,,,,0,,0,Bussley,175488352949108736,,,,,,0,bussley,,939366415624978472,,,2022-02-25T21:33:35.851Z,,,,,,,,,,,,,,,,,0,,,false,,,,,,,,,,,,,,,,,,,,,,false,,,,,,,,,,,,,,,,,,,,,,,,,,,,,,,,,,,,,,,,,,,2022-02-25T21:33:35.851000+00:00,false,0,bussley,
946882224991649802,,,,,,,,,,,,,,8770eb821819855269d55dc90cde4a5b,,,,,,,,,,,,,0,,0,Bussley,175488352949108736,,,,,,0,bussley,,939366415624978472,,WE CAN'T LET IT DIE,2022-02-25T21:31:54.659Z,2022-02-25T21:32:00.516000+00:00,,,,,,,,,,,,,,,,0,,,false,,,,,,,,,,,,,,,,,,,,,,false,,,,,,,,,,,,,,,,,,,,,,,,,,,,,,,,,,,,,,,,,,,2022-02-25T21:31:54.659000+00:00,false,0,bussley,
946159249422172180,,,,,,,,,,,,,,28912437e0390d34d050af4b1a730171,,,,,,,,,,,,,0,,0,Virmel,208425244128444418,,,,,,0,virmel,,939366415624978472,,… yeah ……..,2022-02-23T21:39:03.851Z,,,,,,,,,,,,,,,,,0,,,false,,,,,,,,,,,,,,,,,,,,,,false,,,,,,,,,,,,,,,,,,,,,,,,,,,,,,,,,,,,,,,,,,,2022-02-23T21:39:03.851000+00:00,false,0,virmel,
946141850274766960,,,,,,,,,,,,,,4332e1b0406caf9c2131c873dfcb53a5,,a_89cd445201a0c6c64d46876503d0e90e,1777013999,1226939756617793606,,,,,,,,,0,,0,irfan,410595870380392458,,,,,,0,wishingenie,,939366415624978472,,this shit's still going??,2022-02-23T20:29:55.571Z,,,,,,,,,,,,,,,,,0,,,false,,,,,,,,,,,,,,,,,,,,,,false,,,,,,,,,,,,,,,,,,,,,,,,,,,,,,,,,,,,,,,,,,,2022-02-23T20:29:55.571000+00:00,false,0,wishingenie,
946119931567669330,,,,,,,,,,,,,,4b41f96917b94ff40877ae157febcee4,,,,,,,,e929e1c0111f2acf104ba53aefc5ee44,true,753738215482982410,BABA,,0,,0,Son of Krystillia,171455587517857796,,e929e1c0111f2acf104ba53aefc5ee44,true,753738215482982410,BABA,0,acrooz,,939366415624978472,,https://tenor.com/view/dark-souls-dark-souls2-gay-gif-21041212,2022-02-23T19:02:49.744Z,,,Tenor,https://tenor.co,0,478,https://images-ext-1.discordapp.net/external/SKlbfQl37v1h1mbNwLWcDN4xPS5_rHqVq94MmFqSQjU/https/media.tenor.co/images/476ef9d6d327df886c9f42ba923e5bf5/tenor.png,https://media.tenor.co/images/476ef9d6d327df886c9f42ba923e5bf5/tenor.png,640,gifv,https://tenor.com/view/dark-souls-dark-souls2-gay-gif-21041212,0,478,,https://media.tenor.co/videos/6692e641fc4c15808a03e00fb19a9681/mp4,640,0,,,false,,,,,,,,,,,,,,,,,,,,,,false,,,,,,,,,,,,,,,,,,,,,,,,,,,,,,,,,,,,,,,,,,,2022-02-23T19:02:49.744000+00:00,false,0,acrooz,
946115475992113153,,,,,,,,,,,,,,28912437e0390d34d050af4b1a730171,,,,,,,,,,,,,0,,0,Virmel,208425244128444418,,,,,,0,virmel,,939366415624978472,,<:thinking:692566005423144970>,2022-02-23T18:45:07.452Z,,,,,,,,,,,,,,,,,0,,,false,,,,,,,,,,,,,,,,,,,,,,false,,,,,,,,,,,,,,,,,,,,,,,,,,,,,,,,,,,,,,,,,,,2022-02-23T18:45:07.452000+00:00,false,0,virmel,
946113338314735667,,,,,,,,,,,,,,d970d6b2608498a58d5138a98a247e19,,,,,,,,,,,,,0,,0,DaVinci Resolve Addict,208404668026454016,,,,,,0,snipzar,,939366415624978472,,stop. don't egg him on,2022-02-23T18:36:37.790Z,,,,,,,,,,,,,,,,,0,,,false,,,,,,,,,,,,,,,,,,,,,,false,,,,,,,,,,,,,,,,,,,,,,,,,,,,,,,,,,,,,,,,,,,2022-02-23T18:36:37.790000+00:00,false,0,snipzar,
946113116712865812,,,,,,,,,,,,,,8770eb821819855269d55dc90cde4a5b,,,,,,,,,,,,,0,,0,Bussley,175488352949108736,,,,,,0,bussley,,939366415624978472,,I need more gifs,2022-02-23T18:35:44.956Z,,,,,,,,,,,,,,,,,0,,,false,,,,,,,,,,,,,,,,,,,,,,false,,,,,,,,,,,,,,,,,,,,,,,,,,,,,,,,,,,,,,,,,,,2022-02-23T18:35:44.956000+00:00,false,0,bussley,
945853180326080563,,,,,,,,,,,,,,d970d6b2608498a58d5138a98a247e19,,,,,,,,,,,,,0,,0,DaVinci Resolve Addict,208404668026454016,,,,,,0,snipzar,,939366415624978472,,kill me......,2022-02-23T01:22:51.292Z,,,,,,,,,,,,,,,,,0,,,false,,,,,,,,,,,,,,,,,,,,,,false,,,,,,,,,,,,,,,,,,,,,,,,,,,,,,,,,,,,,,,,,,,2022-02-23T01:22:51.292000+00:00,false,0,snipzar,
945840272422608937,,,,,,,,,,,,,,4b41f96917b94ff40877ae157febcee4,,,,,,,,e929e1c0111f2acf104ba53aefc5ee44,true,753738215482982410,BABA,,0,,0,Son of Krystillia,171455587517857796,,e929e1c0111f2acf104ba53aefc5ee44,true,753738215482982410,BABA,0,acrooz,,939366415624978472,,bro just let it die,2022-02-23T00:31:33.808Z,,,,,,,,,,,,,,,,,0,,,false,,,,,,,,,,,,,,,,,,,,,,false,,,,,,,,,,,,,,,,,,,,,,,,,,,,,,,,,,,,,,,,,,,2022-02-23T00:31:33.808000+00:00,false,0,acrooz,
945830028132909076,,,,,,,,,,,,,,28912437e0390d34d050af4b1a730171,,,,,,,,,,,,,0,,0,Virmel,208425244128444418,,,,,,0,virmel,,939366415624978472,,https://tenor.com/view/lol-league-of-legends-hop-on-league-catadora-gfs-gif-22752811,2022-02-22T23:50:51.379Z,,,Tenor,https://tenor.co,0,360,https://images-ext-1.discordapp.net/external/zzknclRmado61N0QFKMAf519L14fKmnG-AGshgTPQKM/https/media.tenor.co/images/f872e7962e1eab71b1572c804d607b4e/tenor.png,https://media.tenor.co/images/f872e7962e1eab71b1572c804d607b4e/tenor.png,640,gifv,https://tenor.com/view/lol-league-of-legends-hop-on-league-catadora-gfs-gif-22752811,0,360,,https://media.tenor.co/videos/b9989c66e3437e45c43bf080823879f3/mp4,640,0,,,false,,,,,,,,,,,,,,,,,,,,,,false,,,,,,,,,,,,,,,,,,,,,,,,,,,,,,,,,,,,,,,,,,,2022-02-22T23:50:51.379000+00:00,false,0,virmel,
944434886654193674,,,,,,,,,,,,,,28912437e0390d34d050af4b1a730171,,,,,,,,,,,,,0,,0,Virmel,208425244128444418,,,,,,0,virmel,,939366415624978472,,^ yeah bro.. these are some fire fucking gifs bros,2022-02-19T03:27:03.730Z,,,,,,,,,,,,,,,,,0,,,false,,,,,,,,,,,,,,,,,,,,,,false,,,,,,,,,,,,,,,,,,,,,,,,,,,,,,,,,,,,,,,,,,,2022-02-19T03:27:03.730000+00:00,false,0,virmel,
944434829146079273,,,,,,,,,,,,,,438f329cf77c137086671b969a39d2b1,,,,,,,,,,491296025953173514,,,0,,0,yuzka,528096854831792159,,,,491296025953173514,,0,yuzka,,939366415624978472,,Nothing to apologize for bro,2022-02-19T03:26:50.019Z,,,,,,,,,,,,,,,,,0,,,false,,,,,,,,,,,,,,,,,,,,,,false,,,,,,,,,,,,,,,,,,,,,,,,,,,,,,,,,,,,,,,,,,,2022-02-19T03:26:50.019000+00:00,false,0,yuzka,
944426858617929759,,,,,,,,,,,,,,4b41f96917b94ff40877ae157febcee4,,,,,,,,e929e1c0111f2acf104ba53aefc5ee44,true,753738215482982410,BABA,,0,,0,Son of Krystillia,171455587517857796,,e929e1c0111f2acf104ba53aefc5ee44,true,753738215482982410,BABA,0,acrooz,,939366415624978472,,I would like to apologize for starting this thread,2022-02-19T02:55:09.697Z,2022-02-19T02:55:20.835000+00:00,,,,,,,,,,,,,,,,0,,,false,,,,,,,,,,,,,,,,,,,,,,false,,,,,,,,,,,,,,,,,,,,,,,,,,,,,,,,,,,,,,,,,,,2022-02-19T02:55:09.697000+00:00,false,0,acrooz,
944339538648633415,,,,,,,,,,,,,,28912437e0390d34d050af4b1a730171,,,,,,,,,,,,,0,,0,Virmel,208425244128444418,,,,,,0,virmel,,939366415624978472,,legendary thread,2022-02-18T21:08:10.994Z,,,,,,,,,,,,,,,,,0,,,false,,,,,,,,,,,,,,,,,,,,,,false,,,,,,,,,,,,,,,,,,,,,,,,,,,,,,,,,,,,,,,,,,,2022-02-18T21:08:10.994000+00:00,false,0,virmel,
944338655647006770,,,,,,,,,,,,,,d970d6b2608498a58d5138a98a247e19,,,,,,,,,,,,,0,,0,DaVinci Resolve Addict,208404668026454016,,,,,,0,snipzar,,939366415624978472,,https://tenor.com/view/jayce-viktor-jayvik-league-of-legends-do-you-want-to-play-gif-23765870,2022-02-18T21:04:40.470Z,,,Tenor,https://tenor.co,0,406,https://images-ext-1.discordapp.net/external/BNXnC3jJj-i3NVNwyXUGzhR54rSLYgTZ85mr8SppbIY/https/media.tenor.co/images/e568e19124964d0c77b846c3a3a027ec/tenor.png,https://media.tenor.co/images/e568e19124964d0c77b846c3a3a027ec/tenor.png,640,gifv,https://tenor.com/view/jayce-viktor-jayvik-league-of-legends-do-you-want-to-play-gif-23765870,0,406,,https://media.tenor.co/videos/794d2559f76b1c3c4ae9b7b45c84b58b/mp4,640,0,,,false,,,,,,,,,,,,,,,,,,,,,,false,,,,,,,,,,,,,,,,,,,,,,,,,,,,,,,,,,,,,,,,,,,2022-02-18T21:04:40.470000+00:00,false,0,snipzar,
944289076192874506,,,,,,,,,,,,,,28912437e0390d34d050af4b1a730171,,,,,,,,,,,,,0,,0,Virmel,208425244128444418,,,,,,0,virmel,,939366415624978472,,https://tenor.com/view/papi-ronaldo-gif-22768667,2022-02-18T17:47:39.807Z,,,Tenor,https://tenor.co,0,640,https://images-ext-1.discordapp.net/external/r63Hxs6s4E3Oc5wIvLkSBYSIGAFaFtzLngstOZqoSKc/https/media.tenor.co/images/b1d23eea222dbe8c9cd5776f12a08e5c/tenor.png,https://media.tenor.co/images/b1d23eea222dbe8c9cd5776f12a08e5c/tenor.png,580,gifv,https://tenor.com/view/papi-ronaldo-gif-22768667,0,640,,https://media.tenor.co/videos/bea1382096291903511bfabd37becc99/mp4,580,0,,,false,,,,,,,,,,,,,,,,,,,,,,false,,,,,,,,,,,,,,,,,,,,,,,,,,,,,,,,,,,,,,,,,,,2022-02-18T17:47:39.807000+00:00,false,0,virmel,
943912507544862772,,,,,,,,,,,,,,d970d6b2608498a58d5138a98a247e19,,,,,,,,,,,,,0,,0,DaVinci Resolve Addict,208404668026454016,,,,,,0,snipzar,,939366415624978472,,why is this more disturbing than everything else?,2022-02-17T16:51:18.845Z,,,,,,,,,,,,,,,,,0,,,false,,,,,,,,,,,,,,,,,,,,,,false,,,,,,,,,,,,,,,,,,,,,,,,,,,,,,,,,,,,,,,,,,,2022-02-17T16:51:18.845000+00:00,false,0,snipzar,
943912184658923580,,,,,,,,,,,,,,28912437e0390d34d050af4b1a730171,,,,,,,,,,,,,0,,0,Virmel,208425244128444418,,,,,,0,virmel,,939366415624978472,,https://tenor.com/view/league-of-legends-gif-23282856,2022-02-17T16:50:01.863Z,,,Tenor,https://tenor.co,0,640,https://images-ext-1.discordapp.net/external/01snNiDSLudE20tX0K5DZFi812_SZrWdKISugRYaO7w/https/media.tenor.co/images/6065988caeed2cfde64fd185ea4d8a75/tenor.png,https://media.tenor.co/images/6065988caeed2cfde64fd185ea4d8a75/tenor.png,358,gifv,https://tenor.com/view/league-of-legends-gif-23282856,0,640,,https://media.tenor.co/videos/5fc0ce62f290490dfdcef6f2d0c3486c/mp4,358,0,,,false,,,,,,,,,,,,,,,,,,,,,,false,,,,,,,,,,,,,,,,,,,,,,,,,,,,,,,,,,,,,,,,,,,2022-02-17T16:50:01.863000+00:00,false,0,virmel,
943237722720571432,,,,,,,,,,,,,,28912437e0390d34d050af4b1a730171,,,,,,,,,,,,,0,,0,Virmel,208425244128444418,,,,,,0,virmel,,939366415624978472,,https://tenor.com/view/ishowspeed-speed-league-league-of-legends-league-of-legends-meme-gif-24281923,2022-02-15T20:09:57.606Z,,,Tenor,https://tenor.co,0,480,https://images-ext-1.discordapp.net/external/ZSbSjAQOfHB3e7cmpbzHwt7EyX69vYDikfIKUTcUd2c/https/media.tenor.co/images/b54ae03c93c0c1c7f172ab86aa6d2310/tenor.png,https://media.tenor.co/images/b54ae03c93c0c1c7f172ab86aa6d2310/tenor.png,640,gifv,https://tenor.com/view/ishowspeed-speed-league-league-of-legends-league-of-legends-meme-gif-24281923,0,480,,https://media.tenor.co/videos/0ed47144b817295eebae086c14bd8a66/mp4,640,0,,,false,,,,,,,,,,,,,,,,,,,,,,false,,,,,,,,,,,,,,,,,,,,,,,,,,,,,,,,,,,,,,,,,,,2022-02-15T20:09:57.606000+00:00,false,0,virmel,
942641168569753652,,,,,,,,,,,,,,28912437e0390d34d050af4b1a730171,,,,,,,,,,,,,0,,0,Virmel,208425244128444418,,,,,,0,virmel,,939366415624978472,,https://c.tenor.com/yF0PQRinLvMAAAAM/league-of-legends-league.gif,2022-02-14T04:39:28.013Z,,,,,0,338,https://images-ext-1.discordapp.net/external/x-kCQbBHck8Je6b10vVu5Mlcdae4wrKQ8BN3mhW9vEo/https/c.tenor.com/yF0PQRinLvMAAAAM/league-of-legends-league.gif,https://c.tenor.com/yF0PQRinLvMAAAAM/league-of-legends-league.gif,220,image,https://c.tenor.com/yF0PQRinLvMAAAAM/league-of-legends-league.gif,,,,,,0,,,false,,,,,,,,,,,,,,,,,,,,,,false,,,,,,,,,,,,,,,,,,,,,,,,,,,,,,,,,,,,,,,,,,,2022-02-14T04:39:28.013000+00:00,false,0,virmel,
942569220619763722,,,,,,,,,,,,,,d970d6b2608498a58d5138a98a247e19,,,,,,,,,,,,,0,,0,DaVinci Resolve Addict,208404668026454016,,,,,,0,snipzar,,939366415624978472,,omfg how long are you gonna keep this up?,2022-02-13T23:53:34.285Z,,,,,,,,,,,,,,,,,0,,,false,,,,,,,,,,,,,,,,,,,,,,false,,,,,,,,,,,,,,,,,,,,,,,,,,,,,,,,,,,,,,,,,,,2022-02-13T23:53:34.285000+00:00,false,0,snipzar,
942554006788665384,,,,,,,,,,,,,,28912437e0390d34d050af4b1a730171,,,,,,,,,,,,,0,,0,Virmel,208425244128444418,,,,,,0,virmel,,939366415624978472,,https://tenor.com/view/hop-on-league-league-of-legends-lets-play-league-league-gif-19999046,2022-02-13T22:53:07.025Z,,,Tenor,https://tenor.co,0,432,https://images-ext-1.discordapp.net/external/nkCnwZmDVONkV8f1bFL_1H6yyLtqrybl6NPitSnjCLQ/https/media.tenor.co/images/071bae16ba44b5981b56b296acbd5171/tenor.png,https://media.tenor.co/images/071bae16ba44b5981b56b296acbd5171/tenor.png,640,gifv,https://tenor.com/view/hop-on-league-league-of-legends-lets-play-league-league-gif-19999046,0,432,,https://media.tenor.co/videos/de58e38b8ba4d0c29e49b79cc4934971/mp4,640,0,,,false,,,,,,,,,,,,,,,,,,,,,,false,,,,,,,,,,,,,,,,,,,,,,,,,,,,,,,,,,,,,,,,,,,2022-02-13T22:53:07.025000+00:00,false,0,virmel,
942318444362219530,,,,,,,,,,,,,,28912437e0390d34d050af4b1a730171,,,,,,,,,,,,,0,,0,Virmel,208425244128444418,,,,,,0,virmel,,939366415624978472,,https://tenor.com/view/kissahomie-flex-league-of-legends-boys-gif-22159063,2022-02-13T07:17:04.566Z,,,Tenor,https://tenor.co,0,640,https://images-ext-1.discordapp.net/external/aJwAtq609xZX43GnpzduEqUREiZi47McanFIETww0zo/https/media.tenor.co/images/cac111b4dd31faf11c6ab3b67f058efe/tenor.png,https://media.tenor.co/images/cac111b4dd31faf11c6ab3b67f058efe/tenor.png,640,gifv,https://tenor.com/view/kissahomie-flex-league-of-legends-boys-gif-22159063,0,640,,https://media.tenor.co/videos/84f82832012cefb330174c8b2f5f731f/mp4,640,0,,,false,,,,,,,,,,,,,,,,,,,,,,false,,,,,,,,,,,,,,,,,,,,,,,,,,,,,,,,,,,,,,,,,,,2022-02-13T07:17:04.566000+00:00,false,0,virmel,
942168866770010215,,,,,,,,,,,,,,28912437e0390d34d050af4b1a730171,,,,,,,,,,,,,0,,0,Virmel,208425244128444418,,,,,,0,virmel,,939366415624978472,,https://tenor.com/view/lighthouse-hop-on-league-gif-23725026,2022-02-12T21:22:42.489Z,,,Tenor,https://tenor.co,0,532,https://images-ext-1.discordapp.net/external/eSnqCWX4aQ9fRuhsce47F-P1alWa5tim7Jb1mdRfKJc/https/media.tenor.co/images/581e322a35ded251b03f1a554cedf015/tenor.png,https://media.tenor.co/images/581e322a35ded251b03f1a554cedf015/tenor.png,640,gifv,https://tenor.com/view/lighthouse-hop-on-league-gif-23725026,0,532,,https://media.tenor.co/videos/58bcf10415ba4f054f87ee715601b595/mp4,640,0,,,false,,,,,,,,,,,,,,,,,,,,,,false,,,,,,,,,,,,,,,,,,,,,,,,,,,,,,,,,,,,,,,,,,,2022-02-12T21:22:42.489000+00:00,false,0,virmel,
942157942893994024,,,,,,,,,,,,,,28912437e0390d34d050af4b1a730171,,,,,,,,,,,,,0,,0,Virmel,208425244128444418,,,,,,0,virmel,,939366415624978472,,we’re just getting started…………,2022-02-12T20:39:18.034Z,,,,,,,,,,,,,,,,,0,,,false,,,,,,,,,,,,,,,,,,,,,,false,,,,,,,,,,,,,,,,,,,,,,,,,,,,,,,,,,,,,,,,,,,2022-02-12T20:39:18.034000+00:00,false,0,virmel,
942129251036045392,,,,,,,,,,,,,,438f329cf77c137086671b969a39d2b1,,,,,,,,,,491296025953173514,,,0,,0,yuzka,528096854831792159,,,,491296025953173514,,0,yuzka,,939366415624978472,,HE CAN'T BE STOPPED,2022-02-12T18:45:17.362Z,,,,,,,,,,,,,,,,,0,,,false,,,,,,,,,,,,,,,,,,,,,,false,,,,,,,,,,,,,,,,,,,,,,,,,,,,,,,,,,,,,,,,,,,2022-02-12T18:45:17.362000+00:00,false,0,yuzka,
942128133295992862,,,,,,,,,,,,,,28912437e0390d34d050af4b1a730171,,,,,,,,,,,,,0,,0,Virmel,208425244128444418,,,,,,0,virmel,,939366415624978472,,yall thought i was done ….,2022-02-12T18:40:50.872Z,,,,,,,,,,,,,,,,,0,,,false,,,,,,,,,,,,,,,,,,,,,,false,,,,,,,,,,,,,,,,,,,,,,,,,,,,,,,,,,,,,,,,,,,2022-02-12T18:40:50.872000+00:00,false,0,virmel,
942128077310410844,,,,,,,,,,,,,,28912437e0390d34d050af4b1a730171,,,,,,,,,,,,,0,,0,Virmel,208425244128444418,,,,,,0,virmel,,939366415624978472,,https://tenor.com/view/m%C3%A5neskin-league-of-legends-gif-23864652,2022-02-12T18:40:37.524Z,,,Tenor,https://tenor.co,0,360,https://images-ext-1.discordapp.net/external/numAB1jv72koVoqjE0AHDMfj164GlH87vIIRpkKMS1c/https/media.tenor.co/images/0af673b873aa2af257c1d939344ffd39/tenor.png,https://media.tenor.co/images/0af673b873aa2af257c1d939344ffd39/tenor.png,640,gifv,https://tenor.com/view/m%C3%A5neskin-league-of-legends-gif-23864652,0,360,,https://media.tenor.co/videos/a040e68bc53c463d3b28d49f802420e9/mp4,640,0,,,false,,,,,,,,,,,,,,,,,,,,,,false,,,,,,,,,,,,,,,,,,,,,,,,,,,,,,,,,,,,,,,,,,,2022-02-12T18:40:37.524000+00:00,false,0,virmel,
941923583154864168,,,,,,,,,,,,,,28912437e0390d34d050af4b1a730171,,,,,,,,,,,,,0,,0,Virmel,208425244128444418,,,,,,0,virmel,,939366415624978472,,THIS THREAD IS GOING TO DIE IN THREE DAYS,2022-02-12T05:08:02.318Z,,,,,,,,,,,,,,,,,0,,,false,,,,,,,,,,,,,,,,,,,,,,false,,,,,,,,,,,,,,,,,,,,,,,,,,,,,,,,,,,,,,,,,,,2022-02-12T05:08:02.318000+00:00,false,0,virmel,
941923531938205726,,,,,,,,,,,,,,28912437e0390d34d050af4b1a730171,,,,,,,,,,,,,0,,0,Virmel,208425244128444418,,,,,,0,virmel,,939366415624978472,,"I THINK IM OUT OF GIFS, BOYS",2022-02-12T05:07:50.107Z,,,,,,,,,,,,,,,,,0,,,false,,,,,,,,,,,,,,,,,,,,,,false,,,,,,,,,,,,,,,,,,,,,,,,,,,,,,,,,,,,,,,,,,,2022-02-12T05:07:50.107000+00:00,false,0,virmel,
941922965640060948,,,,,,,,,,,,,,28912437e0390d34d050af4b1a730171,,,,,,,,,,,,,0,,0,Virmel,208425244128444418,,,,,,0,virmel,,939366415624978472,,https://tenor.com/view/wanna-play-league-wanna-play-league-of-legends-gif-20351169,2022-02-12T05:05:35.091Z,,,Tenor,https://tenor.co,0,304,https://images-ext-1.discordapp.net/external/6OMMk5J0CMOuPU3PaP9Pvfz63-SlyfUKJhKSmMa8RRU/https/media.tenor.co/images/7a1c573d1438edef879d46bc75e8fb1e/tenor.png,https://media.tenor.co/images/7a1c573d1438edef879d46bc75e8fb1e/tenor.png,640,gifv,https://tenor.com/view/wanna-play-league-wanna-play-league-of-legends-gif-20351169,0,304,,https://media.tenor.co/videos/45ea05288f9aa3e2ede7d0c87e2e89a1/mp4,640,0,,,false,,,,,,,,,,,,,,,,,,,,,,false,,,,,,,,,,,,,,,,,,,,,,,,,,,,,,,,,,,,,,,,,,,2022-02-12T05:05:35.091000+00:00,false,0,virmel,
941922632373252118,,,,,,,,,,,,,,28912437e0390d34d050af4b1a730171,,,,,,,,,,,,,0,,0,Virmel,208425244128444418,,,,,,0,virmel,,939366415624978472,,https://tenor.com/view/league-of-legends-meme-gaming-gif-21071016,2022-02-12T05:04:15.634Z,,,Tenor,https://tenor.co,0,558,https://images-ext-1.discordapp.net/external/I149GL6o46rMw_uUnI169spXWOccxi7Y2ESTcfXGnK4/https/media.tenor.co/images/3f684c9a777bb7673b8d57fe439478cc/tenor.png,https://media.tenor.co/images/3f684c9a777bb7673b8d57fe439478cc/tenor.png,640,gifv,https://tenor.com/view/league-of-legends-meme-gaming-gif-21071016,0,558,,https://media.tenor.co/videos/5b9bf8133ab36ab4f2ed6a8e992fb31a/mp4,640,0,,,false,,,,,,,,,,,,,,,,,,,,,,false,,,,,,,,,,,,,,,,,,,,,,,,,,,,,,,,,,,,,,,,,,,2022-02-12T05:04:15.634000+00:00,false,0,virmel,
941922424730034207,,,,,,,,,,,,,,28912437e0390d34d050af4b1a730171,,,,,,,,,,,,,0,,0,Virmel,208425244128444418,,,,,,0,virmel,,939366415624978472,,https://tenor.com/view/league-of-legends-lol-pride-gay-fuck-fox-news-gif-22430411,2022-02-12T05:03:26.128Z,,,Tenor,https://tenor.co,0,640,https://images-ext-1.discordapp.net/external/pwEaQXJ8M5DVFDy7-Aiw3akeSnwiw6L6WTzM4O926bI/https/media.tenor.co/images/73fa72af2be73d873714bae547cfb76a/tenor.png,https://media.tenor.co/images/73fa72af2be73d873714bae547cfb76a/tenor.png,640,gifv,https://tenor.com/view/league-of-legends-lol-pride-gay-fuck-fox-news-gif-22430411,0,640,,https://media.tenor.co/videos/3c3f99efcf181b7378f1a2eb3163da36/mp4,640,0,,,false,,,,,,,,,,,,,,,,,,,,,,false,,,,,,,,,,,,,,,,,,,,,,,,,,,,,,,,,,,,,,,,,,,2022-02-12T05:03:26.128000+00:00,false,0,virmel,
941532432073654292,,,,,,,,,,,,,,28912437e0390d34d050af4b1a730171,,,,,,,,,,,,,0,,0,Virmel,208425244128444418,,,,,,0,virmel,,939366415624978472,,https://tenor.com/view/league-league-of-legends-lol-tharntype-tharn-gif-22381587,2022-02-11T03:13:44.633Z,,,Tenor,https://tenor.co,0,588,https://images-ext-1.discordapp.net/external/sFz-R9C-_KB5k9MNYmSuAg0NIHg4DU_IXfInQpaZDK0/https/media.tenor.co/images/4f3a36ecfa7131086b2d87498e53c7a1/tenor.png,https://media.tenor.co/images/4f3a36ecfa7131086b2d87498e53c7a1/tenor.png,640,gifv,https://tenor.com/view/league-league-of-legends-lol-tharntype-tharn-gif-22381587,0,588,,https://media.tenor.co/videos/da0cdada1d84a65ce664ede79a69eee6/mp4,640,0,,,false,,,,,,,,,,,,,,,,,,,,,,false,,,,,,,,,,,,,,,,,,,,,,,,,,,,,,,,,,,,,,,,,,,2022-02-11T03:13:44.633000+00:00,false,0,virmel,
941152846550827048,,,,,,,,,,,,,,28912437e0390d34d050af4b1a730171,,,,,,,,,,,,,0,,0,Virmel,208425244128444418,,,,,,0,virmel,,939366415624978472,,https://tenor.com/view/hop-on-league-dual-worap-gif-21385210,2022-02-10T02:05:24.392Z,,,Tenor,https://tenor.co,0,640,https://images-ext-1.discordapp.net/external/nom_r6mFY8HLAaByVBLTvRkY6viOIj0Re6p10HTym0I/https/media.tenor.co/images/d3e226853f35baaa7b69148f9189d141/tenor.png,https://media.tenor.co/images/d3e226853f35baaa7b69148f9189d141/tenor.png,494,gifv,https://tenor.com/view/hop-on-league-dual-worap-gif-21385210,0,640,,https://media.tenor.co/videos/64fcf045d0409442ef5e343292db03ea/mp4,494,0,,,false,,,,,,,,,,,,,,,,,,,,,,false,,,,,,,,,,,,,,,,,,,,,,,,,,,,,,,,,,,,,,,,,,,2022-02-10T02:05:24.392000+00:00,false,0,virmel,
940853022513320036,,,,,,,,,,,,,,28912437e0390d34d050af4b1a730171,,,,,,,,,,,,,0,,0,Virmel,208425244128444418,,,,,,0,virmel,,939366415624978472,,LEGENDARY THREAD....,2022-02-09T06:14:00.771Z,,,,,,,,,,,,,,,,,0,,,false,,,,,,,,,,,,,,,,,,,,,,false,,,,,,,,,,,,,,,,,,,,,,,,,,,,,,,,,,,,,,,,,,,2022-02-09T06:14:00.771000+00:00,false,0,virmel,
940852950052524062,,,,,,,,,,,,,,28912437e0390d34d050af4b1a730171,,,,,,,,,,,,,0,,0,Virmel,208425244128444418,,,,,,0,virmel,,939366415624978472,,https://tenor.com/view/until-we-meet-again-league-of-legends-league-gay-gay-lol-gif-22467247,2022-02-09T06:13:43.495Z,,,Tenor,https://tenor.co,0,634,https://images-ext-1.discordapp.net/external/XRW9QRfWtCEQdbrCPyqmp_GMKQV1LHgJFHB7jcNP3fA/https/media.tenor.co/images/727dcc6ed0094558d8155a49a0cf9725/tenor.png,https://media.tenor.co/images/727dcc6ed0094558d8155a49a0cf9725/tenor.png,640,gifv,https://tenor.com/view/until-we-meet-again-league-of-legends-league-gay-gay-lol-gif-22467247,0,634,,https://media.tenor.co/videos/8e8f019c8474e9c7bd0c3770edca3c35/mp4,640,0,,,false,,,,,,,,,,,,,,,,,,,,,,false,,,,,,,,,,,,,,,,,,,,,,,,,,,,,,,,,,,,,,,,,,,2022-02-09T06:13:43.495000+00:00,false,0,virmel,
940811687437680651,,,,,,,,,,,,,,d970d6b2608498a58d5138a98a247e19,,,,,,,,,,,,,0,,0,DaVinci Resolve Addict,208404668026454016,,,,,,0,snipzar,,939366415624978472,,https://tenor.com/view/league-of-legends-lol-league-gaming-gay-gif-20222399,2022-02-09T03:29:45.721Z,,,Tenor,https://tenor.co,0,640,https://images-ext-1.discordapp.net/external/LiAHW1Hj0eN_NquBO-qyrxZ4D_fvQxIXdMkUYqlupE8/https/media.tenor.co/images/83a67617419bdf1fc32593ec8a9489cb/tenor.png,https://media.tenor.co/images/83a67617419bdf1fc32593ec8a9489cb/tenor.png,640,gifv,https://tenor.com/view/league-of-legends-lol-league-gaming-gay-gif-20222399,0,640,,https://media.tenor.co/videos/1b1a158e5aa327e05ec984e49290b930/mp4,640,0,,,false,,,,,,,,,,,,,,,,,,,,,,false,,,,,,,,,,,,,,,,,,,,,,,,,,,,,,,,,,,,,,,,,,,2022-02-09T03:29:45.721000+00:00,false,0,snipzar,
940811588254961734,,,,,,,,,,,,,,d970d6b2608498a58d5138a98a247e19,,,,,,,,,,,,,0,,0,DaVinci Resolve Addict,208404668026454016,,,,,,0,snipzar,,939366415624978472,,we all about gays here,2022-02-09T03:29:22.074Z,,,,,,,,,,,,,,,,,0,,,false,,,,,,,,,,,,,,,,,,,,,,false,,,,,,,,,,,,,,,,,,,,,,,,,,,,,,,,,,,,,,,,,,,2022-02-09T03:29:22.074000+00:00,false,0,snipzar,
940811533422837811,,,,,,,,,,,,,,d970d6b2608498a58d5138a98a247e19,,,,,,,,,,,,,0,,0,DaVinci Resolve Addict,208404668026454016,,,,,,0,snipzar,,939366415624978472,,https://tenor.com/view/lesbian-kiss-hot-make-out-lick-gif-15979355,2022-02-09T03:29:09.001Z,,,Tenor,https://tenor.co,0,640,https://images-ext-1.discordapp.net/external/YfWbehHwW53y78nJHAoJOhwR8pITYukj43Wa1rRyF6o/https/media.tenor.co/images/cae6be1d63459d5de4fed409bd04f827/tenor.png,https://media.tenor.co/images/cae6be1d63459d5de4fed409bd04f827/tenor.png,360,gifv,https://tenor.com/view/lesbian-kiss-hot-make-out-lick-gif-15979355,0,640,,https://media.tenor.co/videos/184569cd1b67fe78c983ef6d802fc35d/mp4,360,0,,,false,,,,,,,,,,,,,,,,,,,,,,false,,,,,,,,,,,,,,,,,,,,,,,,,,,,,,,,,,,,,,,,,,,2022-02-09T03:29:09.001000+00:00,false,0,snipzar,
940811195760406608,,,,,,,,,,,,,,28912437e0390d34d050af4b1a730171,,,,,,,,,,,,,0,,0,Virmel,208425244128444418,,,,,,0,virmel,,939366415624978472,,https://tenor.com/view/wanna-play-league-want-to-play-league-of-legends-do-you-want-to-play-league-of-legends-my-fellow-friends-from-a-place-gif-20135585,2022-02-09T03:27:48.496Z,,,Tenor,https://tenor.co,0,640,https://images-ext-1.discordapp.net/external/qiQD1eqjNZ8J0m3oqIki8QEwUP_VkmZA8P1LPC7CiRM/https/media.tenor.co/images/f97832bf9ffce2aa4918e5ab7dc6b30f/tenor.png,https://media.tenor.co/images/f97832bf9ffce2aa4918e5ab7dc6b30f/tenor.png,520,gifv,https://tenor.com/view/wanna-play-league-want-to-play-league-of-legends-do-you-want-to-play-league-of-legends-my-fellow-friends-from-a-place-gif-20135585,0,640,,https://media.tenor.co/videos/dca3c0f89772614c8f289b3b6169b00b/mp4,520,0,,,false,,,,,,,,,,,,,,,,,,,,,,false,,,,,,,,,,,,,,,,,,,,,,,,,,,,,,,,,,,,,,,,,,,2022-02-09T03:27:48.496000+00:00,false,0,virmel,
940771491723743262,,,,,,,,,,,,,,28912437e0390d34d050af4b1a730171,,,,,,,,,,,,,0,,0,Virmel,208425244128444418,,,,,,0,virmel,,939366415624978472,,https://tenor.com/view/lets-play-league-lets-play-league-of-legends-league-of-legends-league-lets-play-gif-24554643,2022-02-09T00:50:02.316Z,,,Tenor,https://tenor.co,0,640,https://images-ext-1.discordapp.net/external/ugA0A7aN7KL9ruWKNvu8dZKfbfI5g-7JPBxzLAOaAiA/https/media.tenor.co/images/5a7d1b89e0f669c0698029e4d96a2d99/tenor.png,https://media.tenor.co/images/5a7d1b89e0f669c0698029e4d96a2d99/tenor.png,472,gifv,https://tenor.com/view/lets-play-league-lets-play-league-of-legends-league-of-legends-league-lets-play-gif-24554643,0,640,,https://media.tenor.co/videos/590c8fbe5566c68bdb7f72416976e813/mp4,472,0,,,false,,,,,,,,,,,,,,,,,,,,,,false,,,,,,,,,,,,,,,,,,,,,,,,,,,,,,,,,,,,,,,,,,,2022-02-09T00:50:02.316000+00:00,false,0,virmel,
940727562047488081,,,,,,,,,,,,,,4332e1b0406caf9c2131c873dfcb53a5,,a_89cd445201a0c6c64d46876503d0e90e,1777013999,1226939756617793606,,,,,,,,,0,,0,irfan,410595870380392458,,,,,,0,wishingenie,,939366415624978472,,<@!175488352949108736> we need a league stream!,2022-02-08T21:55:28.665Z,,,,,,,,,,,,,,,,,0,,,false,,,8770eb821819855269d55dc90cde4a5b,,,,,,0,,0,Bussley,175488352949108736,,0,bussley,,,,,,false,,,,,,,,,,,,,,,,,,,,,,,,,,,,,,,,,,,,,,,,,,,2022-02-08T21:55:28.665000+00:00,false,0,wishingenie,
940506530485256192,,,,,,,,,,,,,,28912437e0390d34d050af4b1a730171,,,,,,,,,,,,,0,,0,Virmel,208425244128444418,,,,,,0,virmel,,939366415624978472,,"welcome back to league, Zach… this thread is what you asked for, bro…..",2022-02-08T07:17:10.634Z,,,,,,,,,,,,,,,,,0,,,false,,,,,,,,,,,,,,,,,,,,,,false,,,,,,,,,,,,,,,,,,,,,,,,,,,,,,,,,,,,,,,,,,,2022-02-08T07:17:10.634000+00:00,false,0,virmel,
940504955792527390,,,,,,,,,,,,,,28912437e0390d34d050af4b1a730171,,,,,,,,,,,,,0,,0,Virmel,208425244128444418,,,,,,0,virmel,,939366415624978472,,https://tenor.com/view/hop-on-league-wanna-play-league-come-play-league-hop-on-tf2-tf2league-gif-24175421,2022-02-08T07:10:55.198Z,,,Tenor,https://tenor.co,0,412,https://images-ext-1.discordapp.net/external/rdzwZIrL1pA-cUFLzfZEJT3RwpDpt21rVVKQywZIB0A/https/media.tenor.co/images/9ef23616fbcdd5e219e979c661426735/tenor.png,https://media.tenor.co/images/9ef23616fbcdd5e219e979c661426735/tenor.png,640,gifv,https://tenor.com/view/hop-on-league-wanna-play-league-come-play-league-hop-on-tf2-tf2league-gif-24175421,0,412,,https://media.tenor.co/videos/16b8331ea1bdf964a7ebd47a458642fa/mp4,640,0,,,false,,,,,,,,,,,,,,,,,,,,,,false,,,,0,false,1,0,1,,😩,false,false,,,,,,,,,,,,,,,,,,,,,,,,,,,,,,,2022-02-08T07:10:55.198000+00:00,false,0,virmel,
940502782102892555,,,,,,,,,,,,,,4332e1b0406caf9c2131c873dfcb53a5,,a_89cd445201a0c6c64d46876503d0e90e,1777013999,1226939756617793606,,,,,,,,,0,,0,irfan,410595870380392458,,,,,,0,wishingenie,,939366415624978472,,🤨,2022-02-08T07:02:16.950Z,,,,,,,,,,,,,,,,,0,,,false,,,,,,,,,,,,,,,,,,,,,,false,,,,,,,,,,,,,,,,,,,,,,,,,,,,,,,,,,,,,,,,,,,2022-02-08T07:02:16.950000+00:00,false,0,wishingenie,
940501432837238784,,,,,,,,,,,,,,438f329cf77c137086671b969a39d2b1,,,,,,,,,,491296025953173514,,,0,,0,yuzka,528096854831792159,,,,491296025953173514,,0,yuzka,,939366415624978472,,You got any more fuego gifs?,2022-02-08T06:56:55.260Z,,,,,,,,,,,,,,,,,0,,,false,,,,,,,,,,,,,,,,,,,,,,false,,,,,,,,,,,,,,,,,,,,,,,,,,,,,,,,,,,,,,,,,,,2022-02-08T06:56:55.260000+00:00,false,0,yuzka,
940484922198593587,,,,,,,,,,,,,,28912437e0390d34d050af4b1a730171,,,,,,,,,,,,,0,,0,Virmel,208425244128444418,,,,,,0,virmel,,939366415624978472,,:D?,2022-02-08T05:51:18.817Z,,,,,,,,,,,,,,,,,0,,,false,,,,,,,,,,,,,,,,,,,,,,false,,,,,,,,,,,,,,,,,,,,,,,,,,,,,,,,,,,,,,,,,,,2022-02-08T05:51:18.817000+00:00,false,0,virmel,
940484862593339406,,,,,,,,,,,,,,28912437e0390d34d050af4b1a730171,,,,,,,,,,,,,0,,0,Virmel,208425244128444418,,,,,,0,virmel,,939366415624978472,,.. I’d like to continue this thread … >_>,2022-02-08T05:51:04.606Z,,,,,,,,,,,,,,,,,0,,,false,,,,,,,,,,,,,,,,,,,,,,false,,,,,,,,,,,,,,,,,,,,,,,,,,,,,,,,,,,,,,,,,,,2022-02-08T05:51:04.606000+00:00,false,0,virmel,
940462074683854898,,,,,,,,,,,,,,28912437e0390d34d050af4b1a730171,,,,,,,,,,,,,0,,0,Virmel,208425244128444418,,,,,,0,virmel,,939366415624978472,,hmm..,2022-02-08T04:20:31.545Z,,,,,,,,,,,,,,,,,0,,,false,,,,,,,,,,,,,,,,,,,,,,false,,,,,,,,,,,,,,,,,,,,,,,,,,,,,,,,,,,,,,,,,,,2022-02-08T04:20:31.545000+00:00,false,0,virmel,
940459735189192765,,,,,,,,,,,,,,4332e1b0406caf9c2131c873dfcb53a5,,a_89cd445201a0c6c64d46876503d0e90e,1777013999,1226939756617793606,,,,,,,,,0,,0,irfan,410595870380392458,,,,,,0,wishingenie,,939366415624978472,,what the fuck,2022-02-08T04:11:13.766Z,,,,,,,,,,,,,,,,,0,,,false,,,,,,,,,,,,,,,,,,,,,,false,,,,,,,,,,,,,,,,,,,,,,,,,,,,,,,,,,,,,,,,,,,2022-02-08T04:11:13.766000+00:00,false,0,wishingenie,
940459724510478396,,,,,,,,,,,,,,4332e1b0406caf9c2131c873dfcb53a5,,a_89cd445201a0c6c64d46876503d0e90e,1777013999,1226939756617793606,,,,,,,,,0,,0,irfan,410595870380392458,,,,,,0,wishingenie,,939366415624978472,,so i just discovered this thread,2022-02-08T04:11:11.220Z,,,,,,,,,,,,,,,,,0,,,false,,,,,,,,,,,,,,,,,,,,,,false,,,,,,,,,,,,,,,,,,,,,,,,,,,,,,,,,,,,,,,,,,,2022-02-08T04:11:11.220000+00:00,false,0,wishingenie,
939749315709124629,,,,,,,,,,,,,,28912437e0390d34d050af4b1a730171,,,,,,,,,,,,,0,,0,Virmel,208425244128444418,,,,,,0,virmel,,939366415624978472,,https://tenor.com/view/hop-on-league-league-league-of-legends-hop-on-league-of-hop-on-league-of-legends-gif-21618187,2022-02-06T05:08:16.563Z,,,Tenor,https://tenor.co,0,640,https://images-ext-1.discordapp.net/external/JnMyTlvgC50MO7igczElJRLjb2dXW1eAV3Mn7v3m1Ig/https/media.tenor.co/images/82bdb127dfff2c39106d991fe16c3bef/tenor.png,https://media.tenor.co/images/82bdb127dfff2c39106d991fe16c3bef/tenor.png,446,gifv,https://tenor.com/view/hop-on-league-league-league-of-legends-hop-on-league-of-hop-on-league-of-legends-gif-21618187,0,640,,https://media.tenor.co/videos/5d865289c8766e23bb2276d8806e5003/mp4,446,0,,,false,,,,,,,,,,,,,,,,,,,,,,false,,,,,,,,,,,,,,,,,,,,,,,,,,,,,,,,,,,,,,,,,,,2022-02-06T05:08:16.563000+00:00,false,0,virmel,
939749111354257479,,,,,,,,,,,,,,28912437e0390d34d050af4b1a730171,,,,,,,,,,,,,0,,0,Virmel,208425244128444418,,,,,,0,virmel,,939366415624978472,,LEGENDARY FUCKING THREAD!!!!!!!!!!!!!!!!,2022-02-06T05:07:27.841Z,,,,,,,,,,,,,,,,,0,,,false,,,,,,,,,,,,,,,,,,,,,,false,,,,,,,,,,,,,,,,,,,,,,,,,,,,,,,,,,,,,,,,,,,2022-02-06T05:07:27.841000+00:00,false,0,virmel,
939744936427917313,,,,,,,,,,,,,,438f329cf77c137086671b969a39d2b1,,,,,,,,,,491296025953173514,,,0,,0,yuzka,528096854831792159,,,,491296025953173514,,0,yuzka,,939366415624978472,,Don't let this thread die bros,2022-02-06T04:50:52.461Z,,,,,,,,,,,,,,,,,0,,,false,,,,,,,,,,,,,,,,,,,,,,false,,,,,,,,,,,,,,,,,,,,,,,,,,,,,,,,,,,,,,,,,,,2022-02-06T04:50:52.461000+00:00,false,0,yuzka,
939385857662668831,,,,,,,,,,,,,,28912437e0390d34d050af4b1a730171,,,,,,,,,,,,,0,,0,Virmel,208425244128444418,,,,,,0,virmel,,939366415624978472,,<:pepehappy:692565757539647609>,2022-02-05T05:04:01.412Z,,,,,,,,,,,,,,,,,0,,,false,,,,,,,,,,,,,,,,,,,,,,false,,,,,,,,,,,,,,,,,,,,,,,,,,,,,,,,,,,,,,,,,,,2022-02-05T05:04:01.412000+00:00,false,0,virmel,
939385827996360784,,,,,,,,,,,,,,28912437e0390d34d050af4b1a730171,,,,,,,,,,,,,0,,0,Virmel,208425244128444418,,,,,,0,virmel,,939366415624978472,,"Welcome back, Zach!!",2022-02-05T05:03:54.339Z,,,,,,,,,,,,,,,,,0,,,false,,,,,,,,,,,,,,,,,,,,,,false,,,,,,,,,,,,,,,,,,,,,,,,,,,,,,,,,,,,,,,,,,,2022-02-05T05:03:54.339000+00:00,false,0,virmel,
939385180966232144,,,,,,,,,,,,,,8770eb821819855269d55dc90cde4a5b,,,,,,,,,,,,,0,,0,Bussley,175488352949108736,,,,,,0,bussley,,939366415624978472,,I am already mad,2022-02-05T05:01:20.075Z,,,,,,,,,,,,,,,,,0,,,false,,,,,,,,,,,,,,,,,,,,,,false,,,,,,,,,,,,,,,,,,,,,,,,,,,,,,,,,,,,,,,,,,,2022-02-05T05:01:20.075000+00:00,false,0,bussley,
939378324373913620,,,,,,,,,,,,,,438f329cf77c137086671b969a39d2b1,,,,,,,,,,491296025953173514,,,0,,0,yuzka,528096854831792159,,,,491296025953173514,,0,yuzka,,939366415624978472,,https://c.tenor.com/mlbw-RHwclEAAAAM/stop-it-get-some-help.gif,2022-02-05T04:34:05.336Z,,,,,0,165,https://images-ext-1.discordapp.net/external/Gl2Qr9Y-P6OuNDvogvaUOSLsj92oZe0lIJvtrrHL0yc/https/c.tenor.com/mlbw-RHwclEAAAAM/stop-it-get-some-help.gif,https://c.tenor.com/mlbw-RHwclEAAAAM/stop-it-get-some-help.gif,220,image,https://c.tenor.com/mlbw-RHwclEAAAAM/stop-it-get-some-help.gif,,,,,,0,,,false,,,,,,,,,,,,,,,,,,,,,,false,,,,,,,,,,,,,,,,,,,,,,,,,,,,,,,,,,,,,,,,,,,2022-02-05T04:34:05.336000+00:00,false,0,yuzka,
939378303675019295,,,,,,,,,,,,,,28912437e0390d34d050af4b1a730171,,,,,,,,,,,,,0,,0,Virmel,208425244128444418,,,,,,0,virmel,,939366415624978472,,let's .. get it ..,2022-02-05T04:34:00.401Z,,,,,,,,,,,,,,,,,0,,,false,,,,,,,,,,,,,,,,,,,,,,false,,,,,,,,,,,,,,,,,,,,,,,,,,,,,,,,,,,,,,,,,,,2022-02-05T04:34:00.401000+00:00,false,0,virmel,
939378174393999411,,,,,,,,,,,,,,28912437e0390d34d050af4b1a730171,,,,,,,,,,,,,0,,0,Virmel,208425244128444418,,,,,,0,virmel,,939366415624978472,,https://tenor.com/view/league-lol-league-of-legends-given-given-kiss-gif-22752516,2022-02-05T04:33:29.578Z,,,Tenor,https://tenor.co,0,360,https://images-ext-1.discordapp.net/external/Ica-y9YClXDJz6T_wKCGOXUgnCjs40-YCBhR3IuGUeM/https/media.tenor.co/images/2a9460cdbb0cdbe6f38fbddc79ed7a7e/tenor.png,https://media.tenor.co/images/2a9460cdbb0cdbe6f38fbddc79ed7a7e/tenor.png,640,gifv,https://tenor.com/view/league-lol-league-of-legends-given-given-kiss-gif-22752516,0,360,,https://media.tenor.co/videos/50d75f3c6969c89df532b02e0adf54f0/mp4,640,0,,,false,,,,,,,,,,,,,,,,,,,,,,false,,,,,,,,,,,,,,,,,,,,,,,,,,,,,,,,,,,,,,,,,,,2022-02-05T04:33:29.578000+00:00,false,0,virmel,
939378082937204787,,,,,,,,,,,,,,28912437e0390d34d050af4b1a730171,,,,,,,,,,,,,0,,0,Virmel,208425244128444418,,,,,,0,virmel,,939366415624978472,,https://tenor.com/view/hooky-harryhooky-leagueoflegends-gif-21216947,2022-02-05T04:33:07.773Z,,,Tenor,https://tenor.co,0,640,https://images-ext-1.discordapp.net/external/uds9mhRJ-2noSJStdvDmmHRRyub2vKP3WFsXdxM2p7Q/https/media.tenor.co/images/5607e39099a5f6002943c01a371478d1/tenor.png,https://media.tenor.co/images/5607e39099a5f6002943c01a371478d1/tenor.png,594,gifv,https://tenor.com/view/hooky-harryhooky-leagueoflegends-gif-21216947,0,640,,https://media.tenor.co/videos/4e71033a0461972c713d03fdf629d4cf/mp4,594,0,,,false,,,,,,,,,,,,,,,,,,,,,,false,,,,,,,,,,,,,,,,,,,,,,,,,,,,,,,,,,,,,,,,,,,2022-02-05T04:33:07.773000+00:00,false,0,virmel,
939377790405464145,,,,,,,,,,,,,,438f329cf77c137086671b969a39d2b1,,,,,,,,,,491296025953173514,,,0,,0,yuzka,528096854831792159,,,,491296025953173514,,0,yuzka,,939366415624978472,,omgomgomgomgomgomg,2022-02-05T04:31:58.028Z,,,,,,,,,,,,,,,,,0,,,false,,,,,,,,,,,,,,,,,,,,,,false,,,,,,,,,,,,,,,,,,,,,,,,,,,,,,,,,,,,,,,,,,,2022-02-05T04:31:58.028000+00:00,false,0,yuzka,
939375552534548480,,,,,,,,,,,,,,28912437e0390d34d050af4b1a730171,,,,,,,,,,,,,0,,0,Virmel,208425244128444418,,,,,,0,virmel,,939366415624978472,,,2022-02-05T04:23:04.478Z,,,,,,,,,,,,,,,,,0,,,false,,,,,,,,,,,,,,,,,,,,,,false,,,,,,,,,,,,,,,,,1,938884748300931163,nevertoomuch,,,,,,,,,,,,,,,,,,,,,,,,2022-02-05T04:23:04.478000+00:00,false,0,virmel,
939375489351577601,,,,,,,,,,,,,,28912437e0390d34d050af4b1a730171,,,,,,,,,,,,,0,,0,Virmel,208425244128444418,,,,,,0,virmel,,939366415624978472,,INCOMING,2022-02-05T04:22:49.414Z,,,,,,,,,,,,,,,,,0,,,false,,,,,,,,,,,,,,,,,,,,,,false,,,,,,,,,,,,,,,,,,,,,,,,,,,,,,,,,,,,,,,,,,,2022-02-05T04:22:49.414000+00:00,false,0,virmel,
939375461069381632,,,,,,,,,,,,,,28912437e0390d34d050af4b1a730171,,,,,,,,,,,,,0,,0,Virmel,208425244128444418,,,,,,0,virmel,,939366415624978472,,LEGENDARY THREAD,2022-02-05T04:22:42.671Z,,,,,,,,,,,,,,,,,0,,,false,,,,,,,,,,,,,,,,,,,,,,false,,,,,,,,,,,,,,,,,,,,,,,,,,,,,,,,,,,,,,,,,,,2022-02-05T04:22:42.671000+00:00,false,0,virmel,
939366419655692288,,,,,,,,,,,,,,4b41f96917b94ff40877ae157febcee4,,,,,,,,e929e1c0111f2acf104ba53aefc5ee44,true,753738215482982410,BABA,,0,,0,Son of Krystillia,171455587517857796,,e929e1c0111f2acf104ba53aefc5ee44,true,753738215482982410,BABA,0,acrooz,,939366415624978472,,EVERYBODY GET IN HERE WE ARE CELEBRATING WITH LEAGUE JUSTIN GAINS DO NOT MATTER NO ONE CARES,2022-02-05T03:46:47.030Z,2022-02-05T03:46:59.579000+00:00,,,,,,,,,,,,,,,,0,,,false,,,,,,,,,,,,,,,,,,,,,,false,,,,0,false,1,0,1,927387299577233439,aaran,false,false,,,,,,,,,,,,,,,,,,,,,,,,,,,,,,,2022-02-05T03:46:47.030000+00:00,false,0,acrooz,
939366415624978472,,,,,,,,,,,,,,4b41f96917b94ff40877ae157febcee4,,,,,,,,e929e1c0111f2acf104ba53aefc5ee44,true,753738215482982410,BABA,,0,,0,Son of Krystillia,171455587517857796,,e929e1c0111f2acf104ba53aefc5ee44,true,753738215482982410,BABA,0,acrooz,,208425771172102144,,ZACH DOWNLOADED LEAUGE,2022-02-05T03:46:46.069Z,,,,,,,,,,,,,,,,,32,,,false,,,,,,,,,,,,,,,,,,939366415624978472,208425771172102144,0,,false,,,,,,,,,,,,,,,,,,,,,,64000,0,208425771172102144,939366415624978472,948700834533883954,1,208425244128444418,50,ZACH DOWNLOADED LEAUGE,171455587517857796,208425771172102144,0,,2022-03-05T22:08:13.492000+00:00,true,4320,2022-02-05T03:46:46.069000+00:00,false,50,11,0,2022-02-05T03:46:46.069000+00:00,false,18,acrooz,