id,activity,application,application_id,attachments,author.accent_color,author.avatar,author.avatar_decoration_data,author.avatar_decoration_data.asset,author.avatar_decoration_data.expires_at,author.avatar_decoration_data.sku_id,author.banner,author.banner_color,author.clan,author.clan.badge,author.clan.identity_enabled,author.clan.identity_guild_id,author.clan.tag,author.collectibles,author.discriminator,author.display_name_styles,author.flags,author.global_name,author.id,author.primary_guild,author.primary_guild.badge,author.primary_guild.identity_enabled,author.primary_guild.identity_guild_id,author.primary_guild.tag,author.public_flags,author.username,call,channel_id,components,content,date,edited_timestamp,embeds,flags,interaction,mention_channels,mention_everyone,mentions,mentions.0.accent_color,mentions.0.avatar,mentions.0.avatar_decoration_data.asset,mentions.0.avatar_decoration_data.expires_at,mentions.0.avatar_decoration_data.sku_id,mentions.0.banner,mentions.0.banner_color,mentions.0.clan,mentions.0.collectibles,mentions.0.discriminator,mentions.0.display_name_styles,mentions.0.flags,mentions.0.global_name,mentions.0.id,mentions.0.primary_guild,mentions.0.public_flags,mentions.0.username,message_reference,message_reference.channel_id,message_reference.guild_id,message_reference.type,nonce,pinned,position,reactions,referenced_message,resolved,role_subscription_data,sticker_items,stickers,thread,thread.bitrate,thread.flags,thread.guild_id,thread.id,thread.last_message_id,thread.member_count,thread.member_ids_preview.0,thread.message_count,thread.name,thread.owner_id,thread.parent_id,thread.rate_limit_per_user,thread.rtc_region,thread.thread_metadata.archive_timestamp,thread.thread_metadata.archived,thread.thread_metadata.auto_archive_duration,thread.thread_metadata.locked,thread.total_message_sent,thread.type,thread.user_limit,timestamp,tts,type,userName,webhook_id
1062093180511735919,,,,,,4b41f96917b94ff40877ae157febcee4,,,,,,,,e929e1c0111f2acf104ba53aefc5ee44,true,753738215482982410,BABA,,0,,0,Son of Krystillia,171455587517857796,,e929e1c0111f2acf104ba53aefc5ee44,true,753738215482982410,BABA,0,acrooz,,916436210656878622,,get out of here filthy outliver,2023-01-09T19:39:06.971Z,,,0,,,false,,,,,,,,,,,,,,,,,,,,,,,,false,12,,,,,,,,,,,,,,,,,,,,,,,,,,,,2023-01-09T19:39:06.971000+00:00,false,0,acrooz,
1062092888240050302,,,,,,d970d6b2608498a58d5138a98a247e19,,,,,,,,,,,,,0,,0,DaVinci Resolve Addict,208404668026454016,,,,,,0,snipzar,,916436210656878622,,❤️,2023-01-09T19:37:57.288Z,2023-01-09T19:38:02.840000+00:00,,0,,,false,,,,,,,,,,,,,,,,,,,,,,,,false,11,,,,,,,,,,,,,,,,,,,,,,,,,,,,2023-01-09T19:37:57.288000+00:00,false,0,snipzar,
916485293169860648,,,,,,4b41f96917b94ff40877ae157febcee4,,,,,,,,e929e1c0111f2acf104ba53aefc5ee44,true,753738215482982410,BABA,,0,,0,Son of Krystillia,171455587517857796,,e929e1c0111f2acf104ba53aefc5ee44,true,753738215482982410,BABA,0,acrooz,,916436210656878622,,im good for anytime just let me know what time you're feeliong,2021-12-04T00:25:21.365Z,,,0,,,false,,,,,,,,,,,,,,,,,,,,,,,,false,,,,,,,,,,,,,,,,,,,,,,,,,,,,,2021-12-04T00:25:21.365000+00:00,false,0,acrooz,
916484769196412958,,,,,,24f4375b862cff2cddeba1c2c28ae90f,,a_be6c77adcaa4aa3ed641f6c78de0dbb8,,1432427447093039205,,,,,,,,,0,,0,Gex,186665676134547461,,,,,,0,gexisangry,,916436210656878622,,"I know a good hike, just need to agree on a time to meet",2021-12-04T00:23:16.440Z,,,0,,,false,,,,,,,,,,,,,,,,,,,,,,,,false,,,,,,,,,,,,,,,,,,,,,,,,,,,,,2021-12-04T00:23:16.440000+00:00,false,0,gexisangry,
916484711667351603,,,,,,24f4375b862cff2cddeba1c2c28ae90f,,a_be6c77adcaa4aa3ed641f6c78de0dbb8,,1432427447093039205,,,,,,,,,0,,0,Gex,186665676134547461,,,,,,0,gexisangry,,916436210656878622,,Sounds good man!,2021-12-04T00:23:02.724Z,,,0,,,false,,,,,,,,,,,,,,,,,,,,,,,,false,,,,,,,,,,,,,,,,,,,,,,,,,,,,,2021-12-04T00:23:02.724000+00:00,false,0,gexisangry,
916484587541131315,,,,,,4b41f96917b94ff40877ae157febcee4,,,,,,,,e929e1c0111f2acf104ba53aefc5ee44,true,753738215482982410,BABA,,0,,0,Son of Krystillia,171455587517857796,,e929e1c0111f2acf104ba53aefc5ee44,true,753738215482982410,BABA,0,acrooz,,916436210656878622,,"lets def get a hike in, then prob food at the least",2021-12-04T00:22:33.130Z,,,0,,,false,,,,,,,,,,,,,,,,,,,,,,,,false,,,,,,,,,,,,,,,,,,,,,,,,,,,,,2021-12-04T00:22:33.130000+00:00,false,0,acrooz,
916460181641101343,,,,,,24f4375b862cff2cddeba1c2c28ae90f,,a_be6c77adcaa4aa3ed641f6c78de0dbb8,,1432427447093039205,,,,,,,,,0,,0,Gex,186665676134547461,,,,,,0,gexisangry,,916436210656878622,,Okay 👌 what you wanna do? Nice weather for hiking rn,2021-12-03T22:45:34.310Z,,,0,,,false,,,,,,,,,,,,,,,,,,,,,,,,false,,,,,,,,,,,,,,,,,,,,,,,,,,,,,2021-12-03T22:45:34.310000+00:00,false,0,gexisangry,
916458888814034964,,,,,,4b41f96917b94ff40877ae157febcee4,,,,,,,,e929e1c0111f2acf104ba53aefc5ee44,true,753738215482982410,BABA,,0,,0,Son of Krystillia,171455587517857796,,e929e1c0111f2acf104ba53aefc5ee44,true,753738215482982410,BABA,0,acrooz,,916436210656878622,,H,2021-12-03T22:40:26.076Z,,,0,,,false,,,,,,,,,,,,,,,,,,,,,,,,false,,,,,,,,,,,,,,,,,,,,,,,,,,,,,2021-12-03T22:40:26.076000+00:00,false,0,acrooz,
916458880664477727,,,,,,4b41f96917b94ff40877ae157febcee4,,,,,,,,e929e1c0111f2acf104ba53aefc5ee44,true,753738215482982410,BABA,,0,,0,Son of Krystillia,171455587517857796,,e929e1c0111f2acf104ba53aefc5ee44,true,753738215482982410,BABA,0,acrooz,,916436210656878622,,Yeah let's do Monday the 13tg,2021-12-03T22:40:24.133Z,,,0,,,false,,,,,,,,,,,,,,,,,,,,,,,,false,,,,,,,,,,,,,,,,,,,,,,,,,,,,,2021-12-03T22:40:24.133000+00:00,false,0,acrooz,
916441010844864513,,,,,,24f4375b862cff2cddeba1c2c28ae90f,,a_be6c77adcaa4aa3ed641f6c78de0dbb8,,1432427447093039205,,,,,,,,,0,,0,Gex,186665676134547461,,,,,,0,gexisangry,,916436210656878622,,Did you find a day that works good for you btw,2021-12-03T21:29:23.636Z,,,0,,,false,,,,,,,,,,,,,,,,,,,,,,,,false,,,,,,,,,,,,,,,,,,,,,,,,,,,,,2021-12-03T21:29:23.636000+00:00,false,0,gexisangry,
916440977818923028,,,,,,24f4375b862cff2cddeba1c2c28ae90f,,a_be6c77adcaa4aa3ed641f6c78de0dbb8,,1432427447093039205,,,,,,,,,0,,0,Gex,186665676134547461,,,,,,0,gexisangry,,916436210656878622,,Truly,2021-12-03T21:29:15.762Z,,,0,,,false,,,,,,,,,,,,,,,,,,,,,,,,false,,,,,,,,,,,,,,,,,,,,,,,,,,,,,2021-12-03T21:29:15.762000+00:00,false,0,gexisangry,
916440963507974155,,,,,,24f4375b862cff2cddeba1c2c28ae90f,,a_be6c77adcaa4aa3ed641f6c78de0dbb8,,1432427447093039205,,,,,,,,,0,,0,Gex,186665676134547461,,,,,,0,gexisangry,,916436210656878622,,Oh shit,2021-12-03T21:29:12.350Z,,,0,,,false,,,,,,,,,,,,,,,,,,,,,,,,false,,,,,,,,,,,,,,,,,,,,,,,,,,,,,2021-12-03T21:29:12.350000+00:00,false,0,gexisangry,
916436211780976641,,,,,,4b41f96917b94ff40877ae157febcee4,,,,,,,,e929e1c0111f2acf104ba53aefc5ee44,true,753738215482982410,BABA,,0,,0,Son of Krystillia,171455587517857796,,e929e1c0111f2acf104ba53aefc5ee44,true,753738215482982410,BABA,0,acrooz,,916436210656878622,,<@186665676134547461> dang gex we so cool,2021-12-03T21:10:19.450Z,,,0,,,false,,,24f4375b862cff2cddeba1c2c28ae90f,a_be6c77adcaa4aa3ed641f6c78de0dbb8,,1432427447093039205,,,,,0,,0,Gex,186665676134547461,,0,gexisangry,,,,,,false,,,,,,,,,,,,,,,,,,,,,,,,,,,,,2021-12-03T21:10:19.450000+00:00,false,0,acrooz,
916436210656878622,,,,,,4b41f96917b94ff40877ae157febcee4,,,,,,,,e929e1c0111f2acf104ba53aefc5ee44,true,753738215482982410,BABA,,0,,0,Son of Krystillia,171455587517857796,,e929e1c0111f2acf104ba53aefc5ee44,true,753738215482982410,BABA,0,acrooz,,208425771172102144,,Zonabros,2021-12-03T21:10:19.182Z,,,32,,,false,,,,,,,,,,,,,,,,,,,,916436210656878622,208425771172102144,0,,false,,,,,,,,,64000,0,208425771172102144,916436210656878622,1062093180511735919,1,186665676134547461,13,Zonabros,171455587517857796,208425771172102144,0,,2023-01-17T04:32:44.987000+00:00,true,1440,false,13,11,0,2021-12-03T21:10:19.182000+00:00,false,18,acrooz,