id,activity,application,application_id,attachments,author.accent_color,author.avatar,author.avatar_decoration_data,author.avatar_decoration_data.asset,author.avatar_decoration_data.expires_at,author.avatar_decoration_data.sku_id,author.banner,author.banner_color,author.clan,author.clan.badge,author.clan.identity_enabled,author.clan.identity_guild_id,author.clan.tag,author.collectibles,author.discriminator,author.display_name_styles,author.flags,author.global_name,author.id,author.primary_guild,author.primary_guild.badge,author.primary_guild.identity_enabled,author.primary_guild.identity_guild_id,author.primary_guild.tag,author.public_flags,author.username,call,channel_id,components,content,date,edited_timestamp,embeds,flags,interaction,mention_channels,mention_everyone,mentions,mentions.0.accent_color,mentions.0.avatar,mentions.0.avatar_decoration_data,mentions.0.banner,mentions.0.banner_color,mentions.0.clan,mentions.0.collectibles,mentions.0.discriminator,mentions.0.display_name_styles,mentions.0.flags,mentions.0.global_name,mentions.0.id,mentions.0.primary_guild,mentions.0.public_flags,mentions.0.username,mentions.1.accent_color,mentions.1.avatar,mentions.1.avatar_decoration_data,mentions.1.banner,mentions.1.banner_color,mentions.1.clan,mentions.1.collectibles,mentions.1.discriminator,mentions.1.display_name_styles,mentions.1.flags,mentions.1.global_name,mentions.1.id,mentions.1.primary_guild,mentions.1.public_flags,mentions.1.username,mentions.2.accent_color,mentions.2.avatar,mentions.2.avatar_decoration_data.asset,mentions.2.avatar_decoration_data.expires_at,mentions.2.avatar_decoration_data.sku_id,mentions.2.banner,mentions.2.banner_color,mentions.2.clan,mentions.2.collectibles,mentions.2.discriminator,mentions.2.display_name_styles,mentions.2.flags,mentions.2.global_name,mentions.2.id,mentions.2.primary_guild,mentions.2.public_flags,mentions.2.username,message_reference,message_reference.channel_id,message_reference.guild_id,message_reference.message_id,message_reference.type,nonce,pinned,position,reactions,reactions.0.burst_colors,reactions.0.burst_count,reactions.0.burst_me,reactions.0.count,reactions.0.count_details.burst,reactions.0.count_details.normal,reactions.0.emoji.animated,reactions.0.emoji.id,reactions.0.emoji.name,reactions.0.me,reactions.0.me_burst,referenced_message,referenced_message.attachments,referenced_message.author.accent_color,referenced_message.author.avatar,referenced_message.author.avatar_decoration_data,referenced_message.author.banner,referenced_message.author.banner_color,referenced_message.author.clan,referenced_message.author.collectibles,referenced_message.author.discriminator,referenced_message.author.display_name_styles,referenced_message.author.flags,referenced_message.author.global_name,referenced_message.author.id,referenced_message.author.primary_guild,referenced_message.author.public_flags,referenced_message.author.username,referenced_message.channel_id,referenced_message.components,referenced_message.content,referenced_message.edited_timestamp,referenced_message.embeds,referenced_message.flags,referenced_message.id,referenced_message.mention_everyone,referenced_message.mention_roles,referenced_message.mentions,referenced_message.pinned,referenced_message.position,referenced_message.timestamp,referenced_message.tts,referenced_message.type,resolved,role_subscription_data,sticker_items,stickers,thread,thread.bitrate,thread.flags,thread.guild_id,thread.id,thread.last_message_id,thread.member_count,thread.member_ids_preview.0,thread.member_ids_preview.1,thread.member_ids_preview.2,thread.member_ids_preview.3,thread.member_ids_preview.4,thread.message_count,thread.name,thread.owner_id,thread.parent_id,thread.rate_limit_per_user,thread.rtc_region,thread.thread_metadata.archive_timestamp,thread.thread_metadata.archived,thread.thread_metadata.auto_archive_duration,thread.thread_metadata.create_timestamp,thread.thread_metadata.locked,thread.total_message_sent,thread.type,thread.user_limit,timestamp,tts,type,userName,webhook_id
1069085180633030807,,,,,,fd5d7882c963b825e1400c338781c32c,,a_8552f9857793aed0cf816f370e2df3be,,1232071712695386162,,,,,,,,,0,,0,NekoRyan,200067001035653131,,,,,,0,nekoryan,,1068065752801873921,,Prob going to be 10 late,2023-01-29T02:42:49.705Z,,,0,,,false,,,,,,,,,,,,,,,,,,,,,,,,,,,,,,,,,,,,,,,,,,,,,,,,,,,,,,,false,29,,,,,,,,,,,,,,,,,,,,,,,,,,,,,,,,,,,,,,,,,,,,,,,,,,,,,,,,,,,,,,,,,,,,,,,,,,,2023-01-29T02:42:49.705000+00:00,false,0,nekoryan,
1069056078735757343,,,,,,fd5d7882c963b825e1400c338781c32c,,a_8552f9857793aed0cf816f370e2df3be,,1232071712695386162,,,,,,,,,0,,0,NekoRyan,200067001035653131,,,,,,0,nekoryan,,1068065752801873921,,Ahhh my engine has a vacuum leak and I need to reseat the intake manifold so cylinder 5 and 6 stop miss firing,2023-01-29T00:47:11.272Z,,,0,,,false,,,,,,,,,,,,,,,,,,,,,,,,,,,,,,,,,,,,,,,,,,,,,,,,,,,,,,,false,28,,,,,,,,,,,,,,,,,,,,,,,,,,,,,,,,,,,,,,,,,,,,,,,,,,,,,,,,,,,,,,,,,,,,,,,,,,,2023-01-29T00:47:11.272000+00:00,false,0,nekoryan,
1069055845805080656,,,,,,24f4375b862cff2cddeba1c2c28ae90f,,a_be6c77adcaa4aa3ed641f6c78de0dbb8,,1432427447093039205,,,,,,,,,0,,0,Gex,186665676134547461,,,,,,0,gexisangry,,1068065752801873921,,Renounce that statement,2023-01-29T00:46:15.737Z,,,0,,,false,,,,,,,,,,,,,,,,,,,,,,,,,,,,,,,,,,,,,,,,,,,,,,,,,,,,,,,false,27,,,,,,,,,,,,,,,,,,,,,,,,,,,,,,,,,,,,,,,,,,,,,,,,,,,,,,,,,,,,,,,,,,,,,,,,,,,2023-01-29T00:46:15.737000+00:00,false,0,gexisangry,
1069055787562975303,,,,,,24f4375b862cff2cddeba1c2c28ae90f,,a_be6c77adcaa4aa3ed641f6c78de0dbb8,,1432427447093039205,,,,,,,,,0,,0,Gex,186665676134547461,,,,,,0,gexisangry,,1068065752801873921,,You don't know how to change a flat........,2023-01-29T00:46:01.851Z,,,0,,,false,,,,,,,,,,,,,,,,,,,,,,,,,,,,,,,,,,,,,,,,,,,,,,,,,,,,,,,false,26,,,,,,,,,,,,,,,,,,,,,,,,,,,,,,,,,,,,,,,,,,,,,,,,,,,,,,,,,,,,,,,,,,,,,,,,,,,2023-01-29T00:46:01.851000+00:00,false,0,gexisangry,
1069055547585859605,,,,,,fd5d7882c963b825e1400c338781c32c,,a_8552f9857793aed0cf816f370e2df3be,,1232071712695386162,,,,,,,,,0,,0,NekoRyan,200067001035653131,,,,,,0,nekoryan,,1068065752801873921,,I'm really hung over from last night,2023-01-29T00:45:04.636Z,,,0,,,false,,,,,,,,,,,,,,,,,,,,,,,,,,,,,,,,,,,,,,,,,,,,,,,,,,,,,,,false,25,,,,,,,,,,,,,,,,,,,,,,,,,,,,,,,,,,,,,,,,,,,,,,,,,,,,,,,,,,,,,,,,,,,,,,,,,,,2023-01-29T00:45:04.636000+00:00,false,0,nekoryan,
1069055496360820817,,,,,,fd5d7882c963b825e1400c338781c32c,,a_8552f9857793aed0cf816f370e2df3be,,1232071712695386162,,,,,,,,,0,,0,NekoRyan,200067001035653131,,,,,,0,nekoryan,,1068065752801873921,,Ahhh my car has a flat and I don't know how to change itn,2023-01-29T00:44:52.423Z,,,0,,,false,,,,,,,,,,,,,,,,,,,,,,,,,,,,,,,,,,,,,,,,,,,,,,,,,,,,,,,false,24,,,,,,,,,,,,,,,,,,,,,,,,,,,,,,,,,,,,,,,,,,,,,,,,,,,,,,,,,,,,,,,,,,,,,,,,,,,2023-01-29T00:44:52.423000+00:00,false,0,nekoryan,
1069055430917103716,,,,,,fd5d7882c963b825e1400c338781c32c,,a_8552f9857793aed0cf816f370e2df3be,,1232071712695386162,,,,,,,,,0,,0,NekoRyan,200067001035653131,,,,,,0,nekoryan,,1068065752801873921,,Oh no I got kidnapped by a girl on hinge,2023-01-29T00:44:36.820Z,,,0,,,false,,,,,,,,,,,,,,,,,,,,,,,,,,,,,,,,,,,,,,,,,,,,,,,,,,,,,,,false,23,,,,,,,,,,,,,,,,,,,,,,,,,,,,,,,,,,,,,,,,,,,,,,,,,,,,,,,,,,,,,,,,,,,,,,,,,,,2023-01-29T00:44:36.820000+00:00,false,0,nekoryan,
1069055394997096530,,,,,,fd5d7882c963b825e1400c338781c32c,,a_8552f9857793aed0cf816f370e2df3be,,1232071712695386162,,,,,,,,,0,,0,NekoRyan,200067001035653131,,,,,,0,nekoryan,,1068065752801873921,,How will I go top roping,2023-01-29T00:44:28.256Z,,,0,,,false,,,,,,,,,,,,,,,,,,,,,,,,,,,,,,,,,,,,,,,,,,,,,,,,,,,,,,,false,22,,,,,,,,,,,,,,,,,,,,,,,,,,,,,,,,,,,,,,,,,,,,,,,,,,,,,,,,,,,,,,,,,,,,,,,,,,,2023-01-29T00:44:28.256000+00:00,false,0,nekoryan,
1069055373874569298,,,,,,fd5d7882c963b825e1400c338781c32c,,a_8552f9857793aed0cf816f370e2df3be,,1232071712695386162,,,,,,,,,0,,0,NekoRyan,200067001035653131,,,,,,0,nekoryan,,1068065752801873921,,Ahh my legs broken,2023-01-29T00:44:23.220Z,,,0,,,false,,,,,,,,,,,,,,,,,,,,,,,,,,,,,,,,,,,,,,,,,,,,,,,,,,,,,,,false,21,,,,,,,,,,,,,,,,,,,,,,,,,,,,,,,,,,,,,,,,,,,,,,,,,,,,,,,,,,,,,,,,,,,,,,,,,,,2023-01-29T00:44:23.220000+00:00,false,0,nekoryan,
1068998570881073292,,,,,,438f329cf77c137086671b969a39d2b1,,,,,,,,,,491296025953173514,,,0,,0,yuzka,528096854831792159,,,,491296025953173514,,0,yuzka,,1068065752801873921,,you're telling me to go top roping with you guys and get you sick,2023-01-28T20:58:40.331Z,,,0,,,false,,,,,,,,,,,,,,,,,,,,,,,,,,,,,,,,,,,,,,,,,,,,,,,,,,,,,,,false,20,,,0,false,4,0,4,true,680546963183370371,yesnod,true,false,,,,,,,,,,,,,,,,,,,,,,,,,,,,,,,,,,,,,,,,,,,,,,,,,,,,,,,,,,,,,,,2023-01-28T20:58:40.331000+00:00,false,0,yuzka,
1068998470486204457,,,,,,2f6ca3c05030fc9aab3c3d5ba3ef8d3a,,,,,,,,,,,,,0,,0,Jerred,160509172704739328,,,,,,0,sjerred,,1068065752801873921,,hirza is really bad at making excuses,2023-01-28T20:58:16.395Z,,,0,,,false,,,,,,,,,,,,,,,,,,,,,,,,,,,,,,,,,,,,,,,,,,,,,,,,,,,,,,,false,19,,,,,,,,,,,,,,,,,,,,,,,,,,,,,,,,,,,,,,,,,,,,,,,,,,,,,,,,,,,,,,,,,,,,,,,,,,,2023-01-28T20:58:16.395000+00:00,false,0,sjerred,
1068998434683621406,,,,,,2f6ca3c05030fc9aab3c3d5ba3ef8d3a,,,,,,,,,,,,,0,,0,Jerred,160509172704739328,,,,,,0,sjerred,,1068065752801873921,,:/,2023-01-28T20:58:07.859Z,,,0,,,false,,,,,,,,,,,,,,,,,,,,,,,,,,,,,,,,,,,,,,,,,,,,,,,,,,,,,,,false,18,,,,,,,,,,,,,,,,,,,,,,,,,,,,,,,,,,,,,,,,,,,,,,,,,,,,,,,,,,,,,,,,,,,,,,,,,,,2023-01-28T20:58:07.859000+00:00,false,0,sjerred,
1068996564456067182,,,,,,438f329cf77c137086671b969a39d2b1,,,,,,,,,,491296025953173514,,,0,,0,yuzka,528096854831792159,,,,491296025953173514,,0,yuzka,,1068065752801873921,,But I'm like sick rn so I can't,2023-01-28T20:50:41.962Z,,,0,,,false,,,,,,,,,,,,,,,,,,,,,,,,,,,,,,,,,,,,,,,,,,,,,,,,,,,,,,,false,17,,,,,,,,,,,,,,,,,,,,,,,,,,,,,,,,,,,,,,,,,,,,,,,,,,,,,,,,,,,,,,,,,,,,,,,,,,,2023-01-28T20:50:41.962000+00:00,false,0,yuzka,
1068996539185385595,,,,,,438f329cf77c137086671b969a39d2b1,,,,,,,,,,491296025953173514,,,0,,0,yuzka,528096854831792159,,,,491296025953173514,,0,yuzka,,1068065752801873921,,Yeah I would totally go guys,2023-01-28T20:50:35.937Z,,,0,,,false,,,,,,,,,,,,,,,,,,,,,,,,,,,,,,,,,,,,,,,,,,,,,,,,,,,,,,,false,16,,,,,,,,,,,,,,,,,,,,,,,,,,,,,,,,,,,,,,,,,,,,,,,,,,,,,,,,,,,,,,,,,,,,,,,,,,,2023-01-28T20:50:35.937000+00:00,false,0,yuzka,
1068989025576300595,,,,,,2f6ca3c05030fc9aab3c3d5ba3ef8d3a,,,,,,,,,,,,,0,,0,Jerred,160509172704739328,,,,,,0,sjerred,,1068065752801873921,,they got bouldering too,2023-01-28T20:20:44.553Z,,,0,,,false,,,,,,,,,,,,,,,,,,,,,,,,,,,,,,,,,,,,,,,,,,,,,,,,,,,,,,,false,15,,,,,,,,,,,,,,,,,,,,,,,,,,,,,,,,,,,,,,,,,,,,,,,,,,,,,,,,,,,,,,,,,,,,,,,,,,,2023-01-28T20:20:44.553000+00:00,false,0,sjerred,
1068988908311945246,,,,,,2f6ca3c05030fc9aab3c3d5ba3ef8d3a,,,,,,,,,,,,,0,,0,Jerred,160509172704739328,,,,,,0,sjerred,,1068065752801873921,,"a day pass is $21, and you'll need to rent a harness for $5",2023-01-28T20:20:16.595Z,,,0,,,false,,,,,,,,,,,,,,,,,,,,,,,,,,,,,,,,,,,,,,,,,,,,,,,,,,,,,,,false,14,,,0,false,1,0,1,,942189556269187152,sulley_oof,false,false,,,,,,,,,,,,,,,,,,,,,,,,,,,,,,,,,,,,,,,,,,,,,,,,,,,,,,,,,,,,,,,2023-01-28T20:20:16.595000+00:00,false,0,sjerred,
1068988745799450684,,,,,,28912437e0390d34d050af4b1a730171,,,,,,,,,,,,,0,,0,Virmel,208425244128444418,,,,,,0,virmel,,1068065752801873921,,how much is top roping,2023-01-28T20:19:37.849Z,,,0,,,false,,,,,,,,,,,,,,,,,,,,,,,,,,,,,,,,,,,,,,,,,,,,,,,,,,,,,,,false,13,,,,,,,,,,,,,,,,,,,,,,,,,,,,,,,,,,,,,,,,,,,,,,,,,,,,,,,,,,,,,,,,,,,,,,,,,,,2023-01-28T20:19:37.849000+00:00,false,0,virmel,
1068986934057250977,,,,,,2f6ca3c05030fc9aab3c3d5ba3ef8d3a,,,,,,,,,,,,,0,,0,Jerred,160509172704739328,,,,,,0,sjerred,,1068065752801873921,,yeah that works great for me actually,2023-01-28T20:12:25.896Z,,,0,,,false,,,,,,,,,,,,,,,,,,,,,,,,,,,,,,,,,,,,,,,,,,,,,,,,,,,,,,,false,12,,,,,,,,,,,,,,,,,,,,,,,,,,,,,,,,,,,,,,,,,,,,,,,,,,,,,,,,,,,,,,,,,,,,,,,,,,,2023-01-28T20:12:25.896000+00:00,false,0,sjerred,
1068986482506858596,,,,,,42595d65ea5f89086c8b516f56203bbf,,,,,,,,,,,,,0,,0,Justin,189534213391908865,,,,,,0,skiup,,1068065752801873921,,this is a conflict with vue,2023-01-28T20:10:38.238Z,,,0,,,false,,,2f6ca3c05030fc9aab3c3d5ba3ef8d3a,,,,,,0,,0,Jerred,160509172704739328,,0,sjerred,,,,,,,,,,,,,,,,,,,,,,,,,,,,,,,,,,1068065752801873921,208425771172102144,1068977750309867610,0,,false,11,,,,,,,,,,,,,,,,2f6ca3c05030fc9aab3c3d5ba3ef8d3a,,,,,,0,,0,Jerred,160509172704739328,,0,sjerred,1068065752801873921,,we're going at 7pm,2023-01-28T19:35:57.533000+00:00,,0,1068977750309867610,false,,,false,9,2023-01-28T19:35:56.320000+00:00,false,0,,,,,,,,,,,,,,,,,,,,,,,,,,,,,,,2023-01-28T20:10:38.238000+00:00,false,19,skiup,
1068986265011228703,,,,,,7f62a5779122a8c4fe7ccaedc93b4843,,,,,,,,f9ebf2a3b9ad57f4a58d0d88043a4aa6,true,679875946597056683,VAL,,0,,0,Nosmirc,121887985896521732,,f9ebf2a3b9ad57f4a58d0d88043a4aa6,true,679875946597056683,VAL,0,nosmirc,,1068065752801873921,,That means you can come to bouldering at 10am right?,2023-01-28T20:09:46.383Z,,,0,,,false,,,,,,,,,,,,,,,,,,,,,,,,,,,,,,,,,,,,,,,,,,,,,,,,,,,,,,,false,10,,,,,,,,,,,,,,,,,,,,,,,,,,,,,,,,,,,,,,,,,,,,,,,,,,,,,,,,,,,,,,,,,,,,,,,,,,,2023-01-28T20:09:46.383000+00:00,false,0,nosmirc,
1068977750309867610,,,,,,2f6ca3c05030fc9aab3c3d5ba3ef8d3a,,,,,,,,,,,,,0,,0,Jerred,160509172704739328,,,,,,0,sjerred,,1068065752801873921,,we're going at 7pm,2023-01-28T19:35:56.320Z,2023-01-28T19:35:57.533000+00:00,,0,,,false,,,,,,,,,,,,,,,,,,,,,,,,,,,,,,,,,,,,,,,,,,,,,,,,,,,,,,,false,9,,,,,,,,,,,,,,,,,,,,,,,,,,,,,,,,,,,,,,,,,,,,,,,,,,,,,,,,,,,,,,,,,,,,,,,,,,,2023-01-28T19:35:56.320000+00:00,false,0,sjerred,
1068270537731756032,,,,,,2f6ca3c05030fc9aab3c3d5ba3ef8d3a,,,,,,,,,,,,,0,,0,Jerred,160509172704739328,,,,,,0,sjerred,,1068065752801873921,,<@&1063180490464567437> just in case anyone else is interested in roping,2023-01-26T20:45:43.702Z,,,0,,,false,,,,,,,,,,,,,,,,,,,,,,,,,,,,,,,,,,,,,,,,,,,,,,,,,,,,,,,false,4,,,,,,,,,,,,,,,,,,,,,,,,,,,,,,,,,,,,,,,,,,,,,,,,,,,,,,,,,,,,,,,,,,,,,,,,,,,2023-01-26T20:45:43.702000+00:00,false,0,sjerred,
1068210390493835274,,,,,,2f6ca3c05030fc9aab3c3d5ba3ef8d3a,,,,,,,,,,,,,0,,0,Jerred,160509172704739328,,,,,,0,sjerred,,1068065752801873921,,right?,2023-01-26T16:46:43.483Z,,,0,,,false,,,,,,,,,,,,,,,,,,,,,,,,,,,,,,,,,,,,,,,,,,,,,,,,,,,,,,,false,3,,,,,,,,,,,,,,,,,,,,,,,,,,,,,,,,,,,,,,,,,,,,,,,,,,,,,,,,,,,,,,,,,,,,,,,,,,,2023-01-26T16:46:43.483000+00:00,false,0,sjerred,
1068210374354157638,,,,,,2f6ca3c05030fc9aab3c3d5ba3ef8d3a,,,,,,,,,,,,,0,,0,Jerred,160509172704739328,,,,,,0,sjerred,,1068065752801873921,,you love top roping,2023-01-26T16:46:39.635Z,,,0,,,false,,,,,,,,,,,,,,,,,,,,,,,,,,,,,,,,,,,,,,,,,,,,,,,,,,,,,,,false,2,,,,,,,,,,,,,,,,,,,,,,,,,,,,,,,,,,,,,,,,,,,,,,,,,,,,,,,,,,,,,,,,,,,,,,,,,,,2023-01-26T16:46:39.635000+00:00,false,0,sjerred,
1068065826378354688,,,,,,42595d65ea5f89086c8b516f56203bbf,,,,,,,,,,,,,0,,0,Justin,189534213391908865,,,,,,0,skiup,,1068065752801873921,,?,2023-01-26T07:12:16.712Z,,,0,,,false,,,,,,,,,,,,,,,,,,,,,,,,,,,,,,,,,,,,,,,,,,,,,,,,,,,,,,,false,1,,,,,,,,,,,,,,,,,,,,,,,,,,,,,,,,,,,,,,,,,,,,,,,,,,,,,,,,,,,,,,,,,,,,,,,,,,,2023-01-26T07:12:16.712000+00:00,false,0,skiup,
1068065756501266453,,,,,,2f6ca3c05030fc9aab3c3d5ba3ef8d3a,,,,,,,,,,,,,0,,0,Jerred,160509172704739328,,,,,,0,sjerred,,1068065752801873921,,<@208425244128444418> <@200067001035653131> <@189534213391908865>,2023-01-26T07:12:00.052Z,,,0,,,false,,,42595d65ea5f89086c8b516f56203bbf,,,,,,0,,0,Justin,189534213391908865,,0,skiup,,28912437e0390d34d050af4b1a730171,,,,,,0,,0,Virmel,208425244128444418,,0,virmel,,fd5d7882c963b825e1400c338781c32c,a_8552f9857793aed0cf816f370e2df3be,,1232071712695386162,,,,,0,,0,NekoRyan,200067001035653131,,0,nekoryan,,,,,,,false,,,,,,,,,,,,,,,,,,,,,,,,,,,,,,,,,,,,,,,,,,,,,,,,,,,,,,,,,,,,,,,,,,,,,,,,,,,,2023-01-26T07:12:00.052000+00:00,false,0,sjerred,
1068065752801873921,,,,,,2f6ca3c05030fc9aab3c3d5ba3ef8d3a,,,,,,,,,,,,,0,,0,Jerred,160509172704739328,,,,,,0,sjerred,,208425771172102144,,top roping saturday 1/28,2023-01-26T07:11:59.170Z,,,32,,,false,,,,,,,,,,,,,,,,,,,,,,,,,,,,,,,,,,,,,,,,,,,,,,,,,,1068065752801873921,208425771172102144,,0,,false,,,,,,,,,,,,,,,,,,,,,,,,,,,,,,,,,,,,,,,,,,,,,,,,,,,64000,0,208425771172102144,1068065752801873921,1069085180633030807,9,200067001035653131,208425244128444418,192392483383017472,189534213391908865,186665676134547461,30,🧗🏻 top roping saturday 1/28,160509172704739328,208425771172102144,0,,2023-01-29T17:31:54.901000+00:00,true,4320,2023-01-26T07:11:59.170000+00:00,false,30,11,0,2023-01-26T07:11:59.170000+00:00,false,18,sjerred,